chain	ted_id	mode	kind	shift
AF-A0A7U4P8C3-F1-model_v4	AF-A0A7U4P8C3-F1-model_v4_TED01	afdb	start	0
AF-A0A7U4P8C3-F1-model_v4	AF-A0A7U4P8C3-F1-model_v4_TED01	afdb	end	0
AF-A0A7U4P8C3-F1-model_v4	AF-A0A7U4P8C3-F1-model_v4_TED01	esm	start	4
AF-A0A7U4P8C3-F1-model_v4	AF-A0A7U4P8C3-F1-model_v4_TED01	esm	end	1
AF-A0A4Q7ZT14-F1-model_v4	AF-A0A4Q7ZT14-F1-model_v4_TED01	afdb	start	0
AF-A0A4Q7ZT14-F1-model_v4	AF-A0A4Q7ZT14-F1-model_v4_TED01	afdb	end	0
AF-A0A4Q7ZT14-F1-model_v4	AF-A0A4Q7ZT14-F1-model_v4_TED02	afdb	start	0
AF-A0A4Q7ZT14-F1-model_v4	AF-A0A4Q7ZT14-F1-model_v4_TED02	afdb	end	0
AF-A0A4Q7ZT14-F1-model_v4	AF-A0A4Q7ZT14-F1-model_v4_TED02	afdb	start	0
AF-A0A4Q7ZT14-F1-model_v4	AF-A0A4Q7ZT14-F1-model_v4_TED02	afdb	end	0
AF-A0A4Q7ZT14-F1-model_v4	AF-A0A4Q7ZT14-F1-model_v4_TED01	esm	start	3
AF-A0A4Q7ZT14-F1-model_v4	AF-A0A4Q7ZT14-F1-model_v4_TED01	esm	end	-14
AF-A0A4Q7ZT14-F1-model_v4	AF-A0A4Q7ZT14-F1-model_v4_TED02	esm	start	0
AF-A0A4Q7ZT14-F1-model_v4	AF-A0A4Q7ZT14-F1-model_v4_TED02	esm	end	13
AF-A0A4Q7ZT14-F1-model_v4	AF-A0A4Q7ZT14-F1-model_v4_TED02	esm	start	2
AF-A0A4Q7ZT14-F1-model_v4	AF-A0A4Q7ZT14-F1-model_v4_TED02	esm	end	0
AF-A0A4R1MDM0-F1-model_v4	AF-A0A4R1MDM0-F1-model_v4_TED01	afdb	start	0
AF-A0A4R1MDM0-F1-model_v4	AF-A0A4R1MDM0-F1-model_v4_TED01	afdb	end	0
AF-A0A4R1MDM0-F1-model_v4	AF-A0A4R1MDM0-F1-model_v4_TED01	esm	start	0
AF-A0A4R1MDM0-F1-model_v4	AF-A0A4R1MDM0-F1-model_v4_TED01	esm	end	-1
AF-A0A3D8J9A5-F1-model_v4	AF-A0A3D8J9A5-F1-model_v4_TED01	afdb	start	0
AF-A0A3D8J9A5-F1-model_v4	AF-A0A3D8J9A5-F1-model_v4_TED01	afdb	end	0
AF-A0A3D8J9A5-F1-model_v4	AF-A0A3D8J9A5-F1-model_v4_TED01	afdb	start	0
AF-A0A3D8J9A5-F1-model_v4	AF-A0A3D8J9A5-F1-model_v4_TED01	afdb	end	0
AF-A0A3D8J9A5-F1-model_v4	AF-A0A3D8J9A5-F1-model_v4_TED02	afdb	start	0
AF-A0A3D8J9A5-F1-model_v4	AF-A0A3D8J9A5-F1-model_v4_TED02	afdb	end	0
AF-A0A3D8J9A5-F1-model_v4	AF-A0A3D8J9A5-F1-model_v4_TED01	esm	start	0
AF-A0A3D8J9A5-F1-model_v4	AF-A0A3D8J9A5-F1-model_v4_TED01	esm	end	0
AF-A0A3D8J9A5-F1-model_v4	AF-A0A3D8J9A5-F1-model_v4_TED01	esm	start	0
AF-A0A3D8J9A5-F1-model_v4	AF-A0A3D8J9A5-F1-model_v4_TED01	esm	end	0
AF-A0A3D8J9A5-F1-model_v4	AF-A0A3D8J9A5-F1-model_v4_TED02	esm	start	0
AF-A0A3D8J9A5-F1-model_v4	AF-A0A3D8J9A5-F1-model_v4_TED02	esm	end	-2
AF-M3YTJ4-F1-model_v4	AF-M3YTJ4-F1-model_v4_TED01	afdb	start	0
AF-M3YTJ4-F1-model_v4	AF-M3YTJ4-F1-model_v4_TED01	afdb	end	0
AF-M3YTJ4-F1-model_v4	AF-M3YTJ4-F1-model_v4_TED02	afdb	start	0
AF-M3YTJ4-F1-model_v4	AF-M3YTJ4-F1-model_v4_TED02	afdb	end	0
AF-M3YTJ4-F1-model_v4	AF-M3YTJ4-F1-model_v4_TED01	esm	start	0
AF-M3YTJ4-F1-model_v4	AF-M3YTJ4-F1-model_v4_TED01	esm	end	8
AF-M3YTJ4-F1-model_v4	AF-M3YTJ4-F1-model_v4_TED02	esm	start	26
AF-M3YTJ4-F1-model_v4	AF-M3YTJ4-F1-model_v4_TED02	esm	end	3
AF-A0A2N2H386-F1-model_v4	AF-A0A2N2H386-F1-model_v4_TED01	afdb	start	0
AF-A0A2N2H386-F1-model_v4	AF-A0A2N2H386-F1-model_v4_TED01	afdb	end	0
AF-A0A2N2H386-F1-model_v4	AF-A0A2N2H386-F1-model_v4_TED01	esm	start	0
AF-A0A2N2H386-F1-model_v4	AF-A0A2N2H386-F1-model_v4_TED01	esm	end	0
AF-W4RZV5-F1-model_v4	AF-W4RZV5-F1-model_v4_TED01	afdb	start	0
AF-W4RZV5-F1-model_v4	AF-W4RZV5-F1-model_v4_TED01	afdb	end	0
AF-W4RZV5-F1-model_v4	AF-W4RZV5-F1-model_v4_TED01	esm	start	0
AF-W4RZV5-F1-model_v4	AF-W4RZV5-F1-model_v4_TED01	esm	end	0
AF-A0A397E428-F1-model_v4	AF-A0A397E428-F1-model_v4_TED01	afdb	start	0
AF-A0A397E428-F1-model_v4	AF-A0A397E428-F1-model_v4_TED01	afdb	end	0
AF-A0A397E428-F1-model_v4	AF-A0A397E428-F1-model_v4_TED02	afdb	start	0
AF-A0A397E428-F1-model_v4	AF-A0A397E428-F1-model_v4_TED02	afdb	end	0
AF-A0A397E428-F1-model_v4	AF-A0A397E428-F1-model_v4_TED01	esm	start	-11
AF-A0A397E428-F1-model_v4	AF-A0A397E428-F1-model_v4_TED01	esm	end	0
AF-A0A397E428-F1-model_v4	AF-A0A397E428-F1-model_v4_TED02	esm	start	-2
AF-A0A397E428-F1-model_v4	AF-A0A397E428-F1-model_v4_TED02	esm	end	0
AF-A0A1C5N879-F1-model_v4	AF-A0A1C5N879-F1-model_v4_TED01	afdb	start	0
AF-A0A1C5N879-F1-model_v4	AF-A0A1C5N879-F1-model_v4_TED01	afdb	end	0
AF-A0A1C5N879-F1-model_v4	AF-A0A1C5N879-F1-model_v4_TED01	esm	start	-23
AF-A0A1C5N879-F1-model_v4	AF-A0A1C5N879-F1-model_v4_TED01	esm	end	10
AF-A0A4R6GL19-F1-model_v4	AF-A0A4R6GL19-F1-model_v4_TED01	afdb	start	0
AF-A0A4R6GL19-F1-model_v4	AF-A0A4R6GL19-F1-model_v4_TED01	afdb	end	0
AF-A0A4R6GL19-F1-model_v4	AF-A0A4R6GL19-F1-model_v4_TED01	esm	start	-5
AF-A0A4R6GL19-F1-model_v4	AF-A0A4R6GL19-F1-model_v4_TED01	esm	end	1
AF-A0A0B5I6Q3-F1-model_v4	AF-A0A0B5I6Q3-F1-model_v4_TED01	afdb	start	0
AF-A0A0B5I6Q3-F1-model_v4	AF-A0A0B5I6Q3-F1-model_v4_TED01	afdb	end	0
AF-A0A0B5I6Q3-F1-model_v4	AF-A0A0B5I6Q3-F1-model_v4_TED02	afdb	start	0
AF-A0A0B5I6Q3-F1-model_v4	AF-A0A0B5I6Q3-F1-model_v4_TED02	afdb	end	0
AF-A0A0B5I6Q3-F1-model_v4	AF-A0A0B5I6Q3-F1-model_v4_TED01	esm	start	2
AF-A0A0B5I6Q3-F1-model_v4	AF-A0A0B5I6Q3-F1-model_v4_TED01	esm	end	-9
AF-A0A0B5I6Q3-F1-model_v4	AF-A0A0B5I6Q3-F1-model_v4_TED02	esm	start	0
AF-A0A0B5I6Q3-F1-model_v4	AF-A0A0B5I6Q3-F1-model_v4_TED02	esm	end	0
AF-A0A183JSY1-F1-model_v4	AF-A0A183JSY1-F1-model_v4_TED01	afdb	start	0
AF-A0A183JSY1-F1-model_v4	AF-A0A183JSY1-F1-model_v4_TED01	afdb	end	0
AF-A0A183JSY1-F1-model_v4	AF-A0A183JSY1-F1-model_v4_TED01	afdb	start	0
AF-A0A183JSY1-F1-model_v4	AF-A0A183JSY1-F1-model_v4_TED01	afdb	end	0
AF-A0A183JSY1-F1-model_v4	AF-A0A183JSY1-F1-model_v4_TED01	esm	start	0
AF-A0A183JSY1-F1-model_v4	AF-A0A183JSY1-F1-model_v4_TED01	esm	end	-2
AF-A0A183JSY1-F1-model_v4	AF-A0A183JSY1-F1-model_v4_TED01	esm	start	-6
AF-A0A183JSY1-F1-model_v4	AF-A0A183JSY1-F1-model_v4_TED01	esm	end	3
AF-A0A640T5L1-F1-model_v4	AF-A0A640T5L1-F1-model_v4_TED01	afdb	start	0
AF-A0A640T5L1-F1-model_v4	AF-A0A640T5L1-F1-model_v4_TED01	afdb	end	0
AF-A0A640T5L1-F1-model_v4	AF-A0A640T5L1-F1-model_v4_TED01	afdb	start	0
AF-A0A640T5L1-F1-model_v4	AF-A0A640T5L1-F1-model_v4_TED01	afdb	end	0
AF-A0A640T5L1-F1-model_v4	AF-A0A640T5L1-F1-model_v4_TED01	esm	start	0
AF-A0A640T5L1-F1-model_v4	AF-A0A640T5L1-F1-model_v4_TED01	esm	end	-95
AF-A0A640T5L1-F1-model_v4	AF-A0A640T5L1-F1-model_v4_TED01	esm	start	-106
AF-A0A640T5L1-F1-model_v4	AF-A0A640T5L1-F1-model_v4_TED01	esm	end	0
AF-A1T6L4-F1-model_v4	AF-A1T6L4-F1-model_v4_TED01	afdb	start	0
AF-A1T6L4-F1-model_v4	AF-A1T6L4-F1-model_v4_TED01	afdb	end	0
AF-A1T6L4-F1-model_v4	AF-A1T6L4-F1-model_v4_TED01	afdb	start	0
AF-A1T6L4-F1-model_v4	AF-A1T6L4-F1-model_v4_TED01	afdb	end	0
AF-A1T6L4-F1-model_v4	AF-A1T6L4-F1-model_v4_TED01	esm	start	0
AF-A1T6L4-F1-model_v4	AF-A1T6L4-F1-model_v4_TED01	esm	end	-115
AF-A1T6L4-F1-model_v4	AF-A1T6L4-F1-model_v4_TED01	esm	start	-122
AF-A1T6L4-F1-model_v4	AF-A1T6L4-F1-model_v4_TED01	esm	end	0
AF-A0A814TAU9-F1-model_v4	AF-A0A814TAU9-F1-model_v4_TED01	afdb	start	0
AF-A0A814TAU9-F1-model_v4	AF-A0A814TAU9-F1-model_v4_TED01	afdb	end	0
AF-A0A814TAU9-F1-model_v4	AF-A0A814TAU9-F1-model_v4_TED02	afdb	start	0
AF-A0A814TAU9-F1-model_v4	AF-A0A814TAU9-F1-model_v4_TED02	afdb	end	0
AF-A0A814TAU9-F1-model_v4	AF-A0A814TAU9-F1-model_v4_TED01	esm	start	-1
AF-A0A814TAU9-F1-model_v4	AF-A0A814TAU9-F1-model_v4_TED01	esm	end	0
AF-A0A814TAU9-F1-model_v4	AF-A0A814TAU9-F1-model_v4_TED02	esm	start	-1
AF-A0A814TAU9-F1-model_v4	AF-A0A814TAU9-F1-model_v4_TED02	esm	end	0
AF-A0A2Y1TUW8-F1-model_v4	AF-A0A2Y1TUW8-F1-model_v4_TED01	afdb	start	0
AF-A0A2Y1TUW8-F1-model_v4	AF-A0A2Y1TUW8-F1-model_v4_TED01	afdb	end	0
AF-A0A2Y1TUW8-F1-model_v4	AF-A0A2Y1TUW8-F1-model_v4_TED02	afdb	start	0
AF-A0A2Y1TUW8-F1-model_v4	AF-A0A2Y1TUW8-F1-model_v4_TED02	afdb	end	0
AF-A0A2Y1TUW8-F1-model_v4	AF-A0A2Y1TUW8-F1-model_v4_TED03	afdb	start	0
AF-A0A2Y1TUW8-F1-model_v4	AF-A0A2Y1TUW8-F1-model_v4_TED03	afdb	end	0
AF-A0A2Y1TUW8-F1-model_v4	AF-A0A2Y1TUW8-F1-model_v4_TED01	esm	start	0
AF-A0A2Y1TUW8-F1-model_v4	AF-A0A2Y1TUW8-F1-model_v4_TED01	esm	end	0
AF-A0A2Y1TUW8-F1-model_v4	AF-A0A2Y1TUW8-F1-model_v4_TED02	esm	start	-1
AF-A0A2Y1TUW8-F1-model_v4	AF-A0A2Y1TUW8-F1-model_v4_TED02	esm	end	0
AF-A0A2Y1TUW8-F1-model_v4	AF-A0A2Y1TUW8-F1-model_v4_TED03	esm	start	0
AF-A0A2Y1TUW8-F1-model_v4	AF-A0A2Y1TUW8-F1-model_v4_TED03	esm	end	0
AF-A0A355G2V5-F1-model_v4	AF-A0A355G2V5-F1-model_v4_TED01	afdb	start	0
AF-A0A355G2V5-F1-model_v4	AF-A0A355G2V5-F1-model_v4_TED01	afdb	end	0
AF-A0A355G2V5-F1-model_v4	AF-A0A355G2V5-F1-model_v4_TED01	afdb	start	0
AF-A0A355G2V5-F1-model_v4	AF-A0A355G2V5-F1-model_v4_TED01	afdb	end	0
AF-A0A355G2V5-F1-model_v4	AF-A0A355G2V5-F1-model_v4_TED02	afdb	start	0
AF-A0A355G2V5-F1-model_v4	AF-A0A355G2V5-F1-model_v4_TED02	afdb	end	0
AF-A0A355G2V5-F1-model_v4	AF-A0A355G2V5-F1-model_v4_TED01	esm	start	0
AF-A0A355G2V5-F1-model_v4	AF-A0A355G2V5-F1-model_v4_TED01	esm	end	0
AF-A0A355G2V5-F1-model_v4	AF-A0A355G2V5-F1-model_v4_TED01	esm	start	0
AF-A0A355G2V5-F1-model_v4	AF-A0A355G2V5-F1-model_v4_TED01	esm	end	0
AF-A0A355G2V5-F1-model_v4	AF-A0A355G2V5-F1-model_v4_TED02	esm	start	0
AF-A0A355G2V5-F1-model_v4	AF-A0A355G2V5-F1-model_v4_TED02	esm	end	0
AF-A0A7K9KN67-F1-model_v4	AF-A0A7K9KN67-F1-model_v4_TED01	afdb	start	0
AF-A0A7K9KN67-F1-model_v4	AF-A0A7K9KN67-F1-model_v4_TED01	afdb	end	0
AF-A0A7K9KN67-F1-model_v4	AF-A0A7K9KN67-F1-model_v4_TED02	afdb	start	0
AF-A0A7K9KN67-F1-model_v4	AF-A0A7K9KN67-F1-model_v4_TED02	afdb	end	0
AF-A0A7K9KN67-F1-model_v4	AF-A0A7K9KN67-F1-model_v4_TED03	afdb	start	0
AF-A0A7K9KN67-F1-model_v4	AF-A0A7K9KN67-F1-model_v4_TED03	afdb	end	0
AF-A0A7K9KN67-F1-model_v4	AF-A0A7K9KN67-F1-model_v4_TED04	afdb	start	0
AF-A0A7K9KN67-F1-model_v4	AF-A0A7K9KN67-F1-model_v4_TED04	afdb	end	0
AF-A0A7K9KN67-F1-model_v4	AF-A0A7K9KN67-F1-model_v4_TED04	afdb	start	0
AF-A0A7K9KN67-F1-model_v4	AF-A0A7K9KN67-F1-model_v4_TED04	afdb	end	0
AF-A0A7K9KN67-F1-model_v4	AF-A0A7K9KN67-F1-model_v4_TED01	esm	start	-3
AF-A0A7K9KN67-F1-model_v4	AF-A0A7K9KN67-F1-model_v4_TED01	esm	end	0
AF-A0A7K9KN67-F1-model_v4	AF-A0A7K9KN67-F1-model_v4_TED02	esm	start	0
AF-A0A7K9KN67-F1-model_v4	AF-A0A7K9KN67-F1-model_v4_TED02	esm	end	-1
AF-A0A7K9KN67-F1-model_v4	AF-A0A7K9KN67-F1-model_v4_TED03	esm	start	0
AF-A0A7K9KN67-F1-model_v4	AF-A0A7K9KN67-F1-model_v4_TED03	esm	end	0
AF-A0A7K9KN67-F1-model_v4	AF-A0A7K9KN67-F1-model_v4_TED04	esm	start	0
AF-A0A7K9KN67-F1-model_v4	AF-A0A7K9KN67-F1-model_v4_TED04	esm	end	3
AF-A0A7K9KN67-F1-model_v4	AF-A0A7K9KN67-F1-model_v4_TED04	esm	start	-1
AF-A0A7K9KN67-F1-model_v4	AF-A0A7K9KN67-F1-model_v4_TED04	esm	end	15
AF-A0A3C1CDX7-F1-model_v4	AF-A0A3C1CDX7-F1-model_v4_TED01	afdb	start	0
AF-A0A3C1CDX7-F1-model_v4	AF-A0A3C1CDX7-F1-model_v4_TED01	afdb	end	0
AF-A0A3C1CDX7-F1-model_v4	AF-A0A3C1CDX7-F1-model_v4_TED02	afdb	start	0
AF-A0A3C1CDX7-F1-model_v4	AF-A0A3C1CDX7-F1-model_v4_TED02	afdb	end	0
AF-A0A3C1CDX7-F1-model_v4	AF-A0A3C1CDX7-F1-model_v4_TED01	esm	start	0
AF-A0A3C1CDX7-F1-model_v4	AF-A0A3C1CDX7-F1-model_v4_TED01	esm	end	0
AF-A0A3C1CDX7-F1-model_v4	AF-A0A3C1CDX7-F1-model_v4_TED02	esm	start	0
AF-A0A3C1CDX7-F1-model_v4	AF-A0A3C1CDX7-F1-model_v4_TED02	esm	end	0
AF-A0A6P0PWG2-F1-model_v4	AF-A0A6P0PWG2-F1-model_v4_TED01	afdb	start	0
AF-A0A6P0PWG2-F1-model_v4	AF-A0A6P0PWG2-F1-model_v4_TED01	afdb	end	0
AF-A0A6P0PWG2-F1-model_v4	AF-A0A6P0PWG2-F1-model_v4_TED01	esm	start	0
AF-A0A6P0PWG2-F1-model_v4	AF-A0A6P0PWG2-F1-model_v4_TED01	esm	end	-6
AF-A0A522QHN1-F1-model_v4	AF-A0A522QHN1-F1-model_v4_TED01	afdb	start	0
AF-A0A522QHN1-F1-model_v4	AF-A0A522QHN1-F1-model_v4_TED01	afdb	end	0
AF-A0A522QHN1-F1-model_v4	AF-A0A522QHN1-F1-model_v4_TED02	afdb	start	0
AF-A0A522QHN1-F1-model_v4	AF-A0A522QHN1-F1-model_v4_TED02	afdb	end	0
AF-A0A522QHN1-F1-model_v4	AF-A0A522QHN1-F1-model_v4_TED03	afdb	start	0
AF-A0A522QHN1-F1-model_v4	AF-A0A522QHN1-F1-model_v4_TED03	afdb	end	0
AF-A0A522QHN1-F1-model_v4	AF-A0A522QHN1-F1-model_v4_TED04	afdb	start	0
AF-A0A522QHN1-F1-model_v4	AF-A0A522QHN1-F1-model_v4_TED04	afdb	end	0
AF-A0A522QHN1-F1-model_v4	AF-A0A522QHN1-F1-model_v4_TED05	afdb	start	0
AF-A0A522QHN1-F1-model_v4	AF-A0A522QHN1-F1-model_v4_TED05	afdb	end	0
AF-A0A522QHN1-F1-model_v4	AF-A0A522QHN1-F1-model_v4_TED06	afdb	start	0
AF-A0A522QHN1-F1-model_v4	AF-A0A522QHN1-F1-model_v4_TED06	afdb	end	0
AF-A0A522QHN1-F1-model_v4	AF-A0A522QHN1-F1-model_v4_TED01	esm	start	-6
AF-A0A522QHN1-F1-model_v4	AF-A0A522QHN1-F1-model_v4_TED01	esm	end	-39
AF-A0A522QHN1-F1-model_v4	AF-A0A522QHN1-F1-model_v4_TED02	esm	start	-7
AF-A0A522QHN1-F1-model_v4	AF-A0A522QHN1-F1-model_v4_TED02	esm	end	1
AF-A0A522QHN1-F1-model_v4	AF-A0A522QHN1-F1-model_v4_TED04	esm	start	-1
AF-A0A522QHN1-F1-model_v4	AF-A0A522QHN1-F1-model_v4_TED04	esm	end	0
AF-A0A522QHN1-F1-model_v4	AF-A0A522QHN1-F1-model_v4_TED05	esm	start	0
AF-A0A522QHN1-F1-model_v4	AF-A0A522QHN1-F1-model_v4_TED05	esm	end	2
AF-A0A522QHN1-F1-model_v4	AF-A0A522QHN1-F1-model_v4_TED06	esm	start	0
AF-A0A522QHN1-F1-model_v4	AF-A0A522QHN1-F1-model_v4_TED06	esm	end	0
AF-A0A1X2BN23-F1-model_v4	AF-A0A1X2BN23-F1-model_v4_TED01	afdb	start	0
AF-A0A1X2BN23-F1-model_v4	AF-A0A1X2BN23-F1-model_v4_TED01	afdb	end	0
AF-A0A1X2BN23-F1-model_v4	AF-A0A1X2BN23-F1-model_v4_TED01	esm	start	0
AF-A0A1X2BN23-F1-model_v4	AF-A0A1X2BN23-F1-model_v4_TED01	esm	end	0
AF-M1WED8-F1-model_v4	AF-M1WED8-F1-model_v4_TED01	afdb	start	0
AF-M1WED8-F1-model_v4	AF-M1WED8-F1-model_v4_TED01	afdb	end	0
AF-M1WED8-F1-model_v4	AF-M1WED8-F1-model_v4_TED01	esm	start	-1
AF-M1WED8-F1-model_v4	AF-M1WED8-F1-model_v4_TED01	esm	end	0
AF-A0A1J6XD61-F1-model_v4	AF-A0A1J6XD61-F1-model_v4_TED01	afdb	start	0
AF-A0A1J6XD61-F1-model_v4	AF-A0A1J6XD61-F1-model_v4_TED01	afdb	end	0
AF-A0A1J6XD61-F1-model_v4	AF-A0A1J6XD61-F1-model_v4_TED02	afdb	start	0
AF-A0A1J6XD61-F1-model_v4	AF-A0A1J6XD61-F1-model_v4_TED02	afdb	end	0
AF-A0A1J6XD61-F1-model_v4	AF-A0A1J6XD61-F1-model_v4_TED03	afdb	start	0
AF-A0A1J6XD61-F1-model_v4	AF-A0A1J6XD61-F1-model_v4_TED03	afdb	end	0
AF-A0A1J6XD61-F1-model_v4	AF-A0A1J6XD61-F1-model_v4_TED04	afdb	start	0
AF-A0A1J6XD61-F1-model_v4	AF-A0A1J6XD61-F1-model_v4_TED04	afdb	end	0
AF-A0A1J6XD61-F1-model_v4	AF-A0A1J6XD61-F1-model_v4_TED01	esm	start	-5
AF-A0A1J6XD61-F1-model_v4	AF-A0A1J6XD61-F1-model_v4_TED01	esm	end	5
AF-A0A1J6XD61-F1-model_v4	AF-A0A1J6XD61-F1-model_v4_TED02	esm	start	0
AF-A0A1J6XD61-F1-model_v4	AF-A0A1J6XD61-F1-model_v4_TED02	esm	end	0
AF-A0A1J6XD61-F1-model_v4	AF-A0A1J6XD61-F1-model_v4_TED03	esm	start	-4
AF-A0A1J6XD61-F1-model_v4	AF-A0A1J6XD61-F1-model_v4_TED03	esm	end	0
AF-A0A832HNR7-F1-model_v4	AF-A0A832HNR7-F1-model_v4_TED01	afdb	start	0
AF-A0A832HNR7-F1-model_v4	AF-A0A832HNR7-F1-model_v4_TED01	afdb	end	0
AF-A0A832HNR7-F1-model_v4	AF-A0A832HNR7-F1-model_v4_TED01	esm	start	29
AF-A0A832HNR7-F1-model_v4	AF-A0A832HNR7-F1-model_v4_TED01	esm	end	0
AF-A0A7J4JYX4-F1-model_v4	AF-A0A7J4JYX4-F1-model_v4_TED01	afdb	start	0
AF-A0A7J4JYX4-F1-model_v4	AF-A0A7J4JYX4-F1-model_v4_TED01	afdb	end	0
AF-A0A7J4JYX4-F1-model_v4	AF-A0A7J4JYX4-F1-model_v4_TED02	afdb	start	0
AF-A0A7J4JYX4-F1-model_v4	AF-A0A7J4JYX4-F1-model_v4_TED02	afdb	end	0
AF-A0A5J6P880-F1-model_v4	AF-A0A5J6P880-F1-model_v4_TED01	afdb	start	0
AF-A0A5J6P880-F1-model_v4	AF-A0A5J6P880-F1-model_v4_TED01	afdb	end	0
AF-A0A5J6P880-F1-model_v4	AF-A0A5J6P880-F1-model_v4_TED01	afdb	start	0
AF-A0A5J6P880-F1-model_v4	AF-A0A5J6P880-F1-model_v4_TED01	afdb	end	0
AF-A0A5J6P880-F1-model_v4	AF-A0A5J6P880-F1-model_v4_TED02	afdb	start	0
AF-A0A5J6P880-F1-model_v4	AF-A0A5J6P880-F1-model_v4_TED02	afdb	end	0
AF-A0A5J6P880-F1-model_v4	AF-A0A5J6P880-F1-model_v4_TED02	afdb	start	0
AF-A0A5J6P880-F1-model_v4	AF-A0A5J6P880-F1-model_v4_TED02	afdb	end	0
AF-A0A5J6P880-F1-model_v4	AF-A0A5J6P880-F1-model_v4_TED02	afdb	start	0
AF-A0A5J6P880-F1-model_v4	AF-A0A5J6P880-F1-model_v4_TED02	afdb	end	0
AF-A0A5J6P880-F1-model_v4	AF-A0A5J6P880-F1-model_v4_TED03	afdb	start	0
AF-A0A5J6P880-F1-model_v4	AF-A0A5J6P880-F1-model_v4_TED03	afdb	end	0
AF-A0A5J6P880-F1-model_v4	AF-A0A5J6P880-F1-model_v4_TED04	afdb	start	0
AF-A0A5J6P880-F1-model_v4	AF-A0A5J6P880-F1-model_v4_TED04	afdb	end	0
AF-A0A5J6P880-F1-model_v4	AF-A0A5J6P880-F1-model_v4_TED01	esm	start	-18
AF-A0A5J6P880-F1-model_v4	AF-A0A5J6P880-F1-model_v4_TED01	esm	end	-46
AF-A0A5J6P880-F1-model_v4	AF-A0A5J6P880-F1-model_v4_TED01	esm	start	54
AF-A0A5J6P880-F1-model_v4	AF-A0A5J6P880-F1-model_v4_TED01	esm	end	0
AF-A0A5J6P880-F1-model_v4	AF-A0A5J6P880-F1-model_v4_TED02	esm	start	110
AF-A0A5J6P880-F1-model_v4	AF-A0A5J6P880-F1-model_v4_TED02	esm	end	100
AF-A0A5J6P880-F1-model_v4	AF-A0A5J6P880-F1-model_v4_TED02	esm	start	2
AF-A0A5J6P880-F1-model_v4	AF-A0A5J6P880-F1-model_v4_TED02	esm	end	8
AF-A0A5J6P880-F1-model_v4	AF-A0A5J6P880-F1-model_v4_TED02	esm	start	-1
AF-A0A5J6P880-F1-model_v4	AF-A0A5J6P880-F1-model_v4_TED02	esm	end	-14
AF-A0A5J6P880-F1-model_v4	AF-A0A5J6P880-F1-model_v4_TED03	esm	start	0
AF-A0A5J6P880-F1-model_v4	AF-A0A5J6P880-F1-model_v4_TED03	esm	end	0
AF-A0A5J6P880-F1-model_v4	AF-A0A5J6P880-F1-model_v4_TED04	esm	start	0
AF-A0A5J6P880-F1-model_v4	AF-A0A5J6P880-F1-model_v4_TED04	esm	end	0
AF-A0A5P9WP65-F1-model_v4	AF-A0A5P9WP65-F1-model_v4_TED01	afdb	start	0
AF-A0A5P9WP65-F1-model_v4	AF-A0A5P9WP65-F1-model_v4_TED01	afdb	end	0
AF-A0A5P9WP65-F1-model_v4	AF-A0A5P9WP65-F1-model_v4_TED01	afdb	start	0
AF-A0A5P9WP65-F1-model_v4	AF-A0A5P9WP65-F1-model_v4_TED01	afdb	end	0
AF-A0A5P9WP65-F1-model_v4	AF-A0A5P9WP65-F1-model_v4_TED02	afdb	start	0
AF-A0A5P9WP65-F1-model_v4	AF-A0A5P9WP65-F1-model_v4_TED02	afdb	end	0
AF-A0A5P9WP65-F1-model_v4	AF-A0A5P9WP65-F1-model_v4_TED03	afdb	start	0
AF-A0A5P9WP65-F1-model_v4	AF-A0A5P9WP65-F1-model_v4_TED03	afdb	end	0
AF-A0A5P9WP65-F1-model_v4	AF-A0A5P9WP65-F1-model_v4_TED04	afdb	start	0
AF-A0A5P9WP65-F1-model_v4	AF-A0A5P9WP65-F1-model_v4_TED04	afdb	end	0
AF-A0A5P9WP65-F1-model_v4	AF-A0A5P9WP65-F1-model_v4_TED01	esm	start	178
AF-A0A5P9WP65-F1-model_v4	AF-A0A5P9WP65-F1-model_v4_TED01	esm	end	156
AF-A0A5P9WP65-F1-model_v4	AF-A0A5P9WP65-F1-model_v4_TED01	esm	start	3
AF-A0A5P9WP65-F1-model_v4	AF-A0A5P9WP65-F1-model_v4_TED01	esm	end	6
AF-A0A5P9WP65-F1-model_v4	AF-A0A5P9WP65-F1-model_v4_TED02	esm	start	1
AF-A0A5P9WP65-F1-model_v4	AF-A0A5P9WP65-F1-model_v4_TED02	esm	end	0
AF-A0A5P9WP65-F1-model_v4	AF-A0A5P9WP65-F1-model_v4_TED03	esm	start	0
AF-A0A5P9WP65-F1-model_v4	AF-A0A5P9WP65-F1-model_v4_TED03	esm	end	1
AF-A0A5P9WP65-F1-model_v4	AF-A0A5P9WP65-F1-model_v4_TED04	esm	start	0
AF-A0A5P9WP65-F1-model_v4	AF-A0A5P9WP65-F1-model_v4_TED04	esm	end	0
AF-A0A1E9ZAL3-F1-model_v4	AF-A0A1E9ZAL3-F1-model_v4_TED01	afdb	start	0
AF-A0A1E9ZAL3-F1-model_v4	AF-A0A1E9ZAL3-F1-model_v4_TED01	afdb	end	0
AF-A0A1E9ZAL3-F1-model_v4	AF-A0A1E9ZAL3-F1-model_v4_TED02	afdb	start	0
AF-A0A1E9ZAL3-F1-model_v4	AF-A0A1E9ZAL3-F1-model_v4_TED02	afdb	end	0
AF-A0A1E9ZAL3-F1-model_v4	AF-A0A1E9ZAL3-F1-model_v4_TED01	esm	start	0
AF-A0A1E9ZAL3-F1-model_v4	AF-A0A1E9ZAL3-F1-model_v4_TED01	esm	end	-6
AF-A0A1E9ZAL3-F1-model_v4	AF-A0A1E9ZAL3-F1-model_v4_TED02	esm	start	-6
AF-A0A1E9ZAL3-F1-model_v4	AF-A0A1E9ZAL3-F1-model_v4_TED02	esm	end	0
AF-A0A7K5IRU5-F1-model_v4	AF-A0A7K5IRU5-F1-model_v4_TED01	afdb	start	0
AF-A0A7K5IRU5-F1-model_v4	AF-A0A7K5IRU5-F1-model_v4_TED01	afdb	end	0
AF-A0A7K5IRU5-F1-model_v4	AF-A0A7K5IRU5-F1-model_v4_TED02	afdb	start	0
AF-A0A7K5IRU5-F1-model_v4	AF-A0A7K5IRU5-F1-model_v4_TED02	afdb	end	0
AF-A0A7K5IRU5-F1-model_v4	AF-A0A7K5IRU5-F1-model_v4_TED03	afdb	start	0
AF-A0A7K5IRU5-F1-model_v4	AF-A0A7K5IRU5-F1-model_v4_TED03	afdb	end	0
AF-A0A7K5IRU5-F1-model_v4	AF-A0A7K5IRU5-F1-model_v4_TED04	afdb	start	0
AF-A0A7K5IRU5-F1-model_v4	AF-A0A7K5IRU5-F1-model_v4_TED04	afdb	end	0
AF-A0A7K5IRU5-F1-model_v4	AF-A0A7K5IRU5-F1-model_v4_TED05	afdb	start	0
AF-A0A7K5IRU5-F1-model_v4	AF-A0A7K5IRU5-F1-model_v4_TED05	afdb	end	0
AF-A0A7K5IRU5-F1-model_v4	AF-A0A7K5IRU5-F1-model_v4_TED05	afdb	start	0
AF-A0A7K5IRU5-F1-model_v4	AF-A0A7K5IRU5-F1-model_v4_TED05	afdb	end	0
AF-A0A7K5IRU5-F1-model_v4	AF-A0A7K5IRU5-F1-model_v4_TED01	esm	start	0
AF-A0A7K5IRU5-F1-model_v4	AF-A0A7K5IRU5-F1-model_v4_TED01	esm	end	0
AF-A0A7K5IRU5-F1-model_v4	AF-A0A7K5IRU5-F1-model_v4_TED02	esm	start	1
AF-A0A7K5IRU5-F1-model_v4	AF-A0A7K5IRU5-F1-model_v4_TED02	esm	end	0
AF-A0A7K5IRU5-F1-model_v4	AF-A0A7K5IRU5-F1-model_v4_TED03	esm	start	-4
AF-A0A7K5IRU5-F1-model_v4	AF-A0A7K5IRU5-F1-model_v4_TED03	esm	end	0
AF-A0A7K5IRU5-F1-model_v4	AF-A0A7K5IRU5-F1-model_v4_TED04	esm	start	0
AF-A0A7K5IRU5-F1-model_v4	AF-A0A7K5IRU5-F1-model_v4_TED04	esm	end	0
AF-A0A7K5IRU5-F1-model_v4	AF-A0A7K5IRU5-F1-model_v4_TED05	esm	start	-1
AF-A0A7K5IRU5-F1-model_v4	AF-A0A7K5IRU5-F1-model_v4_TED05	esm	end	-65
AF-A0A7K5IRU5-F1-model_v4	AF-A0A7K5IRU5-F1-model_v4_TED05	esm	start	-81
AF-A0A7K5IRU5-F1-model_v4	AF-A0A7K5IRU5-F1-model_v4_TED05	esm	end	0
AF-A0A246HS64-F1-model_v4	AF-A0A246HS64-F1-model_v4_TED01	afdb	start	0
AF-A0A246HS64-F1-model_v4	AF-A0A246HS64-F1-model_v4_TED01	afdb	end	0
AF-A0A246HS64-F1-model_v4	AF-A0A246HS64-F1-model_v4_TED02	afdb	start	0
AF-A0A246HS64-F1-model_v4	AF-A0A246HS64-F1-model_v4_TED02	afdb	end	0
AF-A0A246HS64-F1-model_v4	AF-A0A246HS64-F1-model_v4_TED01	esm	start	0
AF-A0A246HS64-F1-model_v4	AF-A0A246HS64-F1-model_v4_TED01	esm	end	8
AF-A0A246HS64-F1-model_v4	AF-A0A246HS64-F1-model_v4_TED02	esm	start	1
AF-A0A246HS64-F1-model_v4	AF-A0A246HS64-F1-model_v4_TED02	esm	end	13
AF-A0A6G3D5I9-F1-model_v4	AF-A0A6G3D5I9-F1-model_v4_TED01	afdb	start	0
AF-A0A6G3D5I9-F1-model_v4	AF-A0A6G3D5I9-F1-model_v4_TED01	afdb	end	0
AF-A0A6G3D5I9-F1-model_v4	AF-A0A6G3D5I9-F1-model_v4_TED01	afdb	start	0
AF-A0A6G3D5I9-F1-model_v4	AF-A0A6G3D5I9-F1-model_v4_TED01	afdb	end	0
AF-A0A6G3D5I9-F1-model_v4	AF-A0A6G3D5I9-F1-model_v4_TED01	esm	start	2
AF-A0A6G3D5I9-F1-model_v4	AF-A0A6G3D5I9-F1-model_v4_TED01	esm	end	3
AF-A0A6G3D5I9-F1-model_v4	AF-A0A6G3D5I9-F1-model_v4_TED01	esm	start	-3
AF-A0A6G3D5I9-F1-model_v4	AF-A0A6G3D5I9-F1-model_v4_TED01	esm	end	0
AF-A0A6N8G8P8-F1-model_v4	AF-A0A6N8G8P8-F1-model_v4_TED01	afdb	start	0
AF-A0A6N8G8P8-F1-model_v4	AF-A0A6N8G8P8-F1-model_v4_TED01	afdb	end	0
AF-A0A6N8G8P8-F1-model_v4	AF-A0A6N8G8P8-F1-model_v4_TED02	afdb	start	0
AF-A0A6N8G8P8-F1-model_v4	AF-A0A6N8G8P8-F1-model_v4_TED02	afdb	end	0
AF-A0A6N8G8P8-F1-model_v4	AF-A0A6N8G8P8-F1-model_v4_TED02	esm	start	-18
AF-A0A6N8G8P8-F1-model_v4	AF-A0A6N8G8P8-F1-model_v4_TED02	esm	end	0
AF-A0A7X9L0K0-F1-model_v4	AF-A0A7X9L0K0-F1-model_v4_TED01	afdb	start	0
AF-A0A7X9L0K0-F1-model_v4	AF-A0A7X9L0K0-F1-model_v4_TED01	afdb	end	0
AF-A0A7X9L0K0-F1-model_v4	AF-A0A7X9L0K0-F1-model_v4_TED01	esm	start	0
AF-A0A7X9L0K0-F1-model_v4	AF-A0A7X9L0K0-F1-model_v4_TED01	esm	end	-1
AF-A0A7D5TE08-F1-model_v4	AF-A0A7D5TE08-F1-model_v4_TED01	afdb	start	0
AF-A0A7D5TE08-F1-model_v4	AF-A0A7D5TE08-F1-model_v4_TED01	afdb	end	0
AF-A0A7D5TE08-F1-model_v4	AF-A0A7D5TE08-F1-model_v4_TED01	afdb	start	0
AF-A0A7D5TE08-F1-model_v4	AF-A0A7D5TE08-F1-model_v4_TED01	afdb	end	0
AF-A0A7D5TE08-F1-model_v4	AF-A0A7D5TE08-F1-model_v4_TED02	afdb	start	0
AF-A0A7D5TE08-F1-model_v4	AF-A0A7D5TE08-F1-model_v4_TED02	afdb	end	0
AF-A0A7D5TE08-F1-model_v4	AF-A0A7D5TE08-F1-model_v4_TED01	esm	start	0
AF-A0A7D5TE08-F1-model_v4	AF-A0A7D5TE08-F1-model_v4_TED01	esm	end	0
AF-A0A7D5TE08-F1-model_v4	AF-A0A7D5TE08-F1-model_v4_TED01	esm	start	0
AF-A0A7D5TE08-F1-model_v4	AF-A0A7D5TE08-F1-model_v4_TED01	esm	end	0
AF-A0A7D5TE08-F1-model_v4	AF-A0A7D5TE08-F1-model_v4_TED02	esm	start	0
AF-A0A7D5TE08-F1-model_v4	AF-A0A7D5TE08-F1-model_v4_TED02	esm	end	-7
AF-G7IWZ6-F1-model_v4	AF-G7IWZ6-F1-model_v4_TED01	afdb	start	0
AF-G7IWZ6-F1-model_v4	AF-G7IWZ6-F1-model_v4_TED01	afdb	end	0
AF-G7IWZ6-F1-model_v4	AF-G7IWZ6-F1-model_v4_TED01	esm	start	1
AF-G7IWZ6-F1-model_v4	AF-G7IWZ6-F1-model_v4_TED01	esm	end	0
AF-A0A1G8DW17-F1-model_v4	AF-A0A1G8DW17-F1-model_v4_TED01	afdb	start	0
AF-A0A1G8DW17-F1-model_v4	AF-A0A1G8DW17-F1-model_v4_TED01	afdb	end	0
AF-A0A1G8DW17-F1-model_v4	AF-A0A1G8DW17-F1-model_v4_TED02	afdb	start	0
AF-A0A1G8DW17-F1-model_v4	AF-A0A1G8DW17-F1-model_v4_TED02	afdb	end	0
AF-A0A1G8DW17-F1-model_v4	AF-A0A1G8DW17-F1-model_v4_TED01	esm	start	137
AF-A0A1G8DW17-F1-model_v4	AF-A0A1G8DW17-F1-model_v4_TED01	esm	end	-4
AF-A0A1G8DW17-F1-model_v4	AF-A0A1G8DW17-F1-model_v4_TED02	esm	start	1
AF-A0A1G8DW17-F1-model_v4	AF-A0A1G8DW17-F1-model_v4_TED02	esm	end	0
AF-A0A6N7Y5M4-F1-model_v4	AF-A0A6N7Y5M4-F1-model_v4_TED01	afdb	start	0
AF-A0A6N7Y5M4-F1-model_v4	AF-A0A6N7Y5M4-F1-model_v4_TED01	afdb	end	0
AF-A0A6N7Y5M4-F1-model_v4	AF-A0A6N7Y5M4-F1-model_v4_TED01	afdb	start	0
AF-A0A6N7Y5M4-F1-model_v4	AF-A0A6N7Y5M4-F1-model_v4_TED01	afdb	end	0
AF-A0A6N7Y5M4-F1-model_v4	AF-A0A6N7Y5M4-F1-model_v4_TED02	afdb	start	0
AF-A0A6N7Y5M4-F1-model_v4	AF-A0A6N7Y5M4-F1-model_v4_TED02	afdb	end	0
AF-A0A6N7Y5M4-F1-model_v4	AF-A0A6N7Y5M4-F1-model_v4_TED02	afdb	start	0
AF-A0A6N7Y5M4-F1-model_v4	AF-A0A6N7Y5M4-F1-model_v4_TED02	afdb	end	0
AF-A0A504JLG3-F1-model_v4	AF-A0A504JLG3-F1-model_v4_TED01	afdb	start	0
AF-A0A504JLG3-F1-model_v4	AF-A0A504JLG3-F1-model_v4_TED01	afdb	end	0
AF-A0A504JLG3-F1-model_v4	AF-A0A504JLG3-F1-model_v4_TED01	esm	start	0
AF-A0A504JLG3-F1-model_v4	AF-A0A504JLG3-F1-model_v4_TED01	esm	end	0
AF-A0A2Y9ADH4-F1-model_v4	AF-A0A2Y9ADH4-F1-model_v4_TED01	afdb	start	0
AF-A0A2Y9ADH4-F1-model_v4	AF-A0A2Y9ADH4-F1-model_v4_TED01	afdb	end	0
AF-A0A2Y9ADH4-F1-model_v4	AF-A0A2Y9ADH4-F1-model_v4_TED01	esm	start	0
AF-A0A2Y9ADH4-F1-model_v4	AF-A0A2Y9ADH4-F1-model_v4_TED01	esm	end	0
AF-A0A7Y5TWD3-F1-model_v4	AF-A0A7Y5TWD3-F1-model_v4_TED01	afdb	start	0
AF-A0A7Y5TWD3-F1-model_v4	AF-A0A7Y5TWD3-F1-model_v4_TED01	afdb	end	0
AF-A0A7Y5TWD3-F1-model_v4	AF-A0A7Y5TWD3-F1-model_v4_TED02	afdb	start	0
AF-A0A7Y5TWD3-F1-model_v4	AF-A0A7Y5TWD3-F1-model_v4_TED02	afdb	end	0
AF-A0A7Y5TWD3-F1-model_v4	AF-A0A7Y5TWD3-F1-model_v4_TED01	esm	start	0
AF-A0A7Y5TWD3-F1-model_v4	AF-A0A7Y5TWD3-F1-model_v4_TED01	esm	end	0
AF-A0A7Y5TWD3-F1-model_v4	AF-A0A7Y5TWD3-F1-model_v4_TED02	esm	start	0
AF-A0A7Y5TWD3-F1-model_v4	AF-A0A7Y5TWD3-F1-model_v4_TED02	esm	end	-2
AF-E6LMA5-F1-model_v4	AF-E6LMA5-F1-model_v4_TED01	afdb	start	0
AF-E6LMA5-F1-model_v4	AF-E6LMA5-F1-model_v4_TED01	afdb	end	0
AF-E6LMA5-F1-model_v4	AF-E6LMA5-F1-model_v4_TED02	afdb	start	0
AF-E6LMA5-F1-model_v4	AF-E6LMA5-F1-model_v4_TED02	afdb	end	0
AF-E6LMA5-F1-model_v4	AF-E6LMA5-F1-model_v4_TED01	esm	start	0
AF-E6LMA5-F1-model_v4	AF-E6LMA5-F1-model_v4_TED01	esm	end	-4
AF-E6LMA5-F1-model_v4	AF-E6LMA5-F1-model_v4_TED02	esm	start	0
AF-E6LMA5-F1-model_v4	AF-E6LMA5-F1-model_v4_TED02	esm	end	0
AF-F5XYC8-F1-model_v4	AF-F5XYC8-F1-model_v4_TED01	afdb	start	0
AF-F5XYC8-F1-model_v4	AF-F5XYC8-F1-model_v4_TED01	afdb	end	0
AF-F5XYC8-F1-model_v4	AF-F5XYC8-F1-model_v4_TED01	afdb	start	0
AF-F5XYC8-F1-model_v4	AF-F5XYC8-F1-model_v4_TED01	afdb	end	0
AF-F5XYC8-F1-model_v4	AF-F5XYC8-F1-model_v4_TED02	afdb	start	0
AF-F5XYC8-F1-model_v4	AF-F5XYC8-F1-model_v4_TED02	afdb	end	0
AF-F5XYC8-F1-model_v4	AF-F5XYC8-F1-model_v4_TED01	esm	start	4
AF-F5XYC8-F1-model_v4	AF-F5XYC8-F1-model_v4_TED01	esm	end	-1
AF-F5XYC8-F1-model_v4	AF-F5XYC8-F1-model_v4_TED01	esm	start	10
AF-F5XYC8-F1-model_v4	AF-F5XYC8-F1-model_v4_TED01	esm	end	1
AF-F5XYC8-F1-model_v4	AF-F5XYC8-F1-model_v4_TED02	esm	start	7
AF-F5XYC8-F1-model_v4	AF-F5XYC8-F1-model_v4_TED02	esm	end	-1
AF-A0A674NE25-F1-model_v4	AF-A0A674NE25-F1-model_v4_TED01	afdb	start	0
AF-A0A674NE25-F1-model_v4	AF-A0A674NE25-F1-model_v4_TED01	afdb	end	0
AF-A0A674NE25-F1-model_v4	AF-A0A674NE25-F1-model_v4_TED01	afdb	start	0
AF-A0A674NE25-F1-model_v4	AF-A0A674NE25-F1-model_v4_TED01	afdb	end	0
AF-A0A674NE25-F1-model_v4	AF-A0A674NE25-F1-model_v4_TED01	esm	start	0
AF-A0A674NE25-F1-model_v4	AF-A0A674NE25-F1-model_v4_TED01	esm	end	57
AF-A0A674NE25-F1-model_v4	AF-A0A674NE25-F1-model_v4_TED01	esm	start	43
AF-A0A674NE25-F1-model_v4	AF-A0A674NE25-F1-model_v4_TED01	esm	end	-25
AF-A0A1H0REU9-F1-model_v4	AF-A0A1H0REU9-F1-model_v4_TED01	afdb	start	0
AF-A0A1H0REU9-F1-model_v4	AF-A0A1H0REU9-F1-model_v4_TED01	afdb	end	0
AF-A0A1H0REU9-F1-model_v4	AF-A0A1H0REU9-F1-model_v4_TED02	afdb	start	0
AF-A0A1H0REU9-F1-model_v4	AF-A0A1H0REU9-F1-model_v4_TED02	afdb	end	0
AF-A0A1H0REU9-F1-model_v4	AF-A0A1H0REU9-F1-model_v4_TED03	afdb	start	0
AF-A0A1H0REU9-F1-model_v4	AF-A0A1H0REU9-F1-model_v4_TED03	afdb	end	0
AF-A0A1H0REU9-F1-model_v4	AF-A0A1H0REU9-F1-model_v4_TED01	esm	start	-10
AF-A0A1H0REU9-F1-model_v4	AF-A0A1H0REU9-F1-model_v4_TED01	esm	end	3
AF-A0A1H0REU9-F1-model_v4	AF-A0A1H0REU9-F1-model_v4_TED02	esm	start	1
AF-A0A1H0REU9-F1-model_v4	AF-A0A1H0REU9-F1-model_v4_TED02	esm	end	-1
AF-A0A1H0REU9-F1-model_v4	AF-A0A1H0REU9-F1-model_v4_TED03	esm	start	0
AF-A0A1H0REU9-F1-model_v4	AF-A0A1H0REU9-F1-model_v4_TED03	esm	end	0
AF-A0A3C1B0Q4-F1-model_v4	AF-A0A3C1B0Q4-F1-model_v4_TED01	afdb	start	0
AF-A0A3C1B0Q4-F1-model_v4	AF-A0A3C1B0Q4-F1-model_v4_TED01	afdb	end	0
AF-A0A3C1B0Q4-F1-model_v4	AF-A0A3C1B0Q4-F1-model_v4_TED02	afdb	start	0
AF-A0A3C1B0Q4-F1-model_v4	AF-A0A3C1B0Q4-F1-model_v4_TED02	afdb	end	0
AF-A0A3C1B0Q4-F1-model_v4	AF-A0A3C1B0Q4-F1-model_v4_TED01	esm	start	0
AF-A0A3C1B0Q4-F1-model_v4	AF-A0A3C1B0Q4-F1-model_v4_TED01	esm	end	0
AF-A0A3C1B0Q4-F1-model_v4	AF-A0A3C1B0Q4-F1-model_v4_TED02	esm	start	-2
AF-A0A3C1B0Q4-F1-model_v4	AF-A0A3C1B0Q4-F1-model_v4_TED02	esm	end	0
AF-A0A7X0U4E3-F1-model_v4	AF-A0A7X0U4E3-F1-model_v4_TED01	afdb	start	0
AF-A0A7X0U4E3-F1-model_v4	AF-A0A7X0U4E3-F1-model_v4_TED01	afdb	end	0
AF-A0A7X0U4E3-F1-model_v4	AF-A0A7X0U4E3-F1-model_v4_TED02	afdb	start	0
AF-A0A7X0U4E3-F1-model_v4	AF-A0A7X0U4E3-F1-model_v4_TED02	afdb	end	0
AF-A0A7X0U4E3-F1-model_v4	AF-A0A7X0U4E3-F1-model_v4_TED01	esm	start	0
AF-A0A7X0U4E3-F1-model_v4	AF-A0A7X0U4E3-F1-model_v4_TED01	esm	end	0
AF-A0A7X0U4E3-F1-model_v4	AF-A0A7X0U4E3-F1-model_v4_TED02	esm	start	0
AF-A0A7X0U4E3-F1-model_v4	AF-A0A7X0U4E3-F1-model_v4_TED02	esm	end	0
AF-A0A850M0Y7-F1-model_v4	AF-A0A850M0Y7-F1-model_v4_TED01	afdb	start	0
AF-A0A850M0Y7-F1-model_v4	AF-A0A850M0Y7-F1-model_v4_TED01	afdb	end	0
AF-A0A850M0Y7-F1-model_v4	AF-A0A850M0Y7-F1-model_v4_TED02	afdb	start	0
AF-A0A850M0Y7-F1-model_v4	AF-A0A850M0Y7-F1-model_v4_TED02	afdb	end	0
AF-A0A850M0Y7-F1-model_v4	AF-A0A850M0Y7-F1-model_v4_TED03	afdb	start	0
AF-A0A850M0Y7-F1-model_v4	AF-A0A850M0Y7-F1-model_v4_TED03	afdb	end	0
AF-A0A850M0Y7-F1-model_v4	AF-A0A850M0Y7-F1-model_v4_TED04	afdb	start	0
AF-A0A850M0Y7-F1-model_v4	AF-A0A850M0Y7-F1-model_v4_TED04	afdb	end	0
AF-A0A850M0Y7-F1-model_v4	AF-A0A850M0Y7-F1-model_v4_TED01	esm	start	-1
AF-A0A850M0Y7-F1-model_v4	AF-A0A850M0Y7-F1-model_v4_TED01	esm	end	0
AF-A0A850M0Y7-F1-model_v4	AF-A0A850M0Y7-F1-model_v4_TED02	esm	start	2
AF-A0A850M0Y7-F1-model_v4	AF-A0A850M0Y7-F1-model_v4_TED02	esm	end	0
AF-A0A850M0Y7-F1-model_v4	AF-A0A850M0Y7-F1-model_v4_TED03	esm	start	0
AF-A0A850M0Y7-F1-model_v4	AF-A0A850M0Y7-F1-model_v4_TED03	esm	end	0
AF-A0A850M0Y7-F1-model_v4	AF-A0A850M0Y7-F1-model_v4_TED04	esm	start	0
AF-A0A850M0Y7-F1-model_v4	AF-A0A850M0Y7-F1-model_v4_TED04	esm	end	0
AF-A0A7W1SGP1-F1-model_v4	AF-A0A7W1SGP1-F1-model_v4_TED01	afdb	start	0
AF-A0A7W1SGP1-F1-model_v4	AF-A0A7W1SGP1-F1-model_v4_TED01	afdb	end	0
AF-A0A7W1SGP1-F1-model_v4	AF-A0A7W1SGP1-F1-model_v4_TED01	esm	start	1
AF-A0A7W1SGP1-F1-model_v4	AF-A0A7W1SGP1-F1-model_v4_TED01	esm	end	1
AF-A0A4Q2UET5-F1-model_v4	AF-A0A4Q2UET5-F1-model_v4_TED01	afdb	start	0
AF-A0A4Q2UET5-F1-model_v4	AF-A0A4Q2UET5-F1-model_v4_TED01	afdb	end	0
AF-A0A4Q2UET5-F1-model_v4	AF-A0A4Q2UET5-F1-model_v4_TED01	esm	start	4
AF-A0A4Q2UET5-F1-model_v4	AF-A0A4Q2UET5-F1-model_v4_TED01	esm	end	0
AF-A0A0N0N586-F1-model_v4	AF-A0A0N0N586-F1-model_v4_TED01	afdb	start	0
AF-A0A0N0N586-F1-model_v4	AF-A0A0N0N586-F1-model_v4_TED01	afdb	end	0
AF-A0A0N0N586-F1-model_v4	AF-A0A0N0N586-F1-model_v4_TED01	esm	start	0
AF-A0A0N0N586-F1-model_v4	AF-A0A0N0N586-F1-model_v4_TED01	esm	end	-1
AF-A0A7C6UGA3-F1-model_v4	AF-A0A7C6UGA3-F1-model_v4_TED01	afdb	start	0
AF-A0A7C6UGA3-F1-model_v4	AF-A0A7C6UGA3-F1-model_v4_TED01	afdb	end	0
AF-A0A7C6UGA3-F1-model_v4	AF-A0A7C6UGA3-F1-model_v4_TED01	esm	start	-1
AF-A0A7C6UGA3-F1-model_v4	AF-A0A7C6UGA3-F1-model_v4_TED01	esm	end	7
AF-R2RFL0-F1-model_v4	AF-R2RFL0-F1-model_v4_TED01	afdb	start	0
AF-R2RFL0-F1-model_v4	AF-R2RFL0-F1-model_v4_TED01	afdb	end	0
AF-R2RFL0-F1-model_v4	AF-R2RFL0-F1-model_v4_TED01	esm	start	0
AF-R2RFL0-F1-model_v4	AF-R2RFL0-F1-model_v4_TED01	esm	end	0
AF-A0A537ZJW9-F1-model_v4	AF-A0A537ZJW9-F1-model_v4_TED01	afdb	start	0
AF-A0A537ZJW9-F1-model_v4	AF-A0A537ZJW9-F1-model_v4_TED01	afdb	end	0
AF-A0A537ZJW9-F1-model_v4	AF-A0A537ZJW9-F1-model_v4_TED01	esm	start	0
AF-A0A537ZJW9-F1-model_v4	AF-A0A537ZJW9-F1-model_v4_TED01	esm	end	1
AF-A0A0G1XJ69-F1-model_v4	AF-A0A0G1XJ69-F1-model_v4_TED01	afdb	start	0
AF-A0A0G1XJ69-F1-model_v4	AF-A0A0G1XJ69-F1-model_v4_TED01	afdb	end	0
AF-A0A0G1XJ69-F1-model_v4	AF-A0A0G1XJ69-F1-model_v4_TED01	afdb	start	0
AF-A0A0G1XJ69-F1-model_v4	AF-A0A0G1XJ69-F1-model_v4_TED01	afdb	end	0
AF-A0A0G1XJ69-F1-model_v4	AF-A0A0G1XJ69-F1-model_v4_TED02	afdb	start	0
AF-A0A0G1XJ69-F1-model_v4	AF-A0A0G1XJ69-F1-model_v4_TED02	afdb	end	0
AF-A0A0G1XJ69-F1-model_v4	AF-A0A0G1XJ69-F1-model_v4_TED02	esm	start	-8
AF-A0A0G1XJ69-F1-model_v4	AF-A0A0G1XJ69-F1-model_v4_TED02	esm	end	0
AF-A0A081R7V6-F1-model_v4	AF-A0A081R7V6-F1-model_v4_TED01	afdb	start	0
AF-A0A081R7V6-F1-model_v4	AF-A0A081R7V6-F1-model_v4_TED01	afdb	end	0
AF-A0A081R7V6-F1-model_v4	AF-A0A081R7V6-F1-model_v4_TED02	afdb	start	0
AF-A0A081R7V6-F1-model_v4	AF-A0A081R7V6-F1-model_v4_TED02	afdb	end	0
AF-A0A081R7V6-F1-model_v4	AF-A0A081R7V6-F1-model_v4_TED01	esm	start	0
AF-A0A081R7V6-F1-model_v4	AF-A0A081R7V6-F1-model_v4_TED01	esm	end	0
AF-A0A081R7V6-F1-model_v4	AF-A0A081R7V6-F1-model_v4_TED02	esm	start	0
AF-A0A081R7V6-F1-model_v4	AF-A0A081R7V6-F1-model_v4_TED02	esm	end	0
AF-A0A534MD54-F1-model_v4	AF-A0A534MD54-F1-model_v4_TED01	afdb	start	0
AF-A0A534MD54-F1-model_v4	AF-A0A534MD54-F1-model_v4_TED01	afdb	end	0
AF-A0A534MD54-F1-model_v4	AF-A0A534MD54-F1-model_v4_TED01	esm	start	0
AF-A0A534MD54-F1-model_v4	AF-A0A534MD54-F1-model_v4_TED01	esm	end	11
AF-A0A7X6Q820-F1-model_v4	AF-A0A7X6Q820-F1-model_v4_TED01	afdb	start	0
AF-A0A7X6Q820-F1-model_v4	AF-A0A7X6Q820-F1-model_v4_TED01	afdb	end	0
AF-A0A7X6Q820-F1-model_v4	AF-A0A7X6Q820-F1-model_v4_TED02	afdb	start	0
AF-A0A7X6Q820-F1-model_v4	AF-A0A7X6Q820-F1-model_v4_TED02	afdb	end	0
AF-A0A7X6Q820-F1-model_v4	AF-A0A7X6Q820-F1-model_v4_TED01	esm	start	0
AF-A0A7X6Q820-F1-model_v4	AF-A0A7X6Q820-F1-model_v4_TED01	esm	end	0
AF-A0A7X6Q820-F1-model_v4	AF-A0A7X6Q820-F1-model_v4_TED02	esm	start	0
AF-A0A7X6Q820-F1-model_v4	AF-A0A7X6Q820-F1-model_v4_TED02	esm	end	3
AF-A0A7Y7XBD1-F1-model_v4	AF-A0A7Y7XBD1-F1-model_v4_TED01	afdb	start	0
AF-A0A7Y7XBD1-F1-model_v4	AF-A0A7Y7XBD1-F1-model_v4_TED01	afdb	end	0
AF-A0A7Y7XBD1-F1-model_v4	AF-A0A7Y7XBD1-F1-model_v4_TED01	afdb	start	0
AF-A0A7Y7XBD1-F1-model_v4	AF-A0A7Y7XBD1-F1-model_v4_TED01	afdb	end	0
AF-A0A7Y7XBD1-F1-model_v4	AF-A0A7Y7XBD1-F1-model_v4_TED01	afdb	start	0
AF-A0A7Y7XBD1-F1-model_v4	AF-A0A7Y7XBD1-F1-model_v4_TED01	afdb	end	0
AF-A0A7Y7XBD1-F1-model_v4	AF-A0A7Y7XBD1-F1-model_v4_TED01	esm	start	0
AF-A0A7Y7XBD1-F1-model_v4	AF-A0A7Y7XBD1-F1-model_v4_TED01	esm	end	-1
AF-A0A7Y7XBD1-F1-model_v4	AF-A0A7Y7XBD1-F1-model_v4_TED01	esm	start	-2
AF-A0A7Y7XBD1-F1-model_v4	AF-A0A7Y7XBD1-F1-model_v4_TED01	esm	end	0
AF-A0A7Y7XBD1-F1-model_v4	AF-A0A7Y7XBD1-F1-model_v4_TED01	esm	start	1
AF-A0A7Y7XBD1-F1-model_v4	AF-A0A7Y7XBD1-F1-model_v4_TED01	esm	end	-1
AF-A0A2K5LUW7-F1-model_v4	AF-A0A2K5LUW7-F1-model_v4_TED01	afdb	start	0
AF-A0A2K5LUW7-F1-model_v4	AF-A0A2K5LUW7-F1-model_v4_TED01	afdb	end	0
AF-A0A2K5LUW7-F1-model_v4	AF-A0A2K5LUW7-F1-model_v4_TED02	afdb	start	0
AF-A0A2K5LUW7-F1-model_v4	AF-A0A2K5LUW7-F1-model_v4_TED02	afdb	end	0
AF-A0A2K5LUW7-F1-model_v4	AF-A0A2K5LUW7-F1-model_v4_TED03	afdb	start	0
AF-A0A2K5LUW7-F1-model_v4	AF-A0A2K5LUW7-F1-model_v4_TED03	afdb	end	0
AF-A0A2K5LUW7-F1-model_v4	AF-A0A2K5LUW7-F1-model_v4_TED01	esm	start	3
AF-A0A2K5LUW7-F1-model_v4	AF-A0A2K5LUW7-F1-model_v4_TED01	esm	end	5
AF-A0A2K5LUW7-F1-model_v4	AF-A0A2K5LUW7-F1-model_v4_TED02	esm	start	-3
AF-A0A2K5LUW7-F1-model_v4	AF-A0A2K5LUW7-F1-model_v4_TED02	esm	end	1
AF-A0A2K5LUW7-F1-model_v4	AF-A0A2K5LUW7-F1-model_v4_TED03	esm	start	2
AF-A0A2K5LUW7-F1-model_v4	AF-A0A2K5LUW7-F1-model_v4_TED03	esm	end	0
AF-A0A368WGG0-F1-model_v4	AF-A0A368WGG0-F1-model_v4_TED01	afdb	start	0
AF-A0A368WGG0-F1-model_v4	AF-A0A368WGG0-F1-model_v4_TED01	afdb	end	0
AF-A0A368WGG0-F1-model_v4	AF-A0A368WGG0-F1-model_v4_TED02	afdb	start	0
AF-A0A368WGG0-F1-model_v4	AF-A0A368WGG0-F1-model_v4_TED02	afdb	end	0
AF-A0A368WGG0-F1-model_v4	AF-A0A368WGG0-F1-model_v4_TED01	esm	start	0
AF-A0A368WGG0-F1-model_v4	AF-A0A368WGG0-F1-model_v4_TED01	esm	end	3
AF-A0A368WGG0-F1-model_v4	AF-A0A368WGG0-F1-model_v4_TED02	esm	start	-1
AF-A0A368WGG0-F1-model_v4	AF-A0A368WGG0-F1-model_v4_TED02	esm	end	0
AF-A0A7K3A4U1-F1-model_v4	AF-A0A7K3A4U1-F1-model_v4_TED01	afdb	start	0
AF-A0A7K3A4U1-F1-model_v4	AF-A0A7K3A4U1-F1-model_v4_TED01	afdb	end	0
AF-A0A7K3A4U1-F1-model_v4	AF-A0A7K3A4U1-F1-model_v4_TED02	afdb	start	0
AF-A0A7K3A4U1-F1-model_v4	AF-A0A7K3A4U1-F1-model_v4_TED02	afdb	end	0
AF-A0A7K3A4U1-F1-model_v4	AF-A0A7K3A4U1-F1-model_v4_TED01	esm	start	3
AF-A0A7K3A4U1-F1-model_v4	AF-A0A7K3A4U1-F1-model_v4_TED01	esm	end	0
AF-A0A7K3A4U1-F1-model_v4	AF-A0A7K3A4U1-F1-model_v4_TED02	esm	start	0
AF-A0A7K3A4U1-F1-model_v4	AF-A0A7K3A4U1-F1-model_v4_TED02	esm	end	0
AF-A0A0T6DQA2-F1-model_v4	AF-A0A0T6DQA2-F1-model_v4_TED01	afdb	start	-2
AF-A0A0T6DQA2-F1-model_v4	AF-A0A0T6DQA2-F1-model_v4_TED01	afdb	end	0
AF-A0A0T6DQA2-F1-model_v4	AF-A0A0T6DQA2-F1-model_v4_TED01	esm	start	0
AF-A0A0T6DQA2-F1-model_v4	AF-A0A0T6DQA2-F1-model_v4_TED01	esm	end	0
AF-A0A364K741-F1-model_v4	AF-A0A364K741-F1-model_v4_TED01	afdb	start	0
AF-A0A364K741-F1-model_v4	AF-A0A364K741-F1-model_v4_TED01	afdb	end	0
AF-A0A364K741-F1-model_v4	AF-A0A364K741-F1-model_v4_TED01	afdb	start	0
AF-A0A364K741-F1-model_v4	AF-A0A364K741-F1-model_v4_TED01	afdb	end	0
AF-A0A364K741-F1-model_v4	AF-A0A364K741-F1-model_v4_TED02	afdb	start	0
AF-A0A364K741-F1-model_v4	AF-A0A364K741-F1-model_v4_TED02	afdb	end	0
AF-A0A364K741-F1-model_v4	AF-A0A364K741-F1-model_v4_TED01	esm	start	-2
AF-A0A364K741-F1-model_v4	AF-A0A364K741-F1-model_v4_TED01	esm	end	0
AF-A0A364K741-F1-model_v4	AF-A0A364K741-F1-model_v4_TED01	esm	start	0
AF-A0A364K741-F1-model_v4	AF-A0A364K741-F1-model_v4_TED01	esm	end	0
AF-A0A364K741-F1-model_v4	AF-A0A364K741-F1-model_v4_TED02	esm	start	-1
AF-A0A364K741-F1-model_v4	AF-A0A364K741-F1-model_v4_TED02	esm	end	0
AF-A0A2T2YFW8-F1-model_v4	AF-A0A2T2YFW8-F1-model_v4_TED01	afdb	start	0
AF-A0A2T2YFW8-F1-model_v4	AF-A0A2T2YFW8-F1-model_v4_TED01	afdb	end	0
AF-A0A2T2YFW8-F1-model_v4	AF-A0A2T2YFW8-F1-model_v4_TED01	afdb	start	0
AF-A0A2T2YFW8-F1-model_v4	AF-A0A2T2YFW8-F1-model_v4_TED01	afdb	end	0
AF-A0A2T2YFW8-F1-model_v4	AF-A0A2T2YFW8-F1-model_v4_TED02	afdb	start	0
AF-A0A2T2YFW8-F1-model_v4	AF-A0A2T2YFW8-F1-model_v4_TED02	afdb	end	0
AF-A0A2T2YFW8-F1-model_v4	AF-A0A2T2YFW8-F1-model_v4_TED01	esm	start	0
AF-A0A2T2YFW8-F1-model_v4	AF-A0A2T2YFW8-F1-model_v4_TED01	esm	end	0
AF-A0A2T2YFW8-F1-model_v4	AF-A0A2T2YFW8-F1-model_v4_TED01	esm	start	-1
AF-A0A2T2YFW8-F1-model_v4	AF-A0A2T2YFW8-F1-model_v4_TED01	esm	end	0
AF-A0A2T2YFW8-F1-model_v4	AF-A0A2T2YFW8-F1-model_v4_TED02	esm	start	0
AF-A0A2T2YFW8-F1-model_v4	AF-A0A2T2YFW8-F1-model_v4_TED02	esm	end	0
AF-M5INQ9-F1-model_v4	AF-M5INQ9-F1-model_v4_TED01	afdb	start	0
AF-M5INQ9-F1-model_v4	AF-M5INQ9-F1-model_v4_TED01	afdb	end	0
AF-M5INQ9-F1-model_v4	AF-M5INQ9-F1-model_v4_TED01	esm	start	0
AF-M5INQ9-F1-model_v4	AF-M5INQ9-F1-model_v4_TED01	esm	end	-29
AF-A0A897T8S1-F1-model_v4	AF-A0A897T8S1-F1-model_v4_TED01	afdb	start	0
AF-A0A897T8S1-F1-model_v4	AF-A0A897T8S1-F1-model_v4_TED01	afdb	end	0
AF-A0A897T8S1-F1-model_v4	AF-A0A897T8S1-F1-model_v4_TED01	esm	start	0
AF-A0A897T8S1-F1-model_v4	AF-A0A897T8S1-F1-model_v4_TED01	esm	end	0
AF-B2A368-F1-model_v4	AF-B2A368-F1-model_v4_TED01	afdb	start	0
AF-B2A368-F1-model_v4	AF-B2A368-F1-model_v4_TED01	afdb	end	0
AF-B2A368-F1-model_v4	AF-B2A368-F1-model_v4_TED01	afdb	start	0
AF-B2A368-F1-model_v4	AF-B2A368-F1-model_v4_TED01	afdb	end	0
AF-B2A368-F1-model_v4	AF-B2A368-F1-model_v4_TED01	esm	start	1
AF-B2A368-F1-model_v4	AF-B2A368-F1-model_v4_TED01	esm	end	110
AF-B2A368-F1-model_v4	AF-B2A368-F1-model_v4_TED01	esm	start	38
AF-B2A368-F1-model_v4	AF-B2A368-F1-model_v4_TED01	esm	end	1
AF-A0A3A4ZHU9-F1-model_v4	AF-A0A3A4ZHU9-F1-model_v4_TED01	afdb	start	0
AF-A0A3A4ZHU9-F1-model_v4	AF-A0A3A4ZHU9-F1-model_v4_TED01	afdb	end	0
AF-A0A3A4ZHU9-F1-model_v4	AF-A0A3A4ZHU9-F1-model_v4_TED01	esm	start	0
AF-A0A3A4ZHU9-F1-model_v4	AF-A0A3A4ZHU9-F1-model_v4_TED01	esm	end	0
AF-A0A5A7WN26-F1-model_v4	AF-A0A5A7WN26-F1-model_v4_TED01	afdb	start	0
AF-A0A5A7WN26-F1-model_v4	AF-A0A5A7WN26-F1-model_v4_TED01	afdb	end	0
AF-A0A5A7WN26-F1-model_v4	AF-A0A5A7WN26-F1-model_v4_TED01	esm	start	1
AF-A0A5A7WN26-F1-model_v4	AF-A0A5A7WN26-F1-model_v4_TED01	esm	end	-2
AF-A0A411IKE3-F1-model_v4	AF-A0A411IKE3-F1-model_v4_TED01	afdb	start	0
AF-A0A411IKE3-F1-model_v4	AF-A0A411IKE3-F1-model_v4_TED01	afdb	end	0
AF-A0A411IKE3-F1-model_v4	AF-A0A411IKE3-F1-model_v4_TED02	afdb	start	0
AF-A0A411IKE3-F1-model_v4	AF-A0A411IKE3-F1-model_v4_TED02	afdb	end	0
AF-A0A411IKE3-F1-model_v4	AF-A0A411IKE3-F1-model_v4_TED01	esm	start	-1
AF-A0A411IKE3-F1-model_v4	AF-A0A411IKE3-F1-model_v4_TED01	esm	end	5
AF-A0A229TJM7-F1-model_v4	AF-A0A229TJM7-F1-model_v4_TED01	afdb	start	0
AF-A0A229TJM7-F1-model_v4	AF-A0A229TJM7-F1-model_v4_TED01	afdb	end	0
AF-A0A229TJM7-F1-model_v4	AF-A0A229TJM7-F1-model_v4_TED01	esm	start	0
AF-A0A229TJM7-F1-model_v4	AF-A0A229TJM7-F1-model_v4_TED01	esm	end	0
AF-A0A258R1P3-F1-model_v4	AF-A0A258R1P3-F1-model_v4_TED01	afdb	start	0
AF-A0A258R1P3-F1-model_v4	AF-A0A258R1P3-F1-model_v4_TED01	afdb	end	0
AF-A0A258R1P3-F1-model_v4	AF-A0A258R1P3-F1-model_v4_TED01	esm	start	0
AF-A0A258R1P3-F1-model_v4	AF-A0A258R1P3-F1-model_v4_TED01	esm	end	0
AF-A0A5B0PXS5-F1-model_v4	AF-A0A5B0PXS5-F1-model_v4_TED01	afdb	start	0
AF-A0A5B0PXS5-F1-model_v4	AF-A0A5B0PXS5-F1-model_v4_TED01	afdb	end	0
AF-A0A5B0PXS5-F1-model_v4	AF-A0A5B0PXS5-F1-model_v4_TED01	afdb	start	0
AF-A0A5B0PXS5-F1-model_v4	AF-A0A5B0PXS5-F1-model_v4_TED01	afdb	end	0
AF-A0A5B0PXS5-F1-model_v4	AF-A0A5B0PXS5-F1-model_v4_TED01	esm	start	0
AF-A0A5B0PXS5-F1-model_v4	AF-A0A5B0PXS5-F1-model_v4_TED01	esm	end	-23
AF-A0A5B0PXS5-F1-model_v4	AF-A0A5B0PXS5-F1-model_v4_TED01	esm	start	-31
AF-A0A5B0PXS5-F1-model_v4	AF-A0A5B0PXS5-F1-model_v4_TED01	esm	end	0
AF-A0A1H7I049-F1-model_v4	AF-A0A1H7I049-F1-model_v4_TED01	afdb	start	0
AF-A0A1H7I049-F1-model_v4	AF-A0A1H7I049-F1-model_v4_TED01	afdb	end	0
AF-A0A1H7I049-F1-model_v4	AF-A0A1H7I049-F1-model_v4_TED01	afdb	start	0
AF-A0A1H7I049-F1-model_v4	AF-A0A1H7I049-F1-model_v4_TED01	afdb	end	0
AF-A0A1H7I049-F1-model_v4	AF-A0A1H7I049-F1-model_v4_TED02	afdb	start	0
AF-A0A1H7I049-F1-model_v4	AF-A0A1H7I049-F1-model_v4_TED02	afdb	end	0
AF-A0A1H7I049-F1-model_v4	AF-A0A1H7I049-F1-model_v4_TED01	esm	start	0
AF-A0A1H7I049-F1-model_v4	AF-A0A1H7I049-F1-model_v4_TED01	esm	end	0
AF-A0A1H7I049-F1-model_v4	AF-A0A1H7I049-F1-model_v4_TED01	esm	start	0
AF-A0A1H7I049-F1-model_v4	AF-A0A1H7I049-F1-model_v4_TED01	esm	end	6
AF-A0A1H7I049-F1-model_v4	AF-A0A1H7I049-F1-model_v4_TED02	esm	start	0
AF-A0A1H7I049-F1-model_v4	AF-A0A1H7I049-F1-model_v4_TED02	esm	end	0
AF-A0A1Z5H9U1-F1-model_v4	AF-A0A1Z5H9U1-F1-model_v4_TED01	afdb	start	0
AF-A0A1Z5H9U1-F1-model_v4	AF-A0A1Z5H9U1-F1-model_v4_TED01	afdb	end	0
AF-A0A1Z5H9U1-F1-model_v4	AF-A0A1Z5H9U1-F1-model_v4_TED01	esm	start	0
AF-A0A1Z5H9U1-F1-model_v4	AF-A0A1Z5H9U1-F1-model_v4_TED01	esm	end	-6
AF-A0A0G2FMH4-F1-model_v4	AF-A0A0G2FMH4-F1-model_v4_TED01	afdb	start	0
AF-A0A0G2FMH4-F1-model_v4	AF-A0A0G2FMH4-F1-model_v4_TED01	afdb	end	0
AF-A0A0G2FMH4-F1-model_v4	AF-A0A0G2FMH4-F1-model_v4_TED02	afdb	start	0
AF-A0A0G2FMH4-F1-model_v4	AF-A0A0G2FMH4-F1-model_v4_TED02	afdb	end	0
AF-A0A0G2FMH4-F1-model_v4	AF-A0A0G2FMH4-F1-model_v4_TED02	afdb	start	0
AF-A0A0G2FMH4-F1-model_v4	AF-A0A0G2FMH4-F1-model_v4_TED02	afdb	end	0
AF-A0A0G2FMH4-F1-model_v4	AF-A0A0G2FMH4-F1-model_v4_TED03	afdb	start	0
AF-A0A0G2FMH4-F1-model_v4	AF-A0A0G2FMH4-F1-model_v4_TED03	afdb	end	0
AF-A0A0G2FMH4-F1-model_v4	AF-A0A0G2FMH4-F1-model_v4_TED01	esm	start	0
AF-A0A0G2FMH4-F1-model_v4	AF-A0A0G2FMH4-F1-model_v4_TED01	esm	end	0
AF-A0A0G2FMH4-F1-model_v4	AF-A0A0G2FMH4-F1-model_v4_TED03	esm	start	24
AF-A0A0G2FMH4-F1-model_v4	AF-A0A0G2FMH4-F1-model_v4_TED03	esm	end	0
AF-A0A081SEA8-F1-model_v4	AF-A0A081SEA8-F1-model_v4_TED01	afdb	start	0
AF-A0A081SEA8-F1-model_v4	AF-A0A081SEA8-F1-model_v4_TED01	afdb	end	0
AF-A0A081SEA8-F1-model_v4	AF-A0A081SEA8-F1-model_v4_TED01	esm	start	0
AF-A0A081SEA8-F1-model_v4	AF-A0A081SEA8-F1-model_v4_TED01	esm	end	0
AF-A0A7J3JAT7-F1-model_v4	AF-A0A7J3JAT7-F1-model_v4_TED01	afdb	start	0
AF-A0A7J3JAT7-F1-model_v4	AF-A0A7J3JAT7-F1-model_v4_TED01	afdb	end	0
AF-A0A7J3JAT7-F1-model_v4	AF-A0A7J3JAT7-F1-model_v4_TED01	afdb	start	0
AF-A0A7J3JAT7-F1-model_v4	AF-A0A7J3JAT7-F1-model_v4_TED01	afdb	end	0
AF-A0A7J3JAT7-F1-model_v4	AF-A0A7J3JAT7-F1-model_v4_TED02	afdb	start	0
AF-A0A7J3JAT7-F1-model_v4	AF-A0A7J3JAT7-F1-model_v4_TED02	afdb	end	0
AF-A0A7J3JAT7-F1-model_v4	AF-A0A7J3JAT7-F1-model_v4_TED01	esm	start	17
AF-A0A7J3JAT7-F1-model_v4	AF-A0A7J3JAT7-F1-model_v4_TED01	esm	end	0
AF-A0A7J3JAT7-F1-model_v4	AF-A0A7J3JAT7-F1-model_v4_TED01	esm	start	0
AF-A0A7J3JAT7-F1-model_v4	AF-A0A7J3JAT7-F1-model_v4_TED01	esm	end	-3
AF-A0A7J3JAT7-F1-model_v4	AF-A0A7J3JAT7-F1-model_v4_TED02	esm	start	0
AF-A0A7J3JAT7-F1-model_v4	AF-A0A7J3JAT7-F1-model_v4_TED02	esm	end	0
AF-A0A5M6IM01-F1-model_v4	AF-A0A5M6IM01-F1-model_v4_TED01	afdb	start	0
AF-A0A5M6IM01-F1-model_v4	AF-A0A5M6IM01-F1-model_v4_TED01	afdb	end	0
AF-A0A5M6IM01-F1-model_v4	AF-A0A5M6IM01-F1-model_v4_TED01	esm	start	0
AF-A0A5M6IM01-F1-model_v4	AF-A0A5M6IM01-F1-model_v4_TED01	esm	end	0
AF-A0A838ZKM8-F1-model_v4	AF-A0A838ZKM8-F1-model_v4_TED01	afdb	start	0
AF-A0A838ZKM8-F1-model_v4	AF-A0A838ZKM8-F1-model_v4_TED01	afdb	end	0
AF-A0A838ZKM8-F1-model_v4	AF-A0A838ZKM8-F1-model_v4_TED01	afdb	start	0
AF-A0A838ZKM8-F1-model_v4	AF-A0A838ZKM8-F1-model_v4_TED01	afdb	end	0
AF-A0A838ZKM8-F1-model_v4	AF-A0A838ZKM8-F1-model_v4_TED02	afdb	start	0
AF-A0A838ZKM8-F1-model_v4	AF-A0A838ZKM8-F1-model_v4_TED02	afdb	end	0
AF-A0A838ZKM8-F1-model_v4	AF-A0A838ZKM8-F1-model_v4_TED01	esm	start	0
AF-A0A838ZKM8-F1-model_v4	AF-A0A838ZKM8-F1-model_v4_TED01	esm	end	0
AF-A0A838ZKM8-F1-model_v4	AF-A0A838ZKM8-F1-model_v4_TED01	esm	start	0
AF-A0A838ZKM8-F1-model_v4	AF-A0A838ZKM8-F1-model_v4_TED01	esm	end	0
AF-A0A838ZKM8-F1-model_v4	AF-A0A838ZKM8-F1-model_v4_TED02	esm	start	0
AF-A0A838ZKM8-F1-model_v4	AF-A0A838ZKM8-F1-model_v4_TED02	esm	end	7
AF-A0A068BTX8-F1-model_v4	AF-A0A068BTX8-F1-model_v4_TED01	afdb	start	0
AF-A0A068BTX8-F1-model_v4	AF-A0A068BTX8-F1-model_v4_TED01	afdb	end	0
AF-A0A068BTX8-F1-model_v4	AF-A0A068BTX8-F1-model_v4_TED02	afdb	start	0
AF-A0A068BTX8-F1-model_v4	AF-A0A068BTX8-F1-model_v4_TED02	afdb	end	0
AF-A0A068BTX8-F1-model_v4	AF-A0A068BTX8-F1-model_v4_TED01	esm	start	0
AF-A0A068BTX8-F1-model_v4	AF-A0A068BTX8-F1-model_v4_TED01	esm	end	0
AF-A0A068BTX8-F1-model_v4	AF-A0A068BTX8-F1-model_v4_TED02	esm	start	0
AF-A0A068BTX8-F1-model_v4	AF-A0A068BTX8-F1-model_v4_TED02	esm	end	4
AF-A0A5J6G609-F1-model_v4	AF-A0A5J6G609-F1-model_v4_TED01	afdb	start	0
AF-A0A5J6G609-F1-model_v4	AF-A0A5J6G609-F1-model_v4_TED01	afdb	end	0
AF-A0A5J6G609-F1-model_v4	AF-A0A5J6G609-F1-model_v4_TED01	afdb	start	0
AF-A0A5J6G609-F1-model_v4	AF-A0A5J6G609-F1-model_v4_TED01	afdb	end	0
AF-A0A5J6G609-F1-model_v4	AF-A0A5J6G609-F1-model_v4_TED02	afdb	start	0
AF-A0A5J6G609-F1-model_v4	AF-A0A5J6G609-F1-model_v4_TED02	afdb	end	0
AF-A0A5J6G609-F1-model_v4	AF-A0A5J6G609-F1-model_v4_TED03	afdb	start	0
AF-A0A5J6G609-F1-model_v4	AF-A0A5J6G609-F1-model_v4_TED03	afdb	end	0
AF-A0A5J6G609-F1-model_v4	AF-A0A5J6G609-F1-model_v4_TED03	afdb	start	0
AF-A0A5J6G609-F1-model_v4	AF-A0A5J6G609-F1-model_v4_TED03	afdb	end	0
AF-A0A5J6G609-F1-model_v4	AF-A0A5J6G609-F1-model_v4_TED03	afdb	start	0
AF-A0A5J6G609-F1-model_v4	AF-A0A5J6G609-F1-model_v4_TED03	afdb	end	0
AF-A0A5J6G609-F1-model_v4	AF-A0A5J6G609-F1-model_v4_TED04	afdb	start	0
AF-A0A5J6G609-F1-model_v4	AF-A0A5J6G609-F1-model_v4_TED04	afdb	end	0
AF-A0A5J6G609-F1-model_v4	AF-A0A5J6G609-F1-model_v4_TED01	esm	start	0
AF-A0A5J6G609-F1-model_v4	AF-A0A5J6G609-F1-model_v4_TED01	esm	end	-2
AF-A0A5J6G609-F1-model_v4	AF-A0A5J6G609-F1-model_v4_TED01	esm	start	16
AF-A0A5J6G609-F1-model_v4	AF-A0A5J6G609-F1-model_v4_TED01	esm	end	3
AF-A0A5J6G609-F1-model_v4	AF-A0A5J6G609-F1-model_v4_TED02	esm	start	0
AF-A0A5J6G609-F1-model_v4	AF-A0A5J6G609-F1-model_v4_TED02	esm	end	2
AF-A0A5J6G609-F1-model_v4	AF-A0A5J6G609-F1-model_v4_TED03	esm	start	-2
AF-A0A5J6G609-F1-model_v4	AF-A0A5J6G609-F1-model_v4_TED03	esm	end	1
AF-A0A5J6G609-F1-model_v4	AF-A0A5J6G609-F1-model_v4_TED03	esm	start	-2
AF-A0A5J6G609-F1-model_v4	AF-A0A5J6G609-F1-model_v4_TED03	esm	end	50
AF-A0A5J6G609-F1-model_v4	AF-A0A5J6G609-F1-model_v4_TED03	esm	start	32
AF-A0A5J6G609-F1-model_v4	AF-A0A5J6G609-F1-model_v4_TED03	esm	end	-3
AF-A0A5J6G609-F1-model_v4	AF-A0A5J6G609-F1-model_v4_TED04	esm	start	0
AF-A0A5J6G609-F1-model_v4	AF-A0A5J6G609-F1-model_v4_TED04	esm	end	0
AF-A0A6G3XB34-F1-model_v4	AF-A0A6G3XB34-F1-model_v4_TED01	afdb	start	0
AF-A0A6G3XB34-F1-model_v4	AF-A0A6G3XB34-F1-model_v4_TED01	afdb	end	0
AF-A0A6G3XB34-F1-model_v4	AF-A0A6G3XB34-F1-model_v4_TED01	afdb	start	0
AF-A0A6G3XB34-F1-model_v4	AF-A0A6G3XB34-F1-model_v4_TED01	afdb	end	0
AF-A0A6G3XB34-F1-model_v4	AF-A0A6G3XB34-F1-model_v4_TED02	afdb	start	0
AF-A0A6G3XB34-F1-model_v4	AF-A0A6G3XB34-F1-model_v4_TED02	afdb	end	0
AF-A0A6G3XB34-F1-model_v4	AF-A0A6G3XB34-F1-model_v4_TED01	esm	start	4
AF-A0A6G3XB34-F1-model_v4	AF-A0A6G3XB34-F1-model_v4_TED01	esm	end	0
AF-A0A6G3XB34-F1-model_v4	AF-A0A6G3XB34-F1-model_v4_TED01	esm	start	0
AF-A0A6G3XB34-F1-model_v4	AF-A0A6G3XB34-F1-model_v4_TED01	esm	end	0
AF-A0A6G3XB34-F1-model_v4	AF-A0A6G3XB34-F1-model_v4_TED02	esm	start	0
AF-A0A6G3XB34-F1-model_v4	AF-A0A6G3XB34-F1-model_v4_TED02	esm	end	0
AF-A0A239LRI2-F1-model_v4	AF-A0A239LRI2-F1-model_v4_TED01	afdb	start	0
AF-A0A239LRI2-F1-model_v4	AF-A0A239LRI2-F1-model_v4_TED01	afdb	end	0
AF-A0A239LRI2-F1-model_v4	AF-A0A239LRI2-F1-model_v4_TED01	esm	start	0
AF-A0A239LRI2-F1-model_v4	AF-A0A239LRI2-F1-model_v4_TED01	esm	end	-1
AF-A0A3B8PKZ9-F1-model_v4	AF-A0A3B8PKZ9-F1-model_v4_TED01	afdb	start	0
AF-A0A3B8PKZ9-F1-model_v4	AF-A0A3B8PKZ9-F1-model_v4_TED01	afdb	end	0
AF-A0A3B8PKZ9-F1-model_v4	AF-A0A3B8PKZ9-F1-model_v4_TED02	afdb	start	0
AF-A0A3B8PKZ9-F1-model_v4	AF-A0A3B8PKZ9-F1-model_v4_TED02	afdb	end	0
AF-A0A3B8PKZ9-F1-model_v4	AF-A0A3B8PKZ9-F1-model_v4_TED02	esm	start	0
AF-A0A3B8PKZ9-F1-model_v4	AF-A0A3B8PKZ9-F1-model_v4_TED02	esm	end	0
AF-A0A2G6E7K2-F1-model_v4	AF-A0A2G6E7K2-F1-model_v4_TED01	afdb	start	0
AF-A0A2G6E7K2-F1-model_v4	AF-A0A2G6E7K2-F1-model_v4_TED01	afdb	end	0
AF-A0A2G6E7K2-F1-model_v4	AF-A0A2G6E7K2-F1-model_v4_TED01	afdb	start	0
AF-A0A2G6E7K2-F1-model_v4	AF-A0A2G6E7K2-F1-model_v4_TED01	afdb	end	0
AF-A0A2G6E7K2-F1-model_v4	AF-A0A2G6E7K2-F1-model_v4_TED01	esm	start	-2
AF-A0A2G6E7K2-F1-model_v4	AF-A0A2G6E7K2-F1-model_v4_TED01	esm	end	-7
AF-A0A2G6E7K2-F1-model_v4	AF-A0A2G6E7K2-F1-model_v4_TED01	esm	start	0
AF-A0A2G6E7K2-F1-model_v4	AF-A0A2G6E7K2-F1-model_v4_TED01	esm	end	7
AF-A0A6G3RV76-F1-model_v4	AF-A0A6G3RV76-F1-model_v4_TED01	afdb	start	0
AF-A0A6G3RV76-F1-model_v4	AF-A0A6G3RV76-F1-model_v4_TED01	afdb	end	0
AF-A0A6G3RV76-F1-model_v4	AF-A0A6G3RV76-F1-model_v4_TED01	afdb	start	0
AF-A0A6G3RV76-F1-model_v4	AF-A0A6G3RV76-F1-model_v4_TED01	afdb	end	0
AF-A0A6G3RV76-F1-model_v4	AF-A0A6G3RV76-F1-model_v4_TED01	esm	start	0
AF-A0A6G3RV76-F1-model_v4	AF-A0A6G3RV76-F1-model_v4_TED01	esm	end	2
AF-A0A6G3RV76-F1-model_v4	AF-A0A6G3RV76-F1-model_v4_TED01	esm	start	0
AF-A0A6G3RV76-F1-model_v4	AF-A0A6G3RV76-F1-model_v4_TED01	esm	end	-3
AF-A0A7K1ST83-F1-model_v4	AF-A0A7K1ST83-F1-model_v4_TED01	afdb	start	0
AF-A0A7K1ST83-F1-model_v4	AF-A0A7K1ST83-F1-model_v4_TED01	afdb	end	0
AF-A0A7K1ST83-F1-model_v4	AF-A0A7K1ST83-F1-model_v4_TED01	esm	start	0
AF-A0A7K1ST83-F1-model_v4	AF-A0A7K1ST83-F1-model_v4_TED01	esm	end	-6
AF-A0A524LNN9-F1-model_v4	AF-A0A524LNN9-F1-model_v4_TED01	afdb	start	0
AF-A0A524LNN9-F1-model_v4	AF-A0A524LNN9-F1-model_v4_TED01	afdb	end	0
AF-A0A524LNN9-F1-model_v4	AF-A0A524LNN9-F1-model_v4_TED01	afdb	start	0
AF-A0A524LNN9-F1-model_v4	AF-A0A524LNN9-F1-model_v4_TED01	afdb	end	0
AF-A0A524LNN9-F1-model_v4	AF-A0A524LNN9-F1-model_v4_TED02	afdb	start	0
AF-A0A524LNN9-F1-model_v4	AF-A0A524LNN9-F1-model_v4_TED02	afdb	end	0
AF-A0A524LNN9-F1-model_v4	AF-A0A524LNN9-F1-model_v4_TED01	esm	start	0
AF-A0A524LNN9-F1-model_v4	AF-A0A524LNN9-F1-model_v4_TED01	esm	end	-3
AF-A0A524LNN9-F1-model_v4	AF-A0A524LNN9-F1-model_v4_TED01	esm	start	0
AF-A0A524LNN9-F1-model_v4	AF-A0A524LNN9-F1-model_v4_TED01	esm	end	0
AF-A0A524LNN9-F1-model_v4	AF-A0A524LNN9-F1-model_v4_TED02	esm	start	0
AF-A0A524LNN9-F1-model_v4	AF-A0A524LNN9-F1-model_v4_TED02	esm	end	-1
AF-A0A7M6DQE3-F1-model_v4	AF-A0A7M6DQE3-F1-model_v4_TED01	afdb	start	0
AF-A0A7M6DQE3-F1-model_v4	AF-A0A7M6DQE3-F1-model_v4_TED01	afdb	end	0
AF-A0A7M6DQE3-F1-model_v4	AF-A0A7M6DQE3-F1-model_v4_TED01	esm	start	-2
AF-A0A7M6DQE3-F1-model_v4	AF-A0A7M6DQE3-F1-model_v4_TED01	esm	end	0
AF-A0A431KAL7-F1-model_v4	AF-A0A431KAL7-F1-model_v4_TED01	afdb	start	0
AF-A0A431KAL7-F1-model_v4	AF-A0A431KAL7-F1-model_v4_TED01	afdb	end	0
AF-A0A431KAL7-F1-model_v4	AF-A0A431KAL7-F1-model_v4_TED01	esm	start	4
AF-A0A431KAL7-F1-model_v4	AF-A0A431KAL7-F1-model_v4_TED01	esm	end	0
AF-A0A7S4N389-F1-model_v4	AF-A0A7S4N389-F1-model_v4_TED01	afdb	start	0
AF-A0A7S4N389-F1-model_v4	AF-A0A7S4N389-F1-model_v4_TED01	afdb	end	0
AF-A0A6I4IVX5-F1-model_v4	AF-A0A6I4IVX5-F1-model_v4_TED01	afdb	start	0
AF-A0A6I4IVX5-F1-model_v4	AF-A0A6I4IVX5-F1-model_v4_TED01	afdb	end	0
AF-A0A6I4IVX5-F1-model_v4	AF-A0A6I4IVX5-F1-model_v4_TED01	esm	start	-3
AF-A0A6I4IVX5-F1-model_v4	AF-A0A6I4IVX5-F1-model_v4_TED01	esm	end	0
AF-A0A533QBT4-F1-model_v4	AF-A0A533QBT4-F1-model_v4_TED01	afdb	start	0
AF-A0A533QBT4-F1-model_v4	AF-A0A533QBT4-F1-model_v4_TED01	afdb	end	0
AF-A0A533QBT4-F1-model_v4	AF-A0A533QBT4-F1-model_v4_TED01	esm	start	0
AF-A0A533QBT4-F1-model_v4	AF-A0A533QBT4-F1-model_v4_TED01	esm	end	-32
AF-A0A3P7YM07-F1-model_v4	AF-A0A3P7YM07-F1-model_v4_TED01	afdb	start	0
AF-A0A3P7YM07-F1-model_v4	AF-A0A3P7YM07-F1-model_v4_TED01	afdb	end	0
AF-A0A3P7YM07-F1-model_v4	AF-A0A3P7YM07-F1-model_v4_TED01	esm	start	0
AF-A0A3P7YM07-F1-model_v4	AF-A0A3P7YM07-F1-model_v4_TED01	esm	end	0
AF-A0A6B3R2U3-F1-model_v4	AF-A0A6B3R2U3-F1-model_v4_TED01	afdb	start	0
AF-A0A6B3R2U3-F1-model_v4	AF-A0A6B3R2U3-F1-model_v4_TED01	afdb	end	0
AF-A0A6B3R2U3-F1-model_v4	AF-A0A6B3R2U3-F1-model_v4_TED01	afdb	start	0
AF-A0A6B3R2U3-F1-model_v4	AF-A0A6B3R2U3-F1-model_v4_TED01	afdb	end	0
AF-A0A6B3R2U3-F1-model_v4	AF-A0A6B3R2U3-F1-model_v4_TED02	afdb	start	0
AF-A0A6B3R2U3-F1-model_v4	AF-A0A6B3R2U3-F1-model_v4_TED02	afdb	end	0
AF-A0A6B3R2U3-F1-model_v4	AF-A0A6B3R2U3-F1-model_v4_TED03	afdb	start	0
AF-A0A6B3R2U3-F1-model_v4	AF-A0A6B3R2U3-F1-model_v4_TED03	afdb	end	0
AF-A0A6B3R2U3-F1-model_v4	AF-A0A6B3R2U3-F1-model_v4_TED01	esm	start	1
AF-A0A6B3R2U3-F1-model_v4	AF-A0A6B3R2U3-F1-model_v4_TED01	esm	end	-1
AF-A0A6B3R2U3-F1-model_v4	AF-A0A6B3R2U3-F1-model_v4_TED01	esm	start	1
AF-A0A6B3R2U3-F1-model_v4	AF-A0A6B3R2U3-F1-model_v4_TED01	esm	end	-5
AF-A0A6B3R2U3-F1-model_v4	AF-A0A6B3R2U3-F1-model_v4_TED02	esm	start	10
AF-A0A6B3R2U3-F1-model_v4	AF-A0A6B3R2U3-F1-model_v4_TED02	esm	end	2
AF-A0A6B3R2U3-F1-model_v4	AF-A0A6B3R2U3-F1-model_v4_TED03	esm	start	0
AF-A0A6B3R2U3-F1-model_v4	AF-A0A6B3R2U3-F1-model_v4_TED03	esm	end	0
AF-A0A814IV67-F1-model_v4	AF-A0A814IV67-F1-model_v4_TED01	afdb	start	0
AF-A0A814IV67-F1-model_v4	AF-A0A814IV67-F1-model_v4_TED01	afdb	end	0
AF-A0A814IV67-F1-model_v4	AF-A0A814IV67-F1-model_v4_TED01	afdb	start	0
AF-A0A814IV67-F1-model_v4	AF-A0A814IV67-F1-model_v4_TED01	afdb	end	0
AF-A0A814IV67-F1-model_v4	AF-A0A814IV67-F1-model_v4_TED01	esm	start	0
AF-A0A814IV67-F1-model_v4	AF-A0A814IV67-F1-model_v4_TED01	esm	end	-1
AF-A0A814IV67-F1-model_v4	AF-A0A814IV67-F1-model_v4_TED01	esm	start	-5
AF-A0A814IV67-F1-model_v4	AF-A0A814IV67-F1-model_v4_TED01	esm	end	0
AF-A0A498AXM0-F1-model_v4	AF-A0A498AXM0-F1-model_v4_TED01	afdb	start	0
AF-A0A498AXM0-F1-model_v4	AF-A0A498AXM0-F1-model_v4_TED01	afdb	end	0
AF-A0A498AXM0-F1-model_v4	AF-A0A498AXM0-F1-model_v4_TED02	afdb	start	0
AF-A0A498AXM0-F1-model_v4	AF-A0A498AXM0-F1-model_v4_TED02	afdb	end	0
AF-A0A498AXM0-F1-model_v4	AF-A0A498AXM0-F1-model_v4_TED01	esm	start	0
AF-A0A498AXM0-F1-model_v4	AF-A0A498AXM0-F1-model_v4_TED01	esm	end	0
AF-A0A498AXM0-F1-model_v4	AF-A0A498AXM0-F1-model_v4_TED02	esm	start	0
AF-A0A498AXM0-F1-model_v4	AF-A0A498AXM0-F1-model_v4_TED02	esm	end	0
AF-A0A673B0X1-F1-model_v4	AF-A0A673B0X1-F1-model_v4_TED01	afdb	start	0
AF-A0A673B0X1-F1-model_v4	AF-A0A673B0X1-F1-model_v4_TED01	afdb	end	0
AF-A0A673B0X1-F1-model_v4	AF-A0A673B0X1-F1-model_v4_TED02	afdb	start	0
AF-A0A673B0X1-F1-model_v4	AF-A0A673B0X1-F1-model_v4_TED02	afdb	end	0
AF-A0A673B0X1-F1-model_v4	AF-A0A673B0X1-F1-model_v4_TED01	esm	start	0
AF-A0A673B0X1-F1-model_v4	AF-A0A673B0X1-F1-model_v4_TED01	esm	end	0
AF-A0A673B0X1-F1-model_v4	AF-A0A673B0X1-F1-model_v4_TED02	esm	start	0
AF-A0A673B0X1-F1-model_v4	AF-A0A673B0X1-F1-model_v4_TED02	esm	end	8
AF-A0A7K0LKI7-F1-model_v4	AF-A0A7K0LKI7-F1-model_v4_TED01	afdb	start	0
AF-A0A7K0LKI7-F1-model_v4	AF-A0A7K0LKI7-F1-model_v4_TED01	afdb	end	0
AF-A0A7K0LKI7-F1-model_v4	AF-A0A7K0LKI7-F1-model_v4_TED02	afdb	start	0
AF-A0A7K0LKI7-F1-model_v4	AF-A0A7K0LKI7-F1-model_v4_TED02	afdb	end	0
AF-A0A7K0LKI7-F1-model_v4	AF-A0A7K0LKI7-F1-model_v4_TED02	afdb	start	0
AF-A0A7K0LKI7-F1-model_v4	AF-A0A7K0LKI7-F1-model_v4_TED02	afdb	end	0
AF-A0A7K0LKI7-F1-model_v4	AF-A0A7K0LKI7-F1-model_v4_TED02	esm	start	2
AF-A0A7K0LKI7-F1-model_v4	AF-A0A7K0LKI7-F1-model_v4_TED02	esm	end	0
AF-A0A7K0LKI7-F1-model_v4	AF-A0A7K0LKI7-F1-model_v4_TED02	esm	start	-1
AF-A0A7K0LKI7-F1-model_v4	AF-A0A7K0LKI7-F1-model_v4_TED02	esm	end	-5
AF-A0A7L5YS15-F1-model_v4	AF-A0A7L5YS15-F1-model_v4_TED01	afdb	start	0
AF-A0A7L5YS15-F1-model_v4	AF-A0A7L5YS15-F1-model_v4_TED01	afdb	end	0
AF-A0A2W4SFX8-F1-model_v4	AF-A0A2W4SFX8-F1-model_v4_TED01	afdb	start	0
AF-A0A2W4SFX8-F1-model_v4	AF-A0A2W4SFX8-F1-model_v4_TED01	afdb	end	0
AF-A0A2W4SFX8-F1-model_v4	AF-A0A2W4SFX8-F1-model_v4_TED02	afdb	start	0
AF-A0A2W4SFX8-F1-model_v4	AF-A0A2W4SFX8-F1-model_v4_TED02	afdb	end	0
AF-A0A2W4SFX8-F1-model_v4	AF-A0A2W4SFX8-F1-model_v4_TED02	esm	start	6
AF-A0A2W4SFX8-F1-model_v4	AF-A0A2W4SFX8-F1-model_v4_TED02	esm	end	0
AF-G4TTB8-F1-model_v4	AF-G4TTB8-F1-model_v4_TED01	afdb	start	0
AF-G4TTB8-F1-model_v4	AF-G4TTB8-F1-model_v4_TED01	afdb	end	0
AF-G4TTB8-F1-model_v4	AF-G4TTB8-F1-model_v4_TED01	esm	start	-21
AF-G4TTB8-F1-model_v4	AF-G4TTB8-F1-model_v4_TED01	esm	end	-1
AF-A0A329H779-F1-model_v4	AF-A0A329H779-F1-model_v4_TED01	afdb	start	0
AF-A0A329H779-F1-model_v4	AF-A0A329H779-F1-model_v4_TED01	afdb	end	0
AF-A0A329H779-F1-model_v4	AF-A0A329H779-F1-model_v4_TED01	esm	start	8
AF-A0A329H779-F1-model_v4	AF-A0A329H779-F1-model_v4_TED01	esm	end	-56
AF-A0A246DTQ8-F1-model_v4	AF-A0A246DTQ8-F1-model_v4_TED01	afdb	start	0
AF-A0A246DTQ8-F1-model_v4	AF-A0A246DTQ8-F1-model_v4_TED01	afdb	end	0
AF-A0A246DTQ8-F1-model_v4	AF-A0A246DTQ8-F1-model_v4_TED01	afdb	start	0
AF-A0A246DTQ8-F1-model_v4	AF-A0A246DTQ8-F1-model_v4_TED01	afdb	end	0
AF-A0A246DTQ8-F1-model_v4	AF-A0A246DTQ8-F1-model_v4_TED02	afdb	start	0
AF-A0A246DTQ8-F1-model_v4	AF-A0A246DTQ8-F1-model_v4_TED02	afdb	end	0
AF-A0A246DTQ8-F1-model_v4	AF-A0A246DTQ8-F1-model_v4_TED01	esm	start	0
AF-A0A246DTQ8-F1-model_v4	AF-A0A246DTQ8-F1-model_v4_TED01	esm	end	0
AF-A0A246DTQ8-F1-model_v4	AF-A0A246DTQ8-F1-model_v4_TED01	esm	start	-1
AF-A0A246DTQ8-F1-model_v4	AF-A0A246DTQ8-F1-model_v4_TED01	esm	end	0
AF-A0A246DTQ8-F1-model_v4	AF-A0A246DTQ8-F1-model_v4_TED02	esm	start	0
AF-A0A246DTQ8-F1-model_v4	AF-A0A246DTQ8-F1-model_v4_TED02	esm	end	0
AF-A0A7G8DEN4-F1-model_v4	AF-A0A7G8DEN4-F1-model_v4_TED01	afdb	start	0
AF-A0A7G8DEN4-F1-model_v4	AF-A0A7G8DEN4-F1-model_v4_TED01	afdb	end	0
AF-A0A7G8DEN4-F1-model_v4	AF-A0A7G8DEN4-F1-model_v4_TED01	esm	start	-1
AF-A0A7G8DEN4-F1-model_v4	AF-A0A7G8DEN4-F1-model_v4_TED01	esm	end	0
AF-A0A6L8RMH2-F1-model_v4	AF-A0A6L8RMH2-F1-model_v4_TED01	afdb	start	0
AF-A0A6L8RMH2-F1-model_v4	AF-A0A6L8RMH2-F1-model_v4_TED01	afdb	end	0
AF-A0A6L8RMH2-F1-model_v4	AF-A0A6L8RMH2-F1-model_v4_TED01	esm	start	0
AF-A0A6L8RMH2-F1-model_v4	AF-A0A6L8RMH2-F1-model_v4_TED01	esm	end	-1
AF-J0KQ73-F1-model_v4	AF-J0KQ73-F1-model_v4_TED01	afdb	start	0
AF-J0KQ73-F1-model_v4	AF-J0KQ73-F1-model_v4_TED01	afdb	end	0
AF-J0KQ73-F1-model_v4	AF-J0KQ73-F1-model_v4_TED02	afdb	start	0
AF-J0KQ73-F1-model_v4	AF-J0KQ73-F1-model_v4_TED02	afdb	end	0
AF-J0KQ73-F1-model_v4	AF-J0KQ73-F1-model_v4_TED01	esm	start	7
AF-J0KQ73-F1-model_v4	AF-J0KQ73-F1-model_v4_TED01	esm	end	-62
AF-J0KQ73-F1-model_v4	AF-J0KQ73-F1-model_v4_TED02	esm	start	-1
AF-J0KQ73-F1-model_v4	AF-J0KQ73-F1-model_v4_TED02	esm	end	0
AF-A0A1X7E0J6-F1-model_v4	AF-A0A1X7E0J6-F1-model_v4_TED01	afdb	start	0
AF-A0A1X7E0J6-F1-model_v4	AF-A0A1X7E0J6-F1-model_v4_TED01	afdb	end	0
AF-A0A1X7E0J6-F1-model_v4	AF-A0A1X7E0J6-F1-model_v4_TED01	afdb	start	0
AF-A0A1X7E0J6-F1-model_v4	AF-A0A1X7E0J6-F1-model_v4_TED01	afdb	end	0
AF-A0A1X7E0J6-F1-model_v4	AF-A0A1X7E0J6-F1-model_v4_TED02	afdb	start	0
AF-A0A1X7E0J6-F1-model_v4	AF-A0A1X7E0J6-F1-model_v4_TED02	afdb	end	0
AF-A0A1X7E0J6-F1-model_v4	AF-A0A1X7E0J6-F1-model_v4_TED01	esm	start	0
AF-A0A1X7E0J6-F1-model_v4	AF-A0A1X7E0J6-F1-model_v4_TED01	esm	end	0
AF-A0A1X7E0J6-F1-model_v4	AF-A0A1X7E0J6-F1-model_v4_TED01	esm	start	0
AF-A0A1X7E0J6-F1-model_v4	AF-A0A1X7E0J6-F1-model_v4_TED01	esm	end	-13
AF-A0A1X7E0J6-F1-model_v4	AF-A0A1X7E0J6-F1-model_v4_TED02	esm	start	0
AF-A0A1X7E0J6-F1-model_v4	AF-A0A1X7E0J6-F1-model_v4_TED02	esm	end	0
AF-A0A515EQI1-F1-model_v4	AF-A0A515EQI1-F1-model_v4_TED01	afdb	start	0
AF-A0A515EQI1-F1-model_v4	AF-A0A515EQI1-F1-model_v4_TED01	afdb	end	0
AF-A0A515EQI1-F1-model_v4	AF-A0A515EQI1-F1-model_v4_TED01	afdb	start	0
AF-A0A515EQI1-F1-model_v4	AF-A0A515EQI1-F1-model_v4_TED01	afdb	end	0
AF-A0A515EQI1-F1-model_v4	AF-A0A515EQI1-F1-model_v4_TED01	esm	start	-7
AF-A0A515EQI1-F1-model_v4	AF-A0A515EQI1-F1-model_v4_TED01	esm	end	-28
AF-A0A515EQI1-F1-model_v4	AF-A0A515EQI1-F1-model_v4_TED01	esm	start	-36
AF-A0A515EQI1-F1-model_v4	AF-A0A515EQI1-F1-model_v4_TED01	esm	end	25
AF-Q22TI4-F1-model_v4	AF-Q22TI4-F1-model_v4_TED01	afdb	start	0
AF-Q22TI4-F1-model_v4	AF-Q22TI4-F1-model_v4_TED01	afdb	end	0
AF-Q22TI4-F1-model_v4	AF-Q22TI4-F1-model_v4_TED01	esm	start	8
AF-Q22TI4-F1-model_v4	AF-Q22TI4-F1-model_v4_TED01	esm	end	3
AF-A0A0P7V5E9-F1-model_v4	AF-A0A0P7V5E9-F1-model_v4_TED01	afdb	start	0
AF-A0A0P7V5E9-F1-model_v4	AF-A0A0P7V5E9-F1-model_v4_TED01	afdb	end	0
AF-A0A0P7V5E9-F1-model_v4	AF-A0A0P7V5E9-F1-model_v4_TED01	esm	start	-27
AF-A0A0P7V5E9-F1-model_v4	AF-A0A0P7V5E9-F1-model_v4_TED01	esm	end	0
AF-A0A1A0ILL1-F1-model_v4	AF-A0A1A0ILL1-F1-model_v4_TED01	afdb	start	0
AF-A0A1A0ILL1-F1-model_v4	AF-A0A1A0ILL1-F1-model_v4_TED01	afdb	end	0
AF-A0A1A0ILL1-F1-model_v4	AF-A0A1A0ILL1-F1-model_v4_TED02	afdb	start	0
AF-A0A1A0ILL1-F1-model_v4	AF-A0A1A0ILL1-F1-model_v4_TED02	afdb	end	0
AF-A0A1A0ILL1-F1-model_v4	AF-A0A1A0ILL1-F1-model_v4_TED01	esm	start	-3
AF-A0A1A0ILL1-F1-model_v4	AF-A0A1A0ILL1-F1-model_v4_TED01	esm	end	0
AF-A0A1A0ILL1-F1-model_v4	AF-A0A1A0ILL1-F1-model_v4_TED02	esm	start	0
AF-A0A1A0ILL1-F1-model_v4	AF-A0A1A0ILL1-F1-model_v4_TED02	esm	end	-3
AF-E9RTE9-F1-model_v4	AF-E9RTE9-F1-model_v4_TED01	afdb	start	0
AF-E9RTE9-F1-model_v4	AF-E9RTE9-F1-model_v4_TED01	afdb	end	0
AF-E9RTE9-F1-model_v4	AF-E9RTE9-F1-model_v4_TED01	esm	start	4
AF-E9RTE9-F1-model_v4	AF-E9RTE9-F1-model_v4_TED01	esm	end	2
AF-A0A087MA70-F1-model_v4	AF-A0A087MA70-F1-model_v4_TED01	afdb	start	0
AF-A0A087MA70-F1-model_v4	AF-A0A087MA70-F1-model_v4_TED01	afdb	end	0
AF-A0A087MA70-F1-model_v4	AF-A0A087MA70-F1-model_v4_TED02	afdb	start	0
AF-A0A087MA70-F1-model_v4	AF-A0A087MA70-F1-model_v4_TED02	afdb	end	0
AF-A0A087MA70-F1-model_v4	AF-A0A087MA70-F1-model_v4_TED03	afdb	start	0
AF-A0A087MA70-F1-model_v4	AF-A0A087MA70-F1-model_v4_TED03	afdb	end	0
AF-A0A087MA70-F1-model_v4	AF-A0A087MA70-F1-model_v4_TED03	afdb	start	0
AF-A0A087MA70-F1-model_v4	AF-A0A087MA70-F1-model_v4_TED03	afdb	end	0
AF-A0A087MA70-F1-model_v4	AF-A0A087MA70-F1-model_v4_TED04	afdb	start	0
AF-A0A087MA70-F1-model_v4	AF-A0A087MA70-F1-model_v4_TED04	afdb	end	0
AF-A0A087MA70-F1-model_v4	AF-A0A087MA70-F1-model_v4_TED01	esm	start	0
AF-A0A087MA70-F1-model_v4	AF-A0A087MA70-F1-model_v4_TED01	esm	end	4
AF-A0A087MA70-F1-model_v4	AF-A0A087MA70-F1-model_v4_TED02	esm	start	1
AF-A0A087MA70-F1-model_v4	AF-A0A087MA70-F1-model_v4_TED02	esm	end	-4
AF-A0A087MA70-F1-model_v4	AF-A0A087MA70-F1-model_v4_TED03	esm	start	0
AF-A0A087MA70-F1-model_v4	AF-A0A087MA70-F1-model_v4_TED03	esm	end	4
AF-A0A087MA70-F1-model_v4	AF-A0A087MA70-F1-model_v4_TED03	esm	start	-23
AF-A0A087MA70-F1-model_v4	AF-A0A087MA70-F1-model_v4_TED03	esm	end	0
AF-A0A087MA70-F1-model_v4	AF-A0A087MA70-F1-model_v4_TED04	esm	start	-14
AF-A0A087MA70-F1-model_v4	AF-A0A087MA70-F1-model_v4_TED04	esm	end	-1
AF-A0A0C1U483-F1-model_v4	AF-A0A0C1U483-F1-model_v4_TED01	afdb	start	0
AF-A0A0C1U483-F1-model_v4	AF-A0A0C1U483-F1-model_v4_TED01	afdb	end	0
AF-A0A0C1U483-F1-model_v4	AF-A0A0C1U483-F1-model_v4_TED02	afdb	start	0
AF-A0A0C1U483-F1-model_v4	AF-A0A0C1U483-F1-model_v4_TED02	afdb	end	0
AF-A0A0C1U483-F1-model_v4	AF-A0A0C1U483-F1-model_v4_TED03	afdb	start	0
AF-A0A0C1U483-F1-model_v4	AF-A0A0C1U483-F1-model_v4_TED03	afdb	end	0
AF-A0A0C1U483-F1-model_v4	AF-A0A0C1U483-F1-model_v4_TED01	esm	start	0
AF-A0A0C1U483-F1-model_v4	AF-A0A0C1U483-F1-model_v4_TED01	esm	end	1
AF-A0A0C1U483-F1-model_v4	AF-A0A0C1U483-F1-model_v4_TED02	esm	start	27
AF-A0A0C1U483-F1-model_v4	AF-A0A0C1U483-F1-model_v4_TED02	esm	end	1
AF-A0A0C1U483-F1-model_v4	AF-A0A0C1U483-F1-model_v4_TED03	esm	start	0
AF-A0A0C1U483-F1-model_v4	AF-A0A0C1U483-F1-model_v4_TED03	esm	end	0
AF-A0A5C5STT7-F1-model_v4	AF-A0A5C5STT7-F1-model_v4_TED01	afdb	start	0
AF-A0A5C5STT7-F1-model_v4	AF-A0A5C5STT7-F1-model_v4_TED01	afdb	end	0
AF-A0A5C5STT7-F1-model_v4	AF-A0A5C5STT7-F1-model_v4_TED01	esm	start	0
AF-A0A5C5STT7-F1-model_v4	AF-A0A5C5STT7-F1-model_v4_TED01	esm	end	-1
AF-A0A2N6G657-F1-model_v4	AF-A0A2N6G657-F1-model_v4_TED01	afdb	start	0
AF-A0A2N6G657-F1-model_v4	AF-A0A2N6G657-F1-model_v4_TED01	afdb	end	0
AF-A0A2N6G657-F1-model_v4	AF-A0A2N6G657-F1-model_v4_TED01	esm	start	0
AF-A0A2N6G657-F1-model_v4	AF-A0A2N6G657-F1-model_v4_TED01	esm	end	10
AF-A0A7Z7FLR6-F1-model_v4	AF-A0A7Z7FLR6-F1-model_v4_TED01	afdb	start	0
AF-A0A7Z7FLR6-F1-model_v4	AF-A0A7Z7FLR6-F1-model_v4_TED01	afdb	end	0
AF-A0A7Z7FLR6-F1-model_v4	AF-A0A7Z7FLR6-F1-model_v4_TED01	esm	start	93
AF-A0A7Z7FLR6-F1-model_v4	AF-A0A7Z7FLR6-F1-model_v4_TED01	esm	end	-8
AF-A0A7L2EXJ9-F1-model_v4	AF-A0A7L2EXJ9-F1-model_v4_TED01	afdb	start	0
AF-A0A7L2EXJ9-F1-model_v4	AF-A0A7L2EXJ9-F1-model_v4_TED01	afdb	end	0
AF-A0A7L2EXJ9-F1-model_v4	AF-A0A7L2EXJ9-F1-model_v4_TED01	afdb	start	0
AF-A0A7L2EXJ9-F1-model_v4	AF-A0A7L2EXJ9-F1-model_v4_TED01	afdb	end	0
AF-A0A7L2EXJ9-F1-model_v4	AF-A0A7L2EXJ9-F1-model_v4_TED01	esm	start	0
AF-A0A7L2EXJ9-F1-model_v4	AF-A0A7L2EXJ9-F1-model_v4_TED01	esm	end	-24
AF-A0A7L2EXJ9-F1-model_v4	AF-A0A7L2EXJ9-F1-model_v4_TED01	esm	start	-35
AF-A0A7L2EXJ9-F1-model_v4	AF-A0A7L2EXJ9-F1-model_v4_TED01	esm	end	0
AF-L7E1I8-F1-model_v4	AF-L7E1I8-F1-model_v4_TED01	afdb	start	0
AF-L7E1I8-F1-model_v4	AF-L7E1I8-F1-model_v4_TED01	afdb	end	0
AF-L7E1I8-F1-model_v4	AF-L7E1I8-F1-model_v4_TED01	esm	start	0
AF-L7E1I8-F1-model_v4	AF-L7E1I8-F1-model_v4_TED01	esm	end	1
AF-A0A5C4RQC8-F1-model_v4	AF-A0A5C4RQC8-F1-model_v4_TED01	afdb	start	0
AF-A0A5C4RQC8-F1-model_v4	AF-A0A5C4RQC8-F1-model_v4_TED01	afdb	end	0
AF-A0A5C4RQC8-F1-model_v4	AF-A0A5C4RQC8-F1-model_v4_TED01	esm	start	0
AF-A0A5C4RQC8-F1-model_v4	AF-A0A5C4RQC8-F1-model_v4_TED01	esm	end	1
AF-A0A7S1GCI1-F1-model_v4	AF-A0A7S1GCI1-F1-model_v4_TED01	afdb	start	0
AF-A0A7S1GCI1-F1-model_v4	AF-A0A7S1GCI1-F1-model_v4_TED01	afdb	end	0
AF-A0A7S1GCI1-F1-model_v4	AF-A0A7S1GCI1-F1-model_v4_TED01	esm	start	0
AF-A0A7S1GCI1-F1-model_v4	AF-A0A7S1GCI1-F1-model_v4_TED01	esm	end	28
AF-K2AE21-F1-model_v4	AF-K2AE21-F1-model_v4_TED01	afdb	start	0
AF-K2AE21-F1-model_v4	AF-K2AE21-F1-model_v4_TED01	afdb	end	0
AF-K2AE21-F1-model_v4	AF-K2AE21-F1-model_v4_TED02	afdb	start	0
AF-K2AE21-F1-model_v4	AF-K2AE21-F1-model_v4_TED02	afdb	end	0
AF-K2AE21-F1-model_v4	AF-K2AE21-F1-model_v4_TED01	esm	start	1
AF-K2AE21-F1-model_v4	AF-K2AE21-F1-model_v4_TED01	esm	end	44
AF-A0A7K3LI97-F1-model_v4	AF-A0A7K3LI97-F1-model_v4_TED01	afdb	start	0
AF-A0A7K3LI97-F1-model_v4	AF-A0A7K3LI97-F1-model_v4_TED01	afdb	end	0
AF-A0A7K3LI97-F1-model_v4	AF-A0A7K3LI97-F1-model_v4_TED01	esm	start	0
AF-A0A7K3LI97-F1-model_v4	AF-A0A7K3LI97-F1-model_v4_TED01	esm	end	0
AF-A0A511WX98-F1-model_v4	AF-A0A511WX98-F1-model_v4_TED01	afdb	start	0
AF-A0A511WX98-F1-model_v4	AF-A0A511WX98-F1-model_v4_TED01	afdb	end	0
AF-A0A511WX98-F1-model_v4	AF-A0A511WX98-F1-model_v4_TED01	esm	start	0
AF-A0A511WX98-F1-model_v4	AF-A0A511WX98-F1-model_v4_TED01	esm	end	0
AF-Q098G2-F1-model_v4	AF-Q098G2-F1-model_v4_TED01	afdb	start	0
AF-Q098G2-F1-model_v4	AF-Q098G2-F1-model_v4_TED01	afdb	end	0
AF-Q098G2-F1-model_v4	AF-Q098G2-F1-model_v4_TED02	afdb	start	0
AF-Q098G2-F1-model_v4	AF-Q098G2-F1-model_v4_TED02	afdb	end	0
AF-Q098G2-F1-model_v4	AF-Q098G2-F1-model_v4_TED01	esm	start	-1
AF-Q098G2-F1-model_v4	AF-Q098G2-F1-model_v4_TED01	esm	end	0
AF-Q098G2-F1-model_v4	AF-Q098G2-F1-model_v4_TED02	esm	start	1
AF-Q098G2-F1-model_v4	AF-Q098G2-F1-model_v4_TED02	esm	end	0
AF-A0A2S8RN53-F1-model_v4	AF-A0A2S8RN53-F1-model_v4_TED01	afdb	start	0
AF-A0A2S8RN53-F1-model_v4	AF-A0A2S8RN53-F1-model_v4_TED01	afdb	end	0
AF-A0A2S8RN53-F1-model_v4	AF-A0A2S8RN53-F1-model_v4_TED01	esm	start	0
AF-A0A2S8RN53-F1-model_v4	AF-A0A2S8RN53-F1-model_v4_TED01	esm	end	2
AF-A0A1G5L1Z0-F1-model_v4	AF-A0A1G5L1Z0-F1-model_v4_TED01	afdb	start	0
AF-A0A1G5L1Z0-F1-model_v4	AF-A0A1G5L1Z0-F1-model_v4_TED01	afdb	end	0
AF-A0A1G5L1Z0-F1-model_v4	AF-A0A1G5L1Z0-F1-model_v4_TED02	afdb	start	0
AF-A0A1G5L1Z0-F1-model_v4	AF-A0A1G5L1Z0-F1-model_v4_TED02	afdb	end	0
AF-A0A1G5L1Z0-F1-model_v4	AF-A0A1G5L1Z0-F1-model_v4_TED01	esm	start	0
AF-A0A1G5L1Z0-F1-model_v4	AF-A0A1G5L1Z0-F1-model_v4_TED01	esm	end	0
AF-A0A1G5L1Z0-F1-model_v4	AF-A0A1G5L1Z0-F1-model_v4_TED02	esm	start	0
AF-A0A1G5L1Z0-F1-model_v4	AF-A0A1G5L1Z0-F1-model_v4_TED02	esm	end	0
AF-A0A507EVP1-F1-model_v4	AF-A0A507EVP1-F1-model_v4_TED01	afdb	start	0
AF-A0A507EVP1-F1-model_v4	AF-A0A507EVP1-F1-model_v4_TED01	afdb	end	0
AF-A0A507EVP1-F1-model_v4	AF-A0A507EVP1-F1-model_v4_TED02	afdb	start	0
AF-A0A507EVP1-F1-model_v4	AF-A0A507EVP1-F1-model_v4_TED02	afdb	end	0
AF-A0A507EVP1-F1-model_v4	AF-A0A507EVP1-F1-model_v4_TED01	esm	start	0
AF-A0A507EVP1-F1-model_v4	AF-A0A507EVP1-F1-model_v4_TED01	esm	end	-1
AF-A0A507EVP1-F1-model_v4	AF-A0A507EVP1-F1-model_v4_TED02	esm	start	-6
AF-A0A507EVP1-F1-model_v4	AF-A0A507EVP1-F1-model_v4_TED02	esm	end	0
AF-A0A0G2RBZ5-F1-model_v4	AF-A0A0G2RBZ5-F1-model_v4_TED01	afdb	start	1
AF-A0A0G2RBZ5-F1-model_v4	AF-A0A0G2RBZ5-F1-model_v4_TED01	afdb	end	1
AF-A0A0G2RBZ5-F1-model_v4	AF-A0A0G2RBZ5-F1-model_v4_TED01	afdb	start	0
AF-A0A0G2RBZ5-F1-model_v4	AF-A0A0G2RBZ5-F1-model_v4_TED01	afdb	end	0
AF-A0A0G2RBZ5-F1-model_v4	AF-A0A0G2RBZ5-F1-model_v4_TED01	afdb	start	0
AF-A0A0G2RBZ5-F1-model_v4	AF-A0A0G2RBZ5-F1-model_v4_TED01	afdb	end	0
AF-A0A0G2RBZ5-F1-model_v4	AF-A0A0G2RBZ5-F1-model_v4_TED01	esm	start	2
AF-A0A0G2RBZ5-F1-model_v4	AF-A0A0G2RBZ5-F1-model_v4_TED01	esm	end	0
AF-A0A0G2RBZ5-F1-model_v4	AF-A0A0G2RBZ5-F1-model_v4_TED01	esm	start	0
AF-A0A0G2RBZ5-F1-model_v4	AF-A0A0G2RBZ5-F1-model_v4_TED01	esm	end	-30
AF-A0A0G2RBZ5-F1-model_v4	AF-A0A0G2RBZ5-F1-model_v4_TED01	esm	start	32
AF-A0A0G2RBZ5-F1-model_v4	AF-A0A0G2RBZ5-F1-model_v4_TED01	esm	end	0
AF-A0A6V7C0B8-F1-model_v4	AF-A0A6V7C0B8-F1-model_v4_TED01	afdb	start	0
AF-A0A6V7C0B8-F1-model_v4	AF-A0A6V7C0B8-F1-model_v4_TED01	afdb	end	0
AF-A0A6V7C0B8-F1-model_v4	AF-A0A6V7C0B8-F1-model_v4_TED01	esm	start	-1
AF-A0A6V7C0B8-F1-model_v4	AF-A0A6V7C0B8-F1-model_v4_TED01	esm	end	6
AF-A0A3N7Z6Y0-F1-model_v4	AF-A0A3N7Z6Y0-F1-model_v4_TED01	afdb	start	0
AF-A0A3N7Z6Y0-F1-model_v4	AF-A0A3N7Z6Y0-F1-model_v4_TED01	afdb	end	0
AF-A0A3N7Z6Y0-F1-model_v4	AF-A0A3N7Z6Y0-F1-model_v4_TED01	esm	start	0
AF-A0A3N7Z6Y0-F1-model_v4	AF-A0A3N7Z6Y0-F1-model_v4_TED01	esm	end	5
AF-A0A6N8YC37-F1-model_v4	AF-A0A6N8YC37-F1-model_v4_TED01	afdb	start	0
AF-A0A6N8YC37-F1-model_v4	AF-A0A6N8YC37-F1-model_v4_TED01	afdb	end	0
AF-A0A6N8YC37-F1-model_v4	AF-A0A6N8YC37-F1-model_v4_TED01	afdb	start	0
AF-A0A6N8YC37-F1-model_v4	AF-A0A6N8YC37-F1-model_v4_TED01	afdb	end	0
AF-A0A6N8YC37-F1-model_v4	AF-A0A6N8YC37-F1-model_v4_TED02	afdb	start	0
AF-A0A6N8YC37-F1-model_v4	AF-A0A6N8YC37-F1-model_v4_TED02	afdb	end	0
AF-A0A6N8YC37-F1-model_v4	AF-A0A6N8YC37-F1-model_v4_TED03	afdb	start	0
AF-A0A6N8YC37-F1-model_v4	AF-A0A6N8YC37-F1-model_v4_TED03	afdb	end	0
AF-A0A6N8YC37-F1-model_v4	AF-A0A6N8YC37-F1-model_v4_TED03	afdb	start	0
AF-A0A6N8YC37-F1-model_v4	AF-A0A6N8YC37-F1-model_v4_TED03	afdb	end	0
AF-A0A6N8YC37-F1-model_v4	AF-A0A6N8YC37-F1-model_v4_TED04	afdb	start	0
AF-A0A6N8YC37-F1-model_v4	AF-A0A6N8YC37-F1-model_v4_TED04	afdb	end	0
AF-A0A6N8YC37-F1-model_v4	AF-A0A6N8YC37-F1-model_v4_TED01	esm	start	2
AF-A0A6N8YC37-F1-model_v4	AF-A0A6N8YC37-F1-model_v4_TED01	esm	end	1
AF-A0A6N8YC37-F1-model_v4	AF-A0A6N8YC37-F1-model_v4_TED01	esm	start	0
AF-A0A6N8YC37-F1-model_v4	AF-A0A6N8YC37-F1-model_v4_TED01	esm	end	-41
AF-A0A6N8YC37-F1-model_v4	AF-A0A6N8YC37-F1-model_v4_TED03	esm	start	0
AF-A0A6N8YC37-F1-model_v4	AF-A0A6N8YC37-F1-model_v4_TED03	esm	end	61
AF-A0A6N8YC37-F1-model_v4	AF-A0A6N8YC37-F1-model_v4_TED03	esm	start	52
AF-A0A6N8YC37-F1-model_v4	AF-A0A6N8YC37-F1-model_v4_TED03	esm	end	0
AF-A0A6N8YC37-F1-model_v4	AF-A0A6N8YC37-F1-model_v4_TED04	esm	start	0
AF-A0A6N8YC37-F1-model_v4	AF-A0A6N8YC37-F1-model_v4_TED04	esm	end	0
AF-A0A6I6L296-F1-model_v4	AF-A0A6I6L296-F1-model_v4_TED01	afdb	start	0
AF-A0A6I6L296-F1-model_v4	AF-A0A6I6L296-F1-model_v4_TED01	afdb	end	0
AF-A0A6I6L296-F1-model_v4	AF-A0A6I6L296-F1-model_v4_TED02	afdb	start	0
AF-A0A6I6L296-F1-model_v4	AF-A0A6I6L296-F1-model_v4_TED02	afdb	end	0
AF-A0A6I6L296-F1-model_v4	AF-A0A6I6L296-F1-model_v4_TED01	esm	start	3
AF-A0A6I6L296-F1-model_v4	AF-A0A6I6L296-F1-model_v4_TED01	esm	end	0
AF-A0A6I6L296-F1-model_v4	AF-A0A6I6L296-F1-model_v4_TED02	esm	start	0
AF-A0A6I6L296-F1-model_v4	AF-A0A6I6L296-F1-model_v4_TED02	esm	end	0
AF-A0A4Q9QCC0-F1-model_v4	AF-A0A4Q9QCC0-F1-model_v4_TED01	afdb	start	0
AF-A0A4Q9QCC0-F1-model_v4	AF-A0A4Q9QCC0-F1-model_v4_TED01	afdb	end	0
AF-A0A4Q9QCC0-F1-model_v4	AF-A0A4Q9QCC0-F1-model_v4_TED02	afdb	start	0
AF-A0A4Q9QCC0-F1-model_v4	AF-A0A4Q9QCC0-F1-model_v4_TED02	afdb	end	0
AF-A0A4Q9QCC0-F1-model_v4	AF-A0A4Q9QCC0-F1-model_v4_TED03	afdb	start	0
AF-A0A4Q9QCC0-F1-model_v4	AF-A0A4Q9QCC0-F1-model_v4_TED03	afdb	end	0
AF-A0A4Q9QCC0-F1-model_v4	AF-A0A4Q9QCC0-F1-model_v4_TED01	esm	start	0
AF-A0A4Q9QCC0-F1-model_v4	AF-A0A4Q9QCC0-F1-model_v4_TED01	esm	end	0
AF-A0A4Q9QCC0-F1-model_v4	AF-A0A4Q9QCC0-F1-model_v4_TED02	esm	start	0
AF-A0A4Q9QCC0-F1-model_v4	AF-A0A4Q9QCC0-F1-model_v4_TED02	esm	end	0
AF-A0A4Q9QCC0-F1-model_v4	AF-A0A4Q9QCC0-F1-model_v4_TED03	esm	start	0
AF-A0A4Q9QCC0-F1-model_v4	AF-A0A4Q9QCC0-F1-model_v4_TED03	esm	end	0
AF-A0A5N5MJJ0-F1-model_v4	AF-A0A5N5MJJ0-F1-model_v4_TED01	afdb	start	0
AF-A0A5N5MJJ0-F1-model_v4	AF-A0A5N5MJJ0-F1-model_v4_TED01	afdb	end	0
AF-A0A5N5MJJ0-F1-model_v4	AF-A0A5N5MJJ0-F1-model_v4_TED02	afdb	start	0
AF-A0A5N5MJJ0-F1-model_v4	AF-A0A5N5MJJ0-F1-model_v4_TED02	afdb	end	0
AF-A0A5N5MJJ0-F1-model_v4	AF-A0A5N5MJJ0-F1-model_v4_TED03	afdb	start	0
AF-A0A5N5MJJ0-F1-model_v4	AF-A0A5N5MJJ0-F1-model_v4_TED03	afdb	end	0
AF-A0A5N5MJJ0-F1-model_v4	AF-A0A5N5MJJ0-F1-model_v4_TED03	afdb	start	0
AF-A0A5N5MJJ0-F1-model_v4	AF-A0A5N5MJJ0-F1-model_v4_TED03	afdb	end	0
AF-A0A5N5MJJ0-F1-model_v4	AF-A0A5N5MJJ0-F1-model_v4_TED04	afdb	start	0
AF-A0A5N5MJJ0-F1-model_v4	AF-A0A5N5MJJ0-F1-model_v4_TED04	afdb	end	0
AF-A0A5N5MJJ0-F1-model_v4	AF-A0A5N5MJJ0-F1-model_v4_TED01	esm	start	0
AF-A0A5N5MJJ0-F1-model_v4	AF-A0A5N5MJJ0-F1-model_v4_TED01	esm	end	9
AF-A0A5N5MJJ0-F1-model_v4	AF-A0A5N5MJJ0-F1-model_v4_TED02	esm	start	0
AF-A0A5N5MJJ0-F1-model_v4	AF-A0A5N5MJJ0-F1-model_v4_TED02	esm	end	-1
AF-A0A5N5MJJ0-F1-model_v4	AF-A0A5N5MJJ0-F1-model_v4_TED03	esm	start	15
AF-A0A5N5MJJ0-F1-model_v4	AF-A0A5N5MJJ0-F1-model_v4_TED03	esm	end	-88
AF-A0A5N5MJJ0-F1-model_v4	AF-A0A5N5MJJ0-F1-model_v4_TED03	esm	start	84
AF-A0A5N5MJJ0-F1-model_v4	AF-A0A5N5MJJ0-F1-model_v4_TED03	esm	end	26
AF-A0A5N5MJJ0-F1-model_v4	AF-A0A5N5MJJ0-F1-model_v4_TED04	esm	start	0
AF-A0A5N5MJJ0-F1-model_v4	AF-A0A5N5MJJ0-F1-model_v4_TED04	esm	end	0
AF-A0A480ZMB3-F1-model_v4	AF-A0A480ZMB3-F1-model_v4_TED01	afdb	start	0
AF-A0A480ZMB3-F1-model_v4	AF-A0A480ZMB3-F1-model_v4_TED01	afdb	end	0
AF-A0A480ZMB3-F1-model_v4	AF-A0A480ZMB3-F1-model_v4_TED02	afdb	start	0
AF-A0A480ZMB3-F1-model_v4	AF-A0A480ZMB3-F1-model_v4_TED02	afdb	end	0
AF-A0A480ZMB3-F1-model_v4	AF-A0A480ZMB3-F1-model_v4_TED02	afdb	start	0
AF-A0A480ZMB3-F1-model_v4	AF-A0A480ZMB3-F1-model_v4_TED02	afdb	end	0
AF-A0A480ZMB3-F1-model_v4	AF-A0A480ZMB3-F1-model_v4_TED01	esm	start	-1
AF-A0A480ZMB3-F1-model_v4	AF-A0A480ZMB3-F1-model_v4_TED01	esm	end	19
AF-A0A480ZMB3-F1-model_v4	AF-A0A480ZMB3-F1-model_v4_TED02	esm	start	46
AF-A0A480ZMB3-F1-model_v4	AF-A0A480ZMB3-F1-model_v4_TED02	esm	end	106
AF-A0A480ZMB3-F1-model_v4	AF-A0A480ZMB3-F1-model_v4_TED02	esm	start	86
AF-A0A480ZMB3-F1-model_v4	AF-A0A480ZMB3-F1-model_v4_TED02	esm	end	21
AF-A0A3Q3NLI0-F1-model_v4	AF-A0A3Q3NLI0-F1-model_v4_TED01	afdb	start	0
AF-A0A3Q3NLI0-F1-model_v4	AF-A0A3Q3NLI0-F1-model_v4_TED01	afdb	end	0
AF-A0A3Q3NLI0-F1-model_v4	AF-A0A3Q3NLI0-F1-model_v4_TED02	afdb	start	0
AF-A0A3Q3NLI0-F1-model_v4	AF-A0A3Q3NLI0-F1-model_v4_TED02	afdb	end	0
AF-A0A3Q3NLI0-F1-model_v4	AF-A0A3Q3NLI0-F1-model_v4_TED03	afdb	start	0
AF-A0A3Q3NLI0-F1-model_v4	AF-A0A3Q3NLI0-F1-model_v4_TED03	afdb	end	0
AF-A0A3Q3NLI0-F1-model_v4	AF-A0A3Q3NLI0-F1-model_v4_TED01	esm	start	-3
AF-A0A3Q3NLI0-F1-model_v4	AF-A0A3Q3NLI0-F1-model_v4_TED01	esm	end	0
AF-A0A3Q3NLI0-F1-model_v4	AF-A0A3Q3NLI0-F1-model_v4_TED02	esm	start	2
AF-A0A3Q3NLI0-F1-model_v4	AF-A0A3Q3NLI0-F1-model_v4_TED02	esm	end	0
AF-A0A2U1UX61-F1-model_v4	AF-A0A2U1UX61-F1-model_v4_TED01	afdb	start	0
AF-A0A2U1UX61-F1-model_v4	AF-A0A2U1UX61-F1-model_v4_TED01	afdb	end	0
AF-A0A2U1UX61-F1-model_v4	AF-A0A2U1UX61-F1-model_v4_TED01	afdb	start	0
AF-A0A2U1UX61-F1-model_v4	AF-A0A2U1UX61-F1-model_v4_TED01	afdb	end	0
AF-A0A2U1UX61-F1-model_v4	AF-A0A2U1UX61-F1-model_v4_TED01	esm	start	33
AF-A0A2U1UX61-F1-model_v4	AF-A0A2U1UX61-F1-model_v4_TED01	esm	end	-6
AF-A0A2U1UX61-F1-model_v4	AF-A0A2U1UX61-F1-model_v4_TED01	esm	start	-5
AF-A0A2U1UX61-F1-model_v4	AF-A0A2U1UX61-F1-model_v4_TED01	esm	end	0
AF-A0A0W1A276-F1-model_v4	AF-A0A0W1A276-F1-model_v4_TED01	afdb	start	0
AF-A0A0W1A276-F1-model_v4	AF-A0A0W1A276-F1-model_v4_TED01	afdb	end	0
AF-A0A0W1A276-F1-model_v4	AF-A0A0W1A276-F1-model_v4_TED01	afdb	start	0
AF-A0A0W1A276-F1-model_v4	AF-A0A0W1A276-F1-model_v4_TED01	afdb	end	0
AF-A0A0W1A276-F1-model_v4	AF-A0A0W1A276-F1-model_v4_TED01	afdb	start	0
AF-A0A0W1A276-F1-model_v4	AF-A0A0W1A276-F1-model_v4_TED01	afdb	end	0
AF-A0A0W1A276-F1-model_v4	AF-A0A0W1A276-F1-model_v4_TED01	afdb	start	0
AF-A0A0W1A276-F1-model_v4	AF-A0A0W1A276-F1-model_v4_TED01	afdb	end	0
AF-A0A0W1A276-F1-model_v4	AF-A0A0W1A276-F1-model_v4_TED02	afdb	start	0
AF-A0A0W1A276-F1-model_v4	AF-A0A0W1A276-F1-model_v4_TED02	afdb	end	0
AF-A0A0W1A276-F1-model_v4	AF-A0A0W1A276-F1-model_v4_TED02	afdb	start	0
AF-A0A0W1A276-F1-model_v4	AF-A0A0W1A276-F1-model_v4_TED02	afdb	end	0
AF-A0A0W1A276-F1-model_v4	AF-A0A0W1A276-F1-model_v4_TED02	afdb	start	0
AF-A0A0W1A276-F1-model_v4	AF-A0A0W1A276-F1-model_v4_TED02	afdb	end	0
AF-A0A0W1A276-F1-model_v4	AF-A0A0W1A276-F1-model_v4_TED01	esm	start	1
AF-A0A0W1A276-F1-model_v4	AF-A0A0W1A276-F1-model_v4_TED01	esm	end	-57
AF-A0A0W1A276-F1-model_v4	AF-A0A0W1A276-F1-model_v4_TED01	esm	start	-77
AF-A0A0W1A276-F1-model_v4	AF-A0A0W1A276-F1-model_v4_TED01	esm	end	-143
AF-A0A0W1A276-F1-model_v4	AF-A0A0W1A276-F1-model_v4_TED01	esm	start	-183
AF-A0A0W1A276-F1-model_v4	AF-A0A0W1A276-F1-model_v4_TED01	esm	end	237
AF-A0A0W1A276-F1-model_v4	AF-A0A0W1A276-F1-model_v4_TED01	esm	start	60
AF-A0A0W1A276-F1-model_v4	AF-A0A0W1A276-F1-model_v4_TED01	esm	end	-1
AF-A0A7L9K1E5-F1-model_v4	AF-A0A7L9K1E5-F1-model_v4_TED01	afdb	start	0
AF-A0A7L9K1E5-F1-model_v4	AF-A0A7L9K1E5-F1-model_v4_TED01	afdb	end	0
AF-A0A7L9K1E5-F1-model_v4	AF-A0A7L9K1E5-F1-model_v4_TED01	afdb	start	0
AF-A0A7L9K1E5-F1-model_v4	AF-A0A7L9K1E5-F1-model_v4_TED01	afdb	end	0
AF-A0A7L9K1E5-F1-model_v4	AF-A0A7L9K1E5-F1-model_v4_TED02	afdb	start	0
AF-A0A7L9K1E5-F1-model_v4	AF-A0A7L9K1E5-F1-model_v4_TED02	afdb	end	0
AF-A0A7L9K1E5-F1-model_v4	AF-A0A7L9K1E5-F1-model_v4_TED01	esm	start	0
AF-A0A7L9K1E5-F1-model_v4	AF-A0A7L9K1E5-F1-model_v4_TED01	esm	end	1
AF-A0A7L9K1E5-F1-model_v4	AF-A0A7L9K1E5-F1-model_v4_TED01	esm	start	0
AF-A0A7L9K1E5-F1-model_v4	AF-A0A7L9K1E5-F1-model_v4_TED01	esm	end	0
AF-A0A7L9K1E5-F1-model_v4	AF-A0A7L9K1E5-F1-model_v4_TED02	esm	start	0
AF-A0A7L9K1E5-F1-model_v4	AF-A0A7L9K1E5-F1-model_v4_TED02	esm	end	0
AF-A0A851Z7A0-F1-model_v4	AF-A0A851Z7A0-F1-model_v4_TED01	afdb	start	0
AF-A0A851Z7A0-F1-model_v4	AF-A0A851Z7A0-F1-model_v4_TED01	afdb	end	0
AF-A0A851Z7A0-F1-model_v4	AF-A0A851Z7A0-F1-model_v4_TED01	afdb	start	0
AF-A0A851Z7A0-F1-model_v4	AF-A0A851Z7A0-F1-model_v4_TED01	afdb	end	0
AF-A0A4R5LRG9-F1-model_v4	AF-A0A4R5LRG9-F1-model_v4_TED01	afdb	start	0
AF-A0A4R5LRG9-F1-model_v4	AF-A0A4R5LRG9-F1-model_v4_TED01	afdb	end	0
AF-A0A4R5LRG9-F1-model_v4	AF-A0A4R5LRG9-F1-model_v4_TED01	afdb	start	0
AF-A0A4R5LRG9-F1-model_v4	AF-A0A4R5LRG9-F1-model_v4_TED01	afdb	end	0
AF-A0A4R5LRG9-F1-model_v4	AF-A0A4R5LRG9-F1-model_v4_TED01	esm	start	3
AF-A0A4R5LRG9-F1-model_v4	AF-A0A4R5LRG9-F1-model_v4_TED01	esm	end	-2
AF-A0A4R5LRG9-F1-model_v4	AF-A0A4R5LRG9-F1-model_v4_TED01	esm	start	16
AF-A0A4R5LRG9-F1-model_v4	AF-A0A4R5LRG9-F1-model_v4_TED01	esm	end	1
AF-A0A7S1T9L3-F1-model_v4	AF-A0A7S1T9L3-F1-model_v4_TED01	afdb	start	0
AF-A0A7S1T9L3-F1-model_v4	AF-A0A7S1T9L3-F1-model_v4_TED01	afdb	end	0
AF-A0A7S1T9L3-F1-model_v4	AF-A0A7S1T9L3-F1-model_v4_TED01	afdb	start	0
AF-A0A7S1T9L3-F1-model_v4	AF-A0A7S1T9L3-F1-model_v4_TED01	afdb	end	0
AF-A0A7S1T9L3-F1-model_v4	AF-A0A7S1T9L3-F1-model_v4_TED01	esm	start	-1
AF-A0A7S1T9L3-F1-model_v4	AF-A0A7S1T9L3-F1-model_v4_TED01	esm	end	-21
AF-A0A7S1T9L3-F1-model_v4	AF-A0A7S1T9L3-F1-model_v4_TED01	esm	start	-33
AF-A0A7S1T9L3-F1-model_v4	AF-A0A7S1T9L3-F1-model_v4_TED01	esm	end	-1
AF-A0A1B8P7L2-F1-model_v4	AF-A0A1B8P7L2-F1-model_v4_TED01	afdb	start	0
AF-A0A1B8P7L2-F1-model_v4	AF-A0A1B8P7L2-F1-model_v4_TED01	afdb	end	0
AF-A0A1B8P7L2-F1-model_v4	AF-A0A1B8P7L2-F1-model_v4_TED01	esm	start	-1
AF-A0A1B8P7L2-F1-model_v4	AF-A0A1B8P7L2-F1-model_v4_TED01	esm	end	0
AF-A0A4S9DC59-F1-model_v4	AF-A0A4S9DC59-F1-model_v4_TED01	afdb	start	0
AF-A0A4S9DC59-F1-model_v4	AF-A0A4S9DC59-F1-model_v4_TED01	afdb	end	0
AF-A0A4S9DC59-F1-model_v4	AF-A0A4S9DC59-F1-model_v4_TED02	afdb	start	0
AF-A0A4S9DC59-F1-model_v4	AF-A0A4S9DC59-F1-model_v4_TED02	afdb	end	0
AF-A0A4S9DC59-F1-model_v4	AF-A0A4S9DC59-F1-model_v4_TED03	afdb	start	0
AF-A0A4S9DC59-F1-model_v4	AF-A0A4S9DC59-F1-model_v4_TED03	afdb	end	0
AF-A0A4S9DC59-F1-model_v4	AF-A0A4S9DC59-F1-model_v4_TED01	esm	start	0
AF-A0A4S9DC59-F1-model_v4	AF-A0A4S9DC59-F1-model_v4_TED01	esm	end	0
AF-A0A4S9DC59-F1-model_v4	AF-A0A4S9DC59-F1-model_v4_TED02	esm	start	-1
AF-A0A4S9DC59-F1-model_v4	AF-A0A4S9DC59-F1-model_v4_TED02	esm	end	-1
AF-A0A4S9DC59-F1-model_v4	AF-A0A4S9DC59-F1-model_v4_TED03	esm	start	21
AF-A0A4S9DC59-F1-model_v4	AF-A0A4S9DC59-F1-model_v4_TED03	esm	end	0
AF-A0A6S8I570-F1-model_v4	AF-A0A6S8I570-F1-model_v4_TED01	afdb	start	0
AF-A0A6S8I570-F1-model_v4	AF-A0A6S8I570-F1-model_v4_TED01	afdb	end	0
AF-A0A0Q6GBI3-F1-model_v4	AF-A0A0Q6GBI3-F1-model_v4_TED01	afdb	start	0
AF-A0A0Q6GBI3-F1-model_v4	AF-A0A0Q6GBI3-F1-model_v4_TED01	afdb	end	0
AF-A0A0Q6GBI3-F1-model_v4	AF-A0A0Q6GBI3-F1-model_v4_TED01	esm	start	0
AF-A0A0Q6GBI3-F1-model_v4	AF-A0A0Q6GBI3-F1-model_v4_TED01	esm	end	0
AF-F0LLR4-F1-model_v4	AF-F0LLR4-F1-model_v4_TED01	afdb	start	0
AF-F0LLR4-F1-model_v4	AF-F0LLR4-F1-model_v4_TED01	afdb	end	0
AF-F0LLR4-F1-model_v4	AF-F0LLR4-F1-model_v4_TED01	esm	start	0
AF-F0LLR4-F1-model_v4	AF-F0LLR4-F1-model_v4_TED01	esm	end	0
AF-A0A0F3N0E0-F1-model_v4	AF-A0A0F3N0E0-F1-model_v4_TED01	afdb	start	0
AF-A0A0F3N0E0-F1-model_v4	AF-A0A0F3N0E0-F1-model_v4_TED01	afdb	end	0
AF-A0A0F3N0E0-F1-model_v4	AF-A0A0F3N0E0-F1-model_v4_TED02	afdb	start	0
AF-A0A0F3N0E0-F1-model_v4	AF-A0A0F3N0E0-F1-model_v4_TED02	afdb	end	0
AF-A0A0F3N0E0-F1-model_v4	AF-A0A0F3N0E0-F1-model_v4_TED01	esm	start	-1
AF-A0A0F3N0E0-F1-model_v4	AF-A0A0F3N0E0-F1-model_v4_TED01	esm	end	0
AF-A0A0F3N0E0-F1-model_v4	AF-A0A0F3N0E0-F1-model_v4_TED02	esm	start	0
AF-A0A0F3N0E0-F1-model_v4	AF-A0A0F3N0E0-F1-model_v4_TED02	esm	end	2
AF-A0A4V1SIP7-F1-model_v4	AF-A0A4V1SIP7-F1-model_v4_TED01	afdb	start	0
AF-A0A4V1SIP7-F1-model_v4	AF-A0A4V1SIP7-F1-model_v4_TED01	afdb	end	0
AF-A0A4V1SIP7-F1-model_v4	AF-A0A4V1SIP7-F1-model_v4_TED01	esm	start	-11
AF-A0A4V1SIP7-F1-model_v4	AF-A0A4V1SIP7-F1-model_v4_TED01	esm	end	0
AF-A0A2W4QIX5-F1-model_v4	AF-A0A2W4QIX5-F1-model_v4_TED01	afdb	start	0
AF-A0A2W4QIX5-F1-model_v4	AF-A0A2W4QIX5-F1-model_v4_TED01	afdb	end	0
AF-A0A2W4QIX5-F1-model_v4	AF-A0A2W4QIX5-F1-model_v4_TED01	esm	start	0
AF-A0A2W4QIX5-F1-model_v4	AF-A0A2W4QIX5-F1-model_v4_TED01	esm	end	-73
AF-A0A7X3HZH0-F1-model_v4	AF-A0A7X3HZH0-F1-model_v4_TED01	afdb	start	0
AF-A0A7X3HZH0-F1-model_v4	AF-A0A7X3HZH0-F1-model_v4_TED01	afdb	end	0
AF-A0A7X3HZH0-F1-model_v4	AF-A0A7X3HZH0-F1-model_v4_TED01	esm	start	-8
AF-A0A7X3HZH0-F1-model_v4	AF-A0A7X3HZH0-F1-model_v4_TED01	esm	end	1
AF-A0A847HM98-F1-model_v4	AF-A0A847HM98-F1-model_v4_TED01	afdb	start	0
AF-A0A847HM98-F1-model_v4	AF-A0A847HM98-F1-model_v4_TED01	afdb	end	0
AF-A0A847HM98-F1-model_v4	AF-A0A847HM98-F1-model_v4_TED01	afdb	start	0
AF-A0A847HM98-F1-model_v4	AF-A0A847HM98-F1-model_v4_TED01	afdb	end	0
AF-A0A847HM98-F1-model_v4	AF-A0A847HM98-F1-model_v4_TED01	esm	start	-5
AF-A0A847HM98-F1-model_v4	AF-A0A847HM98-F1-model_v4_TED01	esm	end	-72
AF-A0A847HM98-F1-model_v4	AF-A0A847HM98-F1-model_v4_TED01	esm	start	73
AF-A0A847HM98-F1-model_v4	AF-A0A847HM98-F1-model_v4_TED01	esm	end	0
AF-A0A0S8HUZ5-F1-model_v4	AF-A0A0S8HUZ5-F1-model_v4_TED01	afdb	start	0
AF-A0A0S8HUZ5-F1-model_v4	AF-A0A0S8HUZ5-F1-model_v4_TED01	afdb	end	0
AF-A0A0S8HUZ5-F1-model_v4	AF-A0A0S8HUZ5-F1-model_v4_TED01	esm	start	0
AF-A0A0S8HUZ5-F1-model_v4	AF-A0A0S8HUZ5-F1-model_v4_TED01	esm	end	1
AF-A0A672ZER2-F1-model_v4	AF-A0A672ZER2-F1-model_v4_TED01	afdb	start	0
AF-A0A672ZER2-F1-model_v4	AF-A0A672ZER2-F1-model_v4_TED01	afdb	end	0
AF-A0A672ZER2-F1-model_v4	AF-A0A672ZER2-F1-model_v4_TED01	afdb	start	0
AF-A0A672ZER2-F1-model_v4	AF-A0A672ZER2-F1-model_v4_TED01	afdb	end	0
AF-A0A672ZER2-F1-model_v4	AF-A0A672ZER2-F1-model_v4_TED02	afdb	start	2
AF-A0A672ZER2-F1-model_v4	AF-A0A672ZER2-F1-model_v4_TED02	afdb	end	-7
AF-A0A672ZER2-F1-model_v4	AF-A0A672ZER2-F1-model_v4_TED02	afdb	start	-49
AF-A0A672ZER2-F1-model_v4	AF-A0A672ZER2-F1-model_v4_TED02	afdb	end	-98
AF-A0A672ZER2-F1-model_v4	AF-A0A672ZER2-F1-model_v4_TED03	afdb	start	0
AF-A0A672ZER2-F1-model_v4	AF-A0A672ZER2-F1-model_v4_TED03	afdb	end	0
AF-A0A672ZER2-F1-model_v4	AF-A0A672ZER2-F1-model_v4_TED03	afdb	start	0
AF-A0A672ZER2-F1-model_v4	AF-A0A672ZER2-F1-model_v4_TED03	afdb	end	0
AF-A0A672ZER2-F1-model_v4	AF-A0A672ZER2-F1-model_v4_TED04	afdb	start	0
AF-A0A672ZER2-F1-model_v4	AF-A0A672ZER2-F1-model_v4_TED04	afdb	end	0
AF-A0A672ZER2-F1-model_v4	AF-A0A672ZER2-F1-model_v4_TED01	esm	start	-1
AF-A0A672ZER2-F1-model_v4	AF-A0A672ZER2-F1-model_v4_TED01	esm	end	-14
AF-A0A672ZER2-F1-model_v4	AF-A0A672ZER2-F1-model_v4_TED01	esm	start	-25
AF-A0A672ZER2-F1-model_v4	AF-A0A672ZER2-F1-model_v4_TED01	esm	end	2
AF-A0A672ZER2-F1-model_v4	AF-A0A672ZER2-F1-model_v4_TED03	esm	start	-6
AF-A0A672ZER2-F1-model_v4	AF-A0A672ZER2-F1-model_v4_TED03	esm	end	-91
AF-A0A672ZER2-F1-model_v4	AF-A0A672ZER2-F1-model_v4_TED03	esm	start	-102
AF-A0A672ZER2-F1-model_v4	AF-A0A672ZER2-F1-model_v4_TED03	esm	end	1
AF-A0A672ZER2-F1-model_v4	AF-A0A672ZER2-F1-model_v4_TED04	esm	start	-14
AF-A0A672ZER2-F1-model_v4	AF-A0A672ZER2-F1-model_v4_TED04	esm	end	5
AF-A0A6G4FHD2-F1-model_v4	AF-A0A6G4FHD2-F1-model_v4_TED01	afdb	start	0
AF-A0A6G4FHD2-F1-model_v4	AF-A0A6G4FHD2-F1-model_v4_TED01	afdb	end	0
AF-A0A6G4FHD2-F1-model_v4	AF-A0A6G4FHD2-F1-model_v4_TED02	afdb	start	0
AF-A0A6G4FHD2-F1-model_v4	AF-A0A6G4FHD2-F1-model_v4_TED02	afdb	end	0
AF-A0A6G4FHD2-F1-model_v4	AF-A0A6G4FHD2-F1-model_v4_TED03	afdb	start	0
AF-A0A6G4FHD2-F1-model_v4	AF-A0A6G4FHD2-F1-model_v4_TED03	afdb	end	0
AF-A0A6G4FHD2-F1-model_v4	AF-A0A6G4FHD2-F1-model_v4_TED04	afdb	start	0
AF-A0A6G4FHD2-F1-model_v4	AF-A0A6G4FHD2-F1-model_v4_TED04	afdb	end	0
AF-A0A6G4FHD2-F1-model_v4	AF-A0A6G4FHD2-F1-model_v4_TED01	esm	start	0
AF-A0A6G4FHD2-F1-model_v4	AF-A0A6G4FHD2-F1-model_v4_TED01	esm	end	-3
AF-A0A6G4FHD2-F1-model_v4	AF-A0A6G4FHD2-F1-model_v4_TED03	esm	start	-45
AF-A0A6G4FHD2-F1-model_v4	AF-A0A6G4FHD2-F1-model_v4_TED03	esm	end	1
AF-A0A2I0LFA2-F1-model_v4	AF-A0A2I0LFA2-F1-model_v4_TED01	afdb	start	0
AF-A0A2I0LFA2-F1-model_v4	AF-A0A2I0LFA2-F1-model_v4_TED01	afdb	end	0
AF-A0A2I0LFA2-F1-model_v4	AF-A0A2I0LFA2-F1-model_v4_TED02	afdb	start	0
AF-A0A2I0LFA2-F1-model_v4	AF-A0A2I0LFA2-F1-model_v4_TED02	afdb	end	0
AF-A0A2I0LFA2-F1-model_v4	AF-A0A2I0LFA2-F1-model_v4_TED03	afdb	start	0
AF-A0A2I0LFA2-F1-model_v4	AF-A0A2I0LFA2-F1-model_v4_TED03	afdb	end	0
AF-A0A2I0LFA2-F1-model_v4	AF-A0A2I0LFA2-F1-model_v4_TED01	esm	start	0
AF-A0A2I0LFA2-F1-model_v4	AF-A0A2I0LFA2-F1-model_v4_TED01	esm	end	8
AF-A0A2I0LFA2-F1-model_v4	AF-A0A2I0LFA2-F1-model_v4_TED02	esm	start	0
AF-A0A2I0LFA2-F1-model_v4	AF-A0A2I0LFA2-F1-model_v4_TED02	esm	end	0
AF-A0A099YVJ1-F1-model_v4	AF-A0A099YVJ1-F1-model_v4_TED01	afdb	start	0
AF-A0A099YVJ1-F1-model_v4	AF-A0A099YVJ1-F1-model_v4_TED01	afdb	end	0
AF-A0A099YVJ1-F1-model_v4	AF-A0A099YVJ1-F1-model_v4_TED01	esm	start	0
AF-A0A099YVJ1-F1-model_v4	AF-A0A099YVJ1-F1-model_v4_TED01	esm	end	0
AF-A0A4V3D3X7-F1-model_v4	AF-A0A4V3D3X7-F1-model_v4_TED01	afdb	start	0
AF-A0A4V3D3X7-F1-model_v4	AF-A0A4V3D3X7-F1-model_v4_TED01	afdb	end	0
AF-A0A4V3D3X7-F1-model_v4	AF-A0A4V3D3X7-F1-model_v4_TED01	afdb	start	0
AF-A0A4V3D3X7-F1-model_v4	AF-A0A4V3D3X7-F1-model_v4_TED01	afdb	end	0
AF-A0A4V3D3X7-F1-model_v4	AF-A0A4V3D3X7-F1-model_v4_TED02	afdb	start	0
AF-A0A4V3D3X7-F1-model_v4	AF-A0A4V3D3X7-F1-model_v4_TED02	afdb	end	0
AF-A0A4V3D3X7-F1-model_v4	AF-A0A4V3D3X7-F1-model_v4_TED01	esm	start	-1
AF-A0A4V3D3X7-F1-model_v4	AF-A0A4V3D3X7-F1-model_v4_TED01	esm	end	1
AF-A0A4V3D3X7-F1-model_v4	AF-A0A4V3D3X7-F1-model_v4_TED01	esm	start	-1
AF-A0A4V3D3X7-F1-model_v4	AF-A0A4V3D3X7-F1-model_v4_TED01	esm	end	0
AF-A0A4V3D3X7-F1-model_v4	AF-A0A4V3D3X7-F1-model_v4_TED02	esm	start	0
AF-A0A4V3D3X7-F1-model_v4	AF-A0A4V3D3X7-F1-model_v4_TED02	esm	end	0
AF-A0A814W6E0-F1-model_v4	AF-A0A814W6E0-F1-model_v4_TED01	afdb	start	0
AF-A0A814W6E0-F1-model_v4	AF-A0A814W6E0-F1-model_v4_TED01	afdb	end	0
AF-A0A814W6E0-F1-model_v4	AF-A0A814W6E0-F1-model_v4_TED02	afdb	start	0
AF-A0A814W6E0-F1-model_v4	AF-A0A814W6E0-F1-model_v4_TED02	afdb	end	0
AF-A0A814W6E0-F1-model_v4	AF-A0A814W6E0-F1-model_v4_TED01	esm	start	0
AF-A0A814W6E0-F1-model_v4	AF-A0A814W6E0-F1-model_v4_TED01	esm	end	0
AF-A0A814W6E0-F1-model_v4	AF-A0A814W6E0-F1-model_v4_TED02	esm	start	0
AF-A0A814W6E0-F1-model_v4	AF-A0A814W6E0-F1-model_v4_TED02	esm	end	0
AF-A0A7X7YPJ2-F1-model_v4	AF-A0A7X7YPJ2-F1-model_v4_TED01	afdb	start	0
AF-A0A7X7YPJ2-F1-model_v4	AF-A0A7X7YPJ2-F1-model_v4_TED01	afdb	end	0
AF-A0A7X7YPJ2-F1-model_v4	AF-A0A7X7YPJ2-F1-model_v4_TED01	esm	start	101
AF-A0A7X7YPJ2-F1-model_v4	AF-A0A7X7YPJ2-F1-model_v4_TED01	esm	end	2
AF-A0A6A6EDU1-F1-model_v4	AF-A0A6A6EDU1-F1-model_v4_TED01	afdb	start	0
AF-A0A6A6EDU1-F1-model_v4	AF-A0A6A6EDU1-F1-model_v4_TED01	afdb	end	0
AF-A0A6A6EDU1-F1-model_v4	AF-A0A6A6EDU1-F1-model_v4_TED01	esm	start	0
AF-A0A6A6EDU1-F1-model_v4	AF-A0A6A6EDU1-F1-model_v4_TED01	esm	end	2
AF-D0NND8-F1-model_v4	AF-D0NND8-F1-model_v4_TED01	afdb	start	0
AF-D0NND8-F1-model_v4	AF-D0NND8-F1-model_v4_TED01	afdb	end	0
AF-D0NND8-F1-model_v4	AF-D0NND8-F1-model_v4_TED02	afdb	start	0
AF-D0NND8-F1-model_v4	AF-D0NND8-F1-model_v4_TED02	afdb	end	0
AF-D0NND8-F1-model_v4	AF-D0NND8-F1-model_v4_TED03	afdb	start	0
AF-D0NND8-F1-model_v4	AF-D0NND8-F1-model_v4_TED03	afdb	end	0
AF-D0NND8-F1-model_v4	AF-D0NND8-F1-model_v4_TED01	esm	start	0
AF-D0NND8-F1-model_v4	AF-D0NND8-F1-model_v4_TED01	esm	end	0
AF-D0NND8-F1-model_v4	AF-D0NND8-F1-model_v4_TED02	esm	start	-5
AF-D0NND8-F1-model_v4	AF-D0NND8-F1-model_v4_TED02	esm	end	32
AF-D0NND8-F1-model_v4	AF-D0NND8-F1-model_v4_TED03	esm	start	73
AF-D0NND8-F1-model_v4	AF-D0NND8-F1-model_v4_TED03	esm	end	-5
AF-A0A7J3W686-F1-model_v4	AF-A0A7J3W686-F1-model_v4_TED01	afdb	start	0
AF-A0A7J3W686-F1-model_v4	AF-A0A7J3W686-F1-model_v4_TED01	afdb	end	0
AF-A0A7J3W686-F1-model_v4	AF-A0A7J3W686-F1-model_v4_TED02	afdb	start	0
AF-A0A7J3W686-F1-model_v4	AF-A0A7J3W686-F1-model_v4_TED02	afdb	end	0
AF-A0A7J3W686-F1-model_v4	AF-A0A7J3W686-F1-model_v4_TED03	afdb	start	0
AF-A0A7J3W686-F1-model_v4	AF-A0A7J3W686-F1-model_v4_TED03	afdb	end	0
AF-A0A7J3W686-F1-model_v4	AF-A0A7J3W686-F1-model_v4_TED04	afdb	start	0
AF-A0A7J3W686-F1-model_v4	AF-A0A7J3W686-F1-model_v4_TED04	afdb	end	0
AF-A0A7J3W686-F1-model_v4	AF-A0A7J3W686-F1-model_v4_TED05	afdb	start	0
AF-A0A7J3W686-F1-model_v4	AF-A0A7J3W686-F1-model_v4_TED05	afdb	end	0
AF-A0A7J3W686-F1-model_v4	AF-A0A7J3W686-F1-model_v4_TED06	afdb	start	0
AF-A0A7J3W686-F1-model_v4	AF-A0A7J3W686-F1-model_v4_TED06	afdb	end	0
AF-A0A7J3W686-F1-model_v4	AF-A0A7J3W686-F1-model_v4_TED01	esm	start	0
AF-A0A7J3W686-F1-model_v4	AF-A0A7J3W686-F1-model_v4_TED01	esm	end	1
AF-A0A7J3W686-F1-model_v4	AF-A0A7J3W686-F1-model_v4_TED02	esm	start	0
AF-A0A7J3W686-F1-model_v4	AF-A0A7J3W686-F1-model_v4_TED02	esm	end	0
AF-A0A7J3W686-F1-model_v4	AF-A0A7J3W686-F1-model_v4_TED03	esm	start	0
AF-A0A7J3W686-F1-model_v4	AF-A0A7J3W686-F1-model_v4_TED03	esm	end	0
AF-A0A7J3W686-F1-model_v4	AF-A0A7J3W686-F1-model_v4_TED04	esm	start	0
AF-A0A7J3W686-F1-model_v4	AF-A0A7J3W686-F1-model_v4_TED04	esm	end	0
AF-A0A7J3W686-F1-model_v4	AF-A0A7J3W686-F1-model_v4_TED05	esm	start	0
AF-A0A7J3W686-F1-model_v4	AF-A0A7J3W686-F1-model_v4_TED05	esm	end	14
AF-A0A4Q0QZM8-F1-model_v4	AF-A0A4Q0QZM8-F1-model_v4_TED01	afdb	start	0
AF-A0A4Q0QZM8-F1-model_v4	AF-A0A4Q0QZM8-F1-model_v4_TED01	afdb	end	0
AF-A0A4Q0QZM8-F1-model_v4	AF-A0A4Q0QZM8-F1-model_v4_TED02	afdb	start	0
AF-A0A4Q0QZM8-F1-model_v4	AF-A0A4Q0QZM8-F1-model_v4_TED02	afdb	end	0
AF-A0A4Q0QZM8-F1-model_v4	AF-A0A4Q0QZM8-F1-model_v4_TED03	afdb	start	0
AF-A0A4Q0QZM8-F1-model_v4	AF-A0A4Q0QZM8-F1-model_v4_TED03	afdb	end	0
AF-A0A4Q0QZM8-F1-model_v4	AF-A0A4Q0QZM8-F1-model_v4_TED01	esm	start	8
AF-A0A4Q0QZM8-F1-model_v4	AF-A0A4Q0QZM8-F1-model_v4_TED01	esm	end	0
AF-A0A4Q0QZM8-F1-model_v4	AF-A0A4Q0QZM8-F1-model_v4_TED02	esm	start	0
AF-A0A4Q0QZM8-F1-model_v4	AF-A0A4Q0QZM8-F1-model_v4_TED02	esm	end	-2
AF-A0A0L6UI18-F1-model_v4	AF-A0A0L6UI18-F1-model_v4_TED01	esm	start	2
AF-A0A0L6UI18-F1-model_v4	AF-A0A0L6UI18-F1-model_v4_TED01	esm	end	-1
AF-A0A139D3J8-F1-model_v4	AF-A0A139D3J8-F1-model_v4_TED01	afdb	start	0
AF-A0A139D3J8-F1-model_v4	AF-A0A139D3J8-F1-model_v4_TED01	afdb	end	0
AF-A0A139D3J8-F1-model_v4	AF-A0A139D3J8-F1-model_v4_TED02	afdb	start	0
AF-A0A139D3J8-F1-model_v4	AF-A0A139D3J8-F1-model_v4_TED02	afdb	end	0
AF-A0A139D3J8-F1-model_v4	AF-A0A139D3J8-F1-model_v4_TED01	esm	start	47
AF-A0A139D3J8-F1-model_v4	AF-A0A139D3J8-F1-model_v4_TED01	esm	end	-11
AF-A0A139D3J8-F1-model_v4	AF-A0A139D3J8-F1-model_v4_TED02	esm	start	1
AF-A0A139D3J8-F1-model_v4	AF-A0A139D3J8-F1-model_v4_TED02	esm	end	8
AF-A0A7W6JZR0-F1-model_v4	AF-A0A7W6JZR0-F1-model_v4_TED01	afdb	start	0
AF-A0A7W6JZR0-F1-model_v4	AF-A0A7W6JZR0-F1-model_v4_TED01	afdb	end	0
AF-A0A7W6JZR0-F1-model_v4	AF-A0A7W6JZR0-F1-model_v4_TED02	afdb	start	0
AF-A0A7W6JZR0-F1-model_v4	AF-A0A7W6JZR0-F1-model_v4_TED02	afdb	end	0
AF-A0A7W6JZR0-F1-model_v4	AF-A0A7W6JZR0-F1-model_v4_TED03	afdb	start	0
AF-A0A7W6JZR0-F1-model_v4	AF-A0A7W6JZR0-F1-model_v4_TED03	afdb	end	0
AF-A0A7W6JZR0-F1-model_v4	AF-A0A7W6JZR0-F1-model_v4_TED04	afdb	start	0
AF-A0A7W6JZR0-F1-model_v4	AF-A0A7W6JZR0-F1-model_v4_TED04	afdb	end	0
AF-A0A7W6JZR0-F1-model_v4	AF-A0A7W6JZR0-F1-model_v4_TED01	esm	start	1
AF-A0A7W6JZR0-F1-model_v4	AF-A0A7W6JZR0-F1-model_v4_TED01	esm	end	-3
AF-A0A7W6JZR0-F1-model_v4	AF-A0A7W6JZR0-F1-model_v4_TED02	esm	start	6
AF-A0A7W6JZR0-F1-model_v4	AF-A0A7W6JZR0-F1-model_v4_TED02	esm	end	0
AF-A0A7W6JZR0-F1-model_v4	AF-A0A7W6JZR0-F1-model_v4_TED03	esm	start	-8
AF-A0A7W6JZR0-F1-model_v4	AF-A0A7W6JZR0-F1-model_v4_TED03	esm	end	8
AF-A0A7W6JZR0-F1-model_v4	AF-A0A7W6JZR0-F1-model_v4_TED04	esm	start	-5
AF-A0A7W6JZR0-F1-model_v4	AF-A0A7W6JZR0-F1-model_v4_TED04	esm	end	0
AF-A0A7L2FAW6-F1-model_v4	AF-A0A7L2FAW6-F1-model_v4_TED01	afdb	start	0
AF-A0A7L2FAW6-F1-model_v4	AF-A0A7L2FAW6-F1-model_v4_TED01	afdb	end	0
AF-A0A7L2FAW6-F1-model_v4	AF-A0A7L2FAW6-F1-model_v4_TED01	esm	start	1
AF-A0A7L2FAW6-F1-model_v4	AF-A0A7L2FAW6-F1-model_v4_TED01	esm	end	0
AF-A0A6P6RAE0-F1-model_v4	AF-A0A6P6RAE0-F1-model_v4_TED01	afdb	start	0
AF-A0A6P6RAE0-F1-model_v4	AF-A0A6P6RAE0-F1-model_v4_TED01	afdb	end	0
AF-A0A6P6RAE0-F1-model_v4	AF-A0A6P6RAE0-F1-model_v4_TED01	esm	start	0
AF-A0A6P6RAE0-F1-model_v4	AF-A0A6P6RAE0-F1-model_v4_TED01	esm	end	-2
AF-A0A3P0X7M4-F1-model_v4	AF-A0A3P0X7M4-F1-model_v4_TED01	afdb	start	0
AF-A0A3P0X7M4-F1-model_v4	AF-A0A3P0X7M4-F1-model_v4_TED01	afdb	end	0
AF-A0A3P0X7M4-F1-model_v4	AF-A0A3P0X7M4-F1-model_v4_TED01	esm	start	0
AF-A0A3P0X7M4-F1-model_v4	AF-A0A3P0X7M4-F1-model_v4_TED01	esm	end	0
AF-A0A4Q3MJE4-F1-model_v4	AF-A0A4Q3MJE4-F1-model_v4_TED01	afdb	start	0
AF-A0A4Q3MJE4-F1-model_v4	AF-A0A4Q3MJE4-F1-model_v4_TED01	afdb	end	0
AF-A0A4Q3MJE4-F1-model_v4	AF-A0A4Q3MJE4-F1-model_v4_TED01	esm	start	1
AF-A0A4Q3MJE4-F1-model_v4	AF-A0A4Q3MJE4-F1-model_v4_TED01	esm	end	-1
AF-A0A423HL35-F1-model_v4	AF-A0A423HL35-F1-model_v4_TED01	afdb	start	0
AF-A0A423HL35-F1-model_v4	AF-A0A423HL35-F1-model_v4_TED01	afdb	end	0
AF-A0A423HL35-F1-model_v4	AF-A0A423HL35-F1-model_v4_TED02	afdb	start	0
AF-A0A423HL35-F1-model_v4	AF-A0A423HL35-F1-model_v4_TED02	afdb	end	0
AF-A0A423HL35-F1-model_v4	AF-A0A423HL35-F1-model_v4_TED01	esm	start	0
AF-A0A423HL35-F1-model_v4	AF-A0A423HL35-F1-model_v4_TED01	esm	end	0
AF-A0A423HL35-F1-model_v4	AF-A0A423HL35-F1-model_v4_TED02	esm	start	1
AF-A0A423HL35-F1-model_v4	AF-A0A423HL35-F1-model_v4_TED02	esm	end	0
AF-A0A3M0WP21-F1-model_v4	AF-A0A3M0WP21-F1-model_v4_TED01	afdb	start	0
AF-A0A3M0WP21-F1-model_v4	AF-A0A3M0WP21-F1-model_v4_TED01	afdb	end	0
AF-A0A3M0WP21-F1-model_v4	AF-A0A3M0WP21-F1-model_v4_TED01	esm	start	-1
AF-A0A3M0WP21-F1-model_v4	AF-A0A3M0WP21-F1-model_v4_TED01	esm	end	0
AF-A0A0Q0XRD4-F1-model_v4	AF-A0A0Q0XRD4-F1-model_v4_TED01	afdb	start	0
AF-A0A0Q0XRD4-F1-model_v4	AF-A0A0Q0XRD4-F1-model_v4_TED01	afdb	end	0
AF-A0A0Q0XRD4-F1-model_v4	AF-A0A0Q0XRD4-F1-model_v4_TED01	afdb	start	0
AF-A0A0Q0XRD4-F1-model_v4	AF-A0A0Q0XRD4-F1-model_v4_TED01	afdb	end	0
AF-A0A0Q0XRD4-F1-model_v4	AF-A0A0Q0XRD4-F1-model_v4_TED01	esm	start	-1
AF-A0A0Q0XRD4-F1-model_v4	AF-A0A0Q0XRD4-F1-model_v4_TED01	esm	end	28
AF-A0A0Q0XRD4-F1-model_v4	AF-A0A0Q0XRD4-F1-model_v4_TED01	esm	start	18
AF-A0A0Q0XRD4-F1-model_v4	AF-A0A0Q0XRD4-F1-model_v4_TED01	esm	end	-21
AF-A0A398DD09-F1-model_v4	AF-A0A398DD09-F1-model_v4_TED01	afdb	start	0
AF-A0A398DD09-F1-model_v4	AF-A0A398DD09-F1-model_v4_TED01	afdb	end	0
AF-A0A6B9MKW6-F1-model_v4	AF-A0A6B9MKW6-F1-model_v4_TED01	afdb	start	0
AF-A0A6B9MKW6-F1-model_v4	AF-A0A6B9MKW6-F1-model_v4_TED01	afdb	end	0
AF-A0A6B9MKW6-F1-model_v4	AF-A0A6B9MKW6-F1-model_v4_TED01	afdb	start	0
AF-A0A6B9MKW6-F1-model_v4	AF-A0A6B9MKW6-F1-model_v4_TED01	afdb	end	0
AF-A0A6B9MKW6-F1-model_v4	AF-A0A6B9MKW6-F1-model_v4_TED01	esm	start	0
AF-A0A6B9MKW6-F1-model_v4	AF-A0A6B9MKW6-F1-model_v4_TED01	esm	end	-21
AF-A0A6B9MKW6-F1-model_v4	AF-A0A6B9MKW6-F1-model_v4_TED01	esm	start	-28
AF-A0A6B9MKW6-F1-model_v4	AF-A0A6B9MKW6-F1-model_v4_TED01	esm	end	0
AF-A0A356I8C2-F1-model_v4	AF-A0A356I8C2-F1-model_v4_TED01	afdb	start	0
AF-A0A356I8C2-F1-model_v4	AF-A0A356I8C2-F1-model_v4_TED01	afdb	end	0
AF-A0A356I8C2-F1-model_v4	AF-A0A356I8C2-F1-model_v4_TED02	afdb	start	0
AF-A0A356I8C2-F1-model_v4	AF-A0A356I8C2-F1-model_v4_TED02	afdb	end	0
AF-A0A356I8C2-F1-model_v4	AF-A0A356I8C2-F1-model_v4_TED03	afdb	start	0
AF-A0A356I8C2-F1-model_v4	AF-A0A356I8C2-F1-model_v4_TED03	afdb	end	0
AF-A0A356I8C2-F1-model_v4	AF-A0A356I8C2-F1-model_v4_TED01	esm	start	7
AF-A0A356I8C2-F1-model_v4	AF-A0A356I8C2-F1-model_v4_TED01	esm	end	-2
AF-A0A356I8C2-F1-model_v4	AF-A0A356I8C2-F1-model_v4_TED02	esm	start	2
AF-A0A356I8C2-F1-model_v4	AF-A0A356I8C2-F1-model_v4_TED02	esm	end	0
AF-A0A356I8C2-F1-model_v4	AF-A0A356I8C2-F1-model_v4_TED03	esm	start	1
AF-A0A356I8C2-F1-model_v4	AF-A0A356I8C2-F1-model_v4_TED03	esm	end	-1
AF-A0A370X0J9-F1-model_v4	AF-A0A370X0J9-F1-model_v4_TED01	afdb	start	0
AF-A0A370X0J9-F1-model_v4	AF-A0A370X0J9-F1-model_v4_TED01	afdb	end	0
AF-A0A370X0J9-F1-model_v4	AF-A0A370X0J9-F1-model_v4_TED01	afdb	start	0
AF-A0A370X0J9-F1-model_v4	AF-A0A370X0J9-F1-model_v4_TED01	afdb	end	0
AF-A0A370X0J9-F1-model_v4	AF-A0A370X0J9-F1-model_v4_TED02	afdb	start	0
AF-A0A370X0J9-F1-model_v4	AF-A0A370X0J9-F1-model_v4_TED02	afdb	end	0
AF-A0A370X0J9-F1-model_v4	AF-A0A370X0J9-F1-model_v4_TED01	esm	start	0
AF-A0A370X0J9-F1-model_v4	AF-A0A370X0J9-F1-model_v4_TED01	esm	end	0
AF-A0A370X0J9-F1-model_v4	AF-A0A370X0J9-F1-model_v4_TED01	esm	start	0
AF-A0A370X0J9-F1-model_v4	AF-A0A370X0J9-F1-model_v4_TED01	esm	end	-5
AF-A0A370X0J9-F1-model_v4	AF-A0A370X0J9-F1-model_v4_TED02	esm	start	0
AF-A0A370X0J9-F1-model_v4	AF-A0A370X0J9-F1-model_v4_TED02	esm	end	1
AF-A0A517LJG8-F1-model_v4	AF-A0A517LJG8-F1-model_v4_TED01	afdb	start	0
AF-A0A517LJG8-F1-model_v4	AF-A0A517LJG8-F1-model_v4_TED01	afdb	end	0
AF-A0A517LJG8-F1-model_v4	AF-A0A517LJG8-F1-model_v4_TED01	afdb	start	0
AF-A0A517LJG8-F1-model_v4	AF-A0A517LJG8-F1-model_v4_TED01	afdb	end	0
AF-A0A517LJG8-F1-model_v4	AF-A0A517LJG8-F1-model_v4_TED01	esm	start	55
AF-A0A517LJG8-F1-model_v4	AF-A0A517LJG8-F1-model_v4_TED01	esm	end	1
AF-A0A517LJG8-F1-model_v4	AF-A0A517LJG8-F1-model_v4_TED01	esm	start	-2
AF-A0A517LJG8-F1-model_v4	AF-A0A517LJG8-F1-model_v4_TED01	esm	end	10
AF-A0A0E9N7R6-F1-model_v4	AF-A0A0E9N7R6-F1-model_v4_TED01	afdb	start	0
AF-A0A0E9N7R6-F1-model_v4	AF-A0A0E9N7R6-F1-model_v4_TED01	afdb	end	0
AF-A0A0E9N7R6-F1-model_v4	AF-A0A0E9N7R6-F1-model_v4_TED01	afdb	start	0
AF-A0A0E9N7R6-F1-model_v4	AF-A0A0E9N7R6-F1-model_v4_TED01	afdb	end	0
AF-A0A7Y9NIZ2-F1-model_v4	AF-A0A7Y9NIZ2-F1-model_v4_TED01	afdb	start	0
AF-A0A7Y9NIZ2-F1-model_v4	AF-A0A7Y9NIZ2-F1-model_v4_TED01	afdb	end	0
AF-A0A7Y9NIZ2-F1-model_v4	AF-A0A7Y9NIZ2-F1-model_v4_TED01	afdb	start	0
AF-A0A7Y9NIZ2-F1-model_v4	AF-A0A7Y9NIZ2-F1-model_v4_TED01	afdb	end	0
AF-A0A7Y9NIZ2-F1-model_v4	AF-A0A7Y9NIZ2-F1-model_v4_TED01	esm	start	0
AF-A0A7Y9NIZ2-F1-model_v4	AF-A0A7Y9NIZ2-F1-model_v4_TED01	esm	end	-69
AF-A0A7Y9NIZ2-F1-model_v4	AF-A0A7Y9NIZ2-F1-model_v4_TED01	esm	start	-81
AF-A0A7Y9NIZ2-F1-model_v4	AF-A0A7Y9NIZ2-F1-model_v4_TED01	esm	end	0
AF-H2ZSW8-F1-model_v4	AF-H2ZSW8-F1-model_v4_TED01	afdb	start	0
AF-H2ZSW8-F1-model_v4	AF-H2ZSW8-F1-model_v4_TED01	afdb	end	0
AF-H2ZSW8-F1-model_v4	AF-H2ZSW8-F1-model_v4_TED01	esm	start	-3
AF-H2ZSW8-F1-model_v4	AF-H2ZSW8-F1-model_v4_TED01	esm	end	0
AF-A0A5J5Q3N7-F1-model_v4	AF-A0A5J5Q3N7-F1-model_v4_TED01	afdb	start	0
AF-A0A5J5Q3N7-F1-model_v4	AF-A0A5J5Q3N7-F1-model_v4_TED01	afdb	end	0
AF-A0A5J5Q3N7-F1-model_v4	AF-A0A5J5Q3N7-F1-model_v4_TED01	esm	start	-28
AF-A0A5J5Q3N7-F1-model_v4	AF-A0A5J5Q3N7-F1-model_v4_TED01	esm	end	0
AF-A0A349DK78-F1-model_v4	AF-A0A349DK78-F1-model_v4_TED01	afdb	start	0
AF-A0A349DK78-F1-model_v4	AF-A0A349DK78-F1-model_v4_TED01	afdb	end	0
AF-A0A349DK78-F1-model_v4	AF-A0A349DK78-F1-model_v4_TED02	afdb	start	0
AF-A0A349DK78-F1-model_v4	AF-A0A349DK78-F1-model_v4_TED02	afdb	end	0
AF-A0A349DK78-F1-model_v4	AF-A0A349DK78-F1-model_v4_TED03	afdb	start	0
AF-A0A349DK78-F1-model_v4	AF-A0A349DK78-F1-model_v4_TED03	afdb	end	0
AF-A0A349DK78-F1-model_v4	AF-A0A349DK78-F1-model_v4_TED04	afdb	start	0
AF-A0A349DK78-F1-model_v4	AF-A0A349DK78-F1-model_v4_TED04	afdb	end	0
AF-A0A349DK78-F1-model_v4	AF-A0A349DK78-F1-model_v4_TED05	afdb	start	0
AF-A0A349DK78-F1-model_v4	AF-A0A349DK78-F1-model_v4_TED05	afdb	end	0
AF-A0A349DK78-F1-model_v4	AF-A0A349DK78-F1-model_v4_TED01	esm	start	0
AF-A0A349DK78-F1-model_v4	AF-A0A349DK78-F1-model_v4_TED01	esm	end	-11
AF-A0A349DK78-F1-model_v4	AF-A0A349DK78-F1-model_v4_TED02	esm	start	-2
AF-A0A349DK78-F1-model_v4	AF-A0A349DK78-F1-model_v4_TED02	esm	end	-2
AF-A0A349DK78-F1-model_v4	AF-A0A349DK78-F1-model_v4_TED03	esm	start	0
AF-A0A349DK78-F1-model_v4	AF-A0A349DK78-F1-model_v4_TED03	esm	end	-3
AF-A0A349DK78-F1-model_v4	AF-A0A349DK78-F1-model_v4_TED04	esm	start	0
AF-A0A349DK78-F1-model_v4	AF-A0A349DK78-F1-model_v4_TED04	esm	end	0
AF-A0A349DK78-F1-model_v4	AF-A0A349DK78-F1-model_v4_TED05	esm	start	0
AF-A0A349DK78-F1-model_v4	AF-A0A349DK78-F1-model_v4_TED05	esm	end	11
AF-A0A3A4RU70-F1-model_v4	AF-A0A3A4RU70-F1-model_v4_TED01	afdb	start	0
AF-A0A3A4RU70-F1-model_v4	AF-A0A3A4RU70-F1-model_v4_TED01	afdb	end	0
AF-A0A3A4RU70-F1-model_v4	AF-A0A3A4RU70-F1-model_v4_TED02	afdb	start	0
AF-A0A3A4RU70-F1-model_v4	AF-A0A3A4RU70-F1-model_v4_TED02	afdb	end	0
AF-A0A3A4RU70-F1-model_v4	AF-A0A3A4RU70-F1-model_v4_TED01	esm	start	0
AF-A0A3A4RU70-F1-model_v4	AF-A0A3A4RU70-F1-model_v4_TED01	esm	end	-77
AF-A0A3A4RU70-F1-model_v4	AF-A0A3A4RU70-F1-model_v4_TED02	esm	start	-54
AF-A0A3A4RU70-F1-model_v4	AF-A0A3A4RU70-F1-model_v4_TED02	esm	end	-1
AF-A0A831XK98-F1-model_v4	AF-A0A831XK98-F1-model_v4_TED01	afdb	start	0
AF-A0A831XK98-F1-model_v4	AF-A0A831XK98-F1-model_v4_TED01	afdb	end	0
AF-A0A831XK98-F1-model_v4	AF-A0A831XK98-F1-model_v4_TED01	afdb	start	0
AF-A0A831XK98-F1-model_v4	AF-A0A831XK98-F1-model_v4_TED01	afdb	end	0
AF-A0A831XK98-F1-model_v4	AF-A0A831XK98-F1-model_v4_TED02	afdb	start	0
AF-A0A831XK98-F1-model_v4	AF-A0A831XK98-F1-model_v4_TED02	afdb	end	0
AF-A0A831XK98-F1-model_v4	AF-A0A831XK98-F1-model_v4_TED01	esm	start	18
AF-A0A831XK98-F1-model_v4	AF-A0A831XK98-F1-model_v4_TED01	esm	end	10
AF-A0A831XK98-F1-model_v4	AF-A0A831XK98-F1-model_v4_TED01	esm	start	3
AF-A0A831XK98-F1-model_v4	AF-A0A831XK98-F1-model_v4_TED01	esm	end	0
AF-A0A831XK98-F1-model_v4	AF-A0A831XK98-F1-model_v4_TED02	esm	start	-14
AF-A0A831XK98-F1-model_v4	AF-A0A831XK98-F1-model_v4_TED02	esm	end	0
AF-A0A6M1MI11-F1-model_v4	AF-A0A6M1MI11-F1-model_v4_TED01	afdb	start	0
AF-A0A6M1MI11-F1-model_v4	AF-A0A6M1MI11-F1-model_v4_TED01	afdb	end	0
AF-A0A6M1MI11-F1-model_v4	AF-A0A6M1MI11-F1-model_v4_TED01	afdb	start	0
AF-A0A6M1MI11-F1-model_v4	AF-A0A6M1MI11-F1-model_v4_TED01	afdb	end	0
AF-A0A6M1MI11-F1-model_v4	AF-A0A6M1MI11-F1-model_v4_TED02	afdb	start	0
AF-A0A6M1MI11-F1-model_v4	AF-A0A6M1MI11-F1-model_v4_TED02	afdb	end	0
AF-A0A6M1MI11-F1-model_v4	AF-A0A6M1MI11-F1-model_v4_TED01	esm	start	0
AF-A0A6M1MI11-F1-model_v4	AF-A0A6M1MI11-F1-model_v4_TED01	esm	end	0
AF-A0A6M1MI11-F1-model_v4	AF-A0A6M1MI11-F1-model_v4_TED01	esm	start	0
AF-A0A6M1MI11-F1-model_v4	AF-A0A6M1MI11-F1-model_v4_TED01	esm	end	0
AF-A0A6M1MI11-F1-model_v4	AF-A0A6M1MI11-F1-model_v4_TED02	esm	start	0
AF-A0A6M1MI11-F1-model_v4	AF-A0A6M1MI11-F1-model_v4_TED02	esm	end	0
AF-A0A081N5L6-F1-model_v4	AF-A0A081N5L6-F1-model_v4_TED01	afdb	start	0
AF-A0A081N5L6-F1-model_v4	AF-A0A081N5L6-F1-model_v4_TED01	afdb	end	0
AF-A0A081N5L6-F1-model_v4	AF-A0A081N5L6-F1-model_v4_TED01	esm	start	0
AF-A0A081N5L6-F1-model_v4	AF-A0A081N5L6-F1-model_v4_TED01	esm	end	-1
AF-A0A3M1FED3-F1-model_v4	AF-A0A3M1FED3-F1-model_v4_TED01	afdb	start	-10
AF-A0A3M1FED3-F1-model_v4	AF-A0A3M1FED3-F1-model_v4_TED01	afdb	end	26
AF-A0A3M1FED3-F1-model_v4	AF-A0A3M1FED3-F1-model_v4_TED02	afdb	start	0
AF-A0A3M1FED3-F1-model_v4	AF-A0A3M1FED3-F1-model_v4_TED02	afdb	end	0
AF-A0A3M1FED3-F1-model_v4	AF-A0A3M1FED3-F1-model_v4_TED01	esm	start	-21
AF-A0A3M1FED3-F1-model_v4	AF-A0A3M1FED3-F1-model_v4_TED01	esm	end	28
AF-A0A3M1FED3-F1-model_v4	AF-A0A3M1FED3-F1-model_v4_TED02	esm	start	0
AF-A0A3M1FED3-F1-model_v4	AF-A0A3M1FED3-F1-model_v4_TED02	esm	end	0
AF-A0A0K0KMZ5-F1-model_v4	AF-A0A0K0KMZ5-F1-model_v4_TED01	afdb	start	0
AF-A0A0K0KMZ5-F1-model_v4	AF-A0A0K0KMZ5-F1-model_v4_TED01	afdb	end	0
AF-A0A0K0KMZ5-F1-model_v4	AF-A0A0K0KMZ5-F1-model_v4_TED01	esm	start	0
AF-A0A0K0KMZ5-F1-model_v4	AF-A0A0K0KMZ5-F1-model_v4_TED01	esm	end	0
AF-A0A1H6X1T1-F1-model_v4	AF-A0A1H6X1T1-F1-model_v4_TED01	afdb	start	0
AF-A0A1H6X1T1-F1-model_v4	AF-A0A1H6X1T1-F1-model_v4_TED01	afdb	end	0
AF-A0A450X2T6-F1-model_v4	AF-A0A450X2T6-F1-model_v4_TED01	afdb	start	0
AF-A0A450X2T6-F1-model_v4	AF-A0A450X2T6-F1-model_v4_TED01	afdb	end	0
AF-A0A1G6G490-F1-model_v4	AF-A0A1G6G490-F1-model_v4_TED01	afdb	start	0
AF-A0A1G6G490-F1-model_v4	AF-A0A1G6G490-F1-model_v4_TED01	afdb	end	0
AF-A0A1G6G490-F1-model_v4	AF-A0A1G6G490-F1-model_v4_TED01	afdb	start	0
AF-A0A1G6G490-F1-model_v4	AF-A0A1G6G490-F1-model_v4_TED01	afdb	end	0
AF-A0A1G6G490-F1-model_v4	AF-A0A1G6G490-F1-model_v4_TED01	esm	start	2
AF-A0A1G6G490-F1-model_v4	AF-A0A1G6G490-F1-model_v4_TED01	esm	end	0
AF-A0A1G6G490-F1-model_v4	AF-A0A1G6G490-F1-model_v4_TED01	esm	start	1
AF-A0A1G6G490-F1-model_v4	AF-A0A1G6G490-F1-model_v4_TED01	esm	end	0
AF-A0A2Z4Y6W0-F1-model_v4	AF-A0A2Z4Y6W0-F1-model_v4_TED01	afdb	start	0
AF-A0A2Z4Y6W0-F1-model_v4	AF-A0A2Z4Y6W0-F1-model_v4_TED01	afdb	end	0
AF-A0A2Z4Y6W0-F1-model_v4	AF-A0A2Z4Y6W0-F1-model_v4_TED01	esm	start	0
AF-A0A2Z4Y6W0-F1-model_v4	AF-A0A2Z4Y6W0-F1-model_v4_TED01	esm	end	0
AF-A0A6G7PEY3-F1-model_v4	AF-A0A6G7PEY3-F1-model_v4_TED01	afdb	start	0
AF-A0A6G7PEY3-F1-model_v4	AF-A0A6G7PEY3-F1-model_v4_TED01	afdb	end	0
AF-A0A6G7PEY3-F1-model_v4	AF-A0A6G7PEY3-F1-model_v4_TED01	esm	start	0
AF-A0A6G7PEY3-F1-model_v4	AF-A0A6G7PEY3-F1-model_v4_TED01	esm	end	1
AF-A0A812PAC8-F1-model_v4	AF-A0A812PAC8-F1-model_v4_TED01	afdb	start	0
AF-A0A812PAC8-F1-model_v4	AF-A0A812PAC8-F1-model_v4_TED01	afdb	end	0
AF-A0A812PAC8-F1-model_v4	AF-A0A812PAC8-F1-model_v4_TED02	afdb	start	0
AF-A0A812PAC8-F1-model_v4	AF-A0A812PAC8-F1-model_v4_TED02	afdb	end	0
AF-A0A6P5GHK5-F1-model_v4	AF-A0A6P5GHK5-F1-model_v4_TED01	afdb	start	0
AF-A0A6P5GHK5-F1-model_v4	AF-A0A6P5GHK5-F1-model_v4_TED01	afdb	end	0
AF-A0A6P5GHK5-F1-model_v4	AF-A0A6P5GHK5-F1-model_v4_TED01	afdb	start	0
AF-A0A6P5GHK5-F1-model_v4	AF-A0A6P5GHK5-F1-model_v4_TED01	afdb	end	0
AF-A0A6P5GHK5-F1-model_v4	AF-A0A6P5GHK5-F1-model_v4_TED01	esm	start	-33
AF-A0A6P5GHK5-F1-model_v4	AF-A0A6P5GHK5-F1-model_v4_TED01	esm	end	0
AF-A0A6P5GHK5-F1-model_v4	AF-A0A6P5GHK5-F1-model_v4_TED01	esm	start	-2
AF-A0A6P5GHK5-F1-model_v4	AF-A0A6P5GHK5-F1-model_v4_TED01	esm	end	0
AF-A0A1I4I9R6-F1-model_v4	AF-A0A1I4I9R6-F1-model_v4_TED01	afdb	start	0
AF-A0A1I4I9R6-F1-model_v4	AF-A0A1I4I9R6-F1-model_v4_TED01	afdb	end	0
AF-A0A1I4I9R6-F1-model_v4	AF-A0A1I4I9R6-F1-model_v4_TED02	afdb	start	0
AF-A0A1I4I9R6-F1-model_v4	AF-A0A1I4I9R6-F1-model_v4_TED02	afdb	end	0
AF-A0A1I4I9R6-F1-model_v4	AF-A0A1I4I9R6-F1-model_v4_TED03	afdb	start	0
AF-A0A1I4I9R6-F1-model_v4	AF-A0A1I4I9R6-F1-model_v4_TED03	afdb	end	0
AF-A0A1I4I9R6-F1-model_v4	AF-A0A1I4I9R6-F1-model_v4_TED04	afdb	start	0
AF-A0A1I4I9R6-F1-model_v4	AF-A0A1I4I9R6-F1-model_v4_TED04	afdb	end	0
AF-A0A1I4I9R6-F1-model_v4	AF-A0A1I4I9R6-F1-model_v4_TED05	afdb	start	0
AF-A0A1I4I9R6-F1-model_v4	AF-A0A1I4I9R6-F1-model_v4_TED05	afdb	end	0
AF-A0A1I4I9R6-F1-model_v4	AF-A0A1I4I9R6-F1-model_v4_TED05	afdb	start	0
AF-A0A1I4I9R6-F1-model_v4	AF-A0A1I4I9R6-F1-model_v4_TED05	afdb	end	0
AF-A0A1I4I9R6-F1-model_v4	AF-A0A1I4I9R6-F1-model_v4_TED06	afdb	start	0
AF-A0A1I4I9R6-F1-model_v4	AF-A0A1I4I9R6-F1-model_v4_TED06	afdb	end	0
AF-A0A1I4I9R6-F1-model_v4	AF-A0A1I4I9R6-F1-model_v4_TED01	esm	start	0
AF-A0A1I4I9R6-F1-model_v4	AF-A0A1I4I9R6-F1-model_v4_TED01	esm	end	-6
AF-A0A1I4I9R6-F1-model_v4	AF-A0A1I4I9R6-F1-model_v4_TED02	esm	start	0
AF-A0A1I4I9R6-F1-model_v4	AF-A0A1I4I9R6-F1-model_v4_TED02	esm	end	3
AF-A0A1I4I9R6-F1-model_v4	AF-A0A1I4I9R6-F1-model_v4_TED03	esm	start	-5
AF-A0A1I4I9R6-F1-model_v4	AF-A0A1I4I9R6-F1-model_v4_TED03	esm	end	0
AF-A0A1I4I9R6-F1-model_v4	AF-A0A1I4I9R6-F1-model_v4_TED04	esm	start	-1
AF-A0A1I4I9R6-F1-model_v4	AF-A0A1I4I9R6-F1-model_v4_TED04	esm	end	0
AF-A0A1I4I9R6-F1-model_v4	AF-A0A1I4I9R6-F1-model_v4_TED05	esm	start	0
AF-A0A1I4I9R6-F1-model_v4	AF-A0A1I4I9R6-F1-model_v4_TED05	esm	end	0
AF-A0A1I4I9R6-F1-model_v4	AF-A0A1I4I9R6-F1-model_v4_TED05	esm	start	0
AF-A0A1I4I9R6-F1-model_v4	AF-A0A1I4I9R6-F1-model_v4_TED05	esm	end	-1
AF-A0A1I4I9R6-F1-model_v4	AF-A0A1I4I9R6-F1-model_v4_TED06	esm	start	-1
AF-A0A1I4I9R6-F1-model_v4	AF-A0A1I4I9R6-F1-model_v4_TED06	esm	end	0
AF-A0A1H7LU08-F1-model_v4	AF-A0A1H7LU08-F1-model_v4_TED01	afdb	start	0
AF-A0A1H7LU08-F1-model_v4	AF-A0A1H7LU08-F1-model_v4_TED01	afdb	end	0
AF-A0A1H7LU08-F1-model_v4	AF-A0A1H7LU08-F1-model_v4_TED02	afdb	start	0
AF-A0A1H7LU08-F1-model_v4	AF-A0A1H7LU08-F1-model_v4_TED02	afdb	end	0
AF-A0A1H7LU08-F1-model_v4	AF-A0A1H7LU08-F1-model_v4_TED01	esm	start	0
AF-A0A1H7LU08-F1-model_v4	AF-A0A1H7LU08-F1-model_v4_TED01	esm	end	1
AF-A0A1H7LU08-F1-model_v4	AF-A0A1H7LU08-F1-model_v4_TED02	esm	start	-3
AF-A0A1H7LU08-F1-model_v4	AF-A0A1H7LU08-F1-model_v4_TED02	esm	end	3
AF-A0A1X9PQ80-F1-model_v4	AF-A0A1X9PQ80-F1-model_v4_TED01	afdb	start	0
AF-A0A1X9PQ80-F1-model_v4	AF-A0A1X9PQ80-F1-model_v4_TED01	afdb	end	0
AF-A0A1X9PQ80-F1-model_v4	AF-A0A1X9PQ80-F1-model_v4_TED01	esm	start	-2
AF-A0A1X9PQ80-F1-model_v4	AF-A0A1X9PQ80-F1-model_v4_TED01	esm	end	0
AF-A0A2J0LLV5-F1-model_v4	AF-A0A2J0LLV5-F1-model_v4_TED01	afdb	start	0
AF-A0A2J0LLV5-F1-model_v4	AF-A0A2J0LLV5-F1-model_v4_TED01	afdb	end	0
AF-A0A2J0LLV5-F1-model_v4	AF-A0A2J0LLV5-F1-model_v4_TED01	esm	start	3
AF-A0A2J0LLV5-F1-model_v4	AF-A0A2J0LLV5-F1-model_v4_TED01	esm	end	0
AF-U5FM42-F1-model_v4	AF-U5FM42-F1-model_v4_TED01	afdb	start	0
AF-U5FM42-F1-model_v4	AF-U5FM42-F1-model_v4_TED01	afdb	end	0
AF-U5FM42-F1-model_v4	AF-U5FM42-F1-model_v4_TED01	afdb	start	0
AF-U5FM42-F1-model_v4	AF-U5FM42-F1-model_v4_TED01	afdb	end	0
AF-U5FM42-F1-model_v4	AF-U5FM42-F1-model_v4_TED02	afdb	start	0
AF-U5FM42-F1-model_v4	AF-U5FM42-F1-model_v4_TED02	afdb	end	0
AF-U5FM42-F1-model_v4	AF-U5FM42-F1-model_v4_TED01	esm	start	0
AF-U5FM42-F1-model_v4	AF-U5FM42-F1-model_v4_TED01	esm	end	0
AF-U5FM42-F1-model_v4	AF-U5FM42-F1-model_v4_TED01	esm	start	0
AF-U5FM42-F1-model_v4	AF-U5FM42-F1-model_v4_TED01	esm	end	0
AF-U5FM42-F1-model_v4	AF-U5FM42-F1-model_v4_TED02	esm	start	0
AF-U5FM42-F1-model_v4	AF-U5FM42-F1-model_v4_TED02	esm	end	1
AF-A0A4R6G7Z3-F1-model_v4	AF-A0A4R6G7Z3-F1-model_v4_TED01	afdb	start	0
AF-A0A4R6G7Z3-F1-model_v4	AF-A0A4R6G7Z3-F1-model_v4_TED01	afdb	end	0
AF-A0A4R6G7Z3-F1-model_v4	AF-A0A4R6G7Z3-F1-model_v4_TED02	afdb	start	0
AF-A0A4R6G7Z3-F1-model_v4	AF-A0A4R6G7Z3-F1-model_v4_TED02	afdb	end	0
AF-A0A4R6G7Z3-F1-model_v4	AF-A0A4R6G7Z3-F1-model_v4_TED03	afdb	start	0
AF-A0A4R6G7Z3-F1-model_v4	AF-A0A4R6G7Z3-F1-model_v4_TED03	afdb	end	0
AF-A0A4R6G7Z3-F1-model_v4	AF-A0A4R6G7Z3-F1-model_v4_TED02	esm	start	10
AF-A0A4R6G7Z3-F1-model_v4	AF-A0A4R6G7Z3-F1-model_v4_TED02	esm	end	0
AF-A0A4R6G7Z3-F1-model_v4	AF-A0A4R6G7Z3-F1-model_v4_TED03	esm	start	-8
AF-A0A4R6G7Z3-F1-model_v4	AF-A0A4R6G7Z3-F1-model_v4_TED03	esm	end	0
AF-A0A3A8IE06-F1-model_v4	AF-A0A3A8IE06-F1-model_v4_TED01	afdb	start	0
AF-A0A3A8IE06-F1-model_v4	AF-A0A3A8IE06-F1-model_v4_TED01	afdb	end	0
AF-A0A3A8IE06-F1-model_v4	AF-A0A3A8IE06-F1-model_v4_TED01	afdb	start	0
AF-A0A3A8IE06-F1-model_v4	AF-A0A3A8IE06-F1-model_v4_TED01	afdb	end	0
AF-A0A3A8IE06-F1-model_v4	AF-A0A3A8IE06-F1-model_v4_TED01	esm	start	0
AF-A0A3A8IE06-F1-model_v4	AF-A0A3A8IE06-F1-model_v4_TED01	esm	end	4
AF-A0A3A8IE06-F1-model_v4	AF-A0A3A8IE06-F1-model_v4_TED01	esm	start	0
AF-A0A3A8IE06-F1-model_v4	AF-A0A3A8IE06-F1-model_v4_TED01	esm	end	2
AF-A0A1V5GB39-F1-model_v4	AF-A0A1V5GB39-F1-model_v4_TED01	afdb	start	0
AF-A0A1V5GB39-F1-model_v4	AF-A0A1V5GB39-F1-model_v4_TED01	afdb	end	0
AF-A0A1V5GB39-F1-model_v4	AF-A0A1V5GB39-F1-model_v4_TED01	esm	start	0
AF-A0A1V5GB39-F1-model_v4	AF-A0A1V5GB39-F1-model_v4_TED01	esm	end	0
AF-A0A7X5YMP9-F1-model_v4	AF-A0A7X5YMP9-F1-model_v4_TED01	afdb	start	0
AF-A0A7X5YMP9-F1-model_v4	AF-A0A7X5YMP9-F1-model_v4_TED01	afdb	end	0
AF-A0A7X5YMP9-F1-model_v4	AF-A0A7X5YMP9-F1-model_v4_TED01	esm	start	-4
AF-A0A7X5YMP9-F1-model_v4	AF-A0A7X5YMP9-F1-model_v4_TED01	esm	end	0
AF-A0A1S5QM05-F1-model_v4	AF-A0A1S5QM05-F1-model_v4_TED01	afdb	start	0
AF-A0A1S5QM05-F1-model_v4	AF-A0A1S5QM05-F1-model_v4_TED01	afdb	end	0
AF-A0A1S5QM05-F1-model_v4	AF-A0A1S5QM05-F1-model_v4_TED02	afdb	start	0
AF-A0A1S5QM05-F1-model_v4	AF-A0A1S5QM05-F1-model_v4_TED02	afdb	end	0
AF-A0A1S5QM05-F1-model_v4	AF-A0A1S5QM05-F1-model_v4_TED01	esm	start	0
AF-A0A1S5QM05-F1-model_v4	AF-A0A1S5QM05-F1-model_v4_TED01	esm	end	-1
AF-A0A1S5QM05-F1-model_v4	AF-A0A1S5QM05-F1-model_v4_TED02	esm	start	0
AF-A0A1S5QM05-F1-model_v4	AF-A0A1S5QM05-F1-model_v4_TED02	esm	end	1
AF-A0A172TJU4-F1-model_v4	AF-A0A172TJU4-F1-model_v4_TED01	afdb	start	0
AF-A0A172TJU4-F1-model_v4	AF-A0A172TJU4-F1-model_v4_TED01	afdb	end	0
AF-A0A172TJU4-F1-model_v4	AF-A0A172TJU4-F1-model_v4_TED01	esm	start	0
AF-A0A172TJU4-F1-model_v4	AF-A0A172TJU4-F1-model_v4_TED01	esm	end	0
AF-Q31FY1-F1-model_v4	AF-Q31FY1-F1-model_v4_TED01	afdb	start	0
AF-Q31FY1-F1-model_v4	AF-Q31FY1-F1-model_v4_TED01	afdb	end	0
AF-Q31FY1-F1-model_v4	AF-Q31FY1-F1-model_v4_TED02	afdb	start	0
AF-Q31FY1-F1-model_v4	AF-Q31FY1-F1-model_v4_TED02	afdb	end	0
AF-Q31FY1-F1-model_v4	AF-Q31FY1-F1-model_v4_TED01	esm	start	0
AF-Q31FY1-F1-model_v4	AF-Q31FY1-F1-model_v4_TED01	esm	end	0
AF-Q31FY1-F1-model_v4	AF-Q31FY1-F1-model_v4_TED02	esm	start	6
AF-Q31FY1-F1-model_v4	AF-Q31FY1-F1-model_v4_TED02	esm	end	0
AF-A0A6P6K7J9-F1-model_v4	AF-A0A6P6K7J9-F1-model_v4_TED01	afdb	start	0
AF-A0A6P6K7J9-F1-model_v4	AF-A0A6P6K7J9-F1-model_v4_TED01	afdb	end	0
AF-A0A6P6K7J9-F1-model_v4	AF-A0A6P6K7J9-F1-model_v4_TED01	esm	start	-3
AF-A0A6P6K7J9-F1-model_v4	AF-A0A6P6K7J9-F1-model_v4_TED01	esm	end	9
AF-A0A1M6XFD9-F1-model_v4	AF-A0A1M6XFD9-F1-model_v4_TED01	afdb	start	0
AF-A0A1M6XFD9-F1-model_v4	AF-A0A1M6XFD9-F1-model_v4_TED01	afdb	end	0
AF-A0A1M6XFD9-F1-model_v4	AF-A0A1M6XFD9-F1-model_v4_TED01	afdb	start	0
AF-A0A1M6XFD9-F1-model_v4	AF-A0A1M6XFD9-F1-model_v4_TED01	afdb	end	0
AF-A0A1M6XFD9-F1-model_v4	AF-A0A1M6XFD9-F1-model_v4_TED01	esm	start	0
AF-A0A1M6XFD9-F1-model_v4	AF-A0A1M6XFD9-F1-model_v4_TED01	esm	end	0
AF-A0A1M6XFD9-F1-model_v4	AF-A0A1M6XFD9-F1-model_v4_TED01	esm	start	-1
AF-A0A1M6XFD9-F1-model_v4	AF-A0A1M6XFD9-F1-model_v4_TED01	esm	end	0
AF-S8F629-F1-model_v4	AF-S8F629-F1-model_v4_TED01	afdb	start	0
AF-S8F629-F1-model_v4	AF-S8F629-F1-model_v4_TED01	afdb	end	0
AF-S8F629-F1-model_v4	AF-S8F629-F1-model_v4_TED02	afdb	start	0
AF-S8F629-F1-model_v4	AF-S8F629-F1-model_v4_TED02	afdb	end	0
AF-S8F629-F1-model_v4	AF-S8F629-F1-model_v4_TED02	afdb	start	0
AF-S8F629-F1-model_v4	AF-S8F629-F1-model_v4_TED02	afdb	end	0
AF-S8F629-F1-model_v4	AF-S8F629-F1-model_v4_TED02	esm	start	-35
AF-S8F629-F1-model_v4	AF-S8F629-F1-model_v4_TED02	esm	end	-85
AF-S8F629-F1-model_v4	AF-S8F629-F1-model_v4_TED02	esm	start	-99
AF-S8F629-F1-model_v4	AF-S8F629-F1-model_v4_TED02	esm	end	0
AF-A0A439UTS8-F1-model_v4	AF-A0A439UTS8-F1-model_v4_TED01	afdb	start	0
AF-A0A439UTS8-F1-model_v4	AF-A0A439UTS8-F1-model_v4_TED01	afdb	end	0
AF-A0A439UTS8-F1-model_v4	AF-A0A439UTS8-F1-model_v4_TED01	afdb	start	0
AF-A0A439UTS8-F1-model_v4	AF-A0A439UTS8-F1-model_v4_TED01	afdb	end	0
AF-A0A439UTS8-F1-model_v4	AF-A0A439UTS8-F1-model_v4_TED01	esm	start	-14
AF-A0A439UTS8-F1-model_v4	AF-A0A439UTS8-F1-model_v4_TED01	esm	end	-41
AF-A0A439UTS8-F1-model_v4	AF-A0A439UTS8-F1-model_v4_TED01	esm	start	-52
AF-A0A439UTS8-F1-model_v4	AF-A0A439UTS8-F1-model_v4_TED01	esm	end	0
AF-A0A1B1S2Q9-F1-model_v4	AF-A0A1B1S2Q9-F1-model_v4_TED01	afdb	start	0
AF-A0A1B1S2Q9-F1-model_v4	AF-A0A1B1S2Q9-F1-model_v4_TED01	afdb	end	0
AF-A0A1B1S2Q9-F1-model_v4	AF-A0A1B1S2Q9-F1-model_v4_TED02	afdb	start	0
AF-A0A1B1S2Q9-F1-model_v4	AF-A0A1B1S2Q9-F1-model_v4_TED02	afdb	end	0
AF-A0A1B1S2Q9-F1-model_v4	AF-A0A1B1S2Q9-F1-model_v4_TED03	afdb	start	0
AF-A0A1B1S2Q9-F1-model_v4	AF-A0A1B1S2Q9-F1-model_v4_TED03	afdb	end	0
AF-A0A1B1S2Q9-F1-model_v4	AF-A0A1B1S2Q9-F1-model_v4_TED04	afdb	start	0
AF-A0A1B1S2Q9-F1-model_v4	AF-A0A1B1S2Q9-F1-model_v4_TED04	afdb	end	0
AF-A0A1B1S2Q9-F1-model_v4	AF-A0A1B1S2Q9-F1-model_v4_TED01	esm	start	0
AF-A0A1B1S2Q9-F1-model_v4	AF-A0A1B1S2Q9-F1-model_v4_TED01	esm	end	0
AF-A0A1B1S2Q9-F1-model_v4	AF-A0A1B1S2Q9-F1-model_v4_TED02	esm	start	0
AF-A0A1B1S2Q9-F1-model_v4	AF-A0A1B1S2Q9-F1-model_v4_TED02	esm	end	-1
AF-A0A1B1S2Q9-F1-model_v4	AF-A0A1B1S2Q9-F1-model_v4_TED03	esm	start	0
AF-A0A1B1S2Q9-F1-model_v4	AF-A0A1B1S2Q9-F1-model_v4_TED03	esm	end	-2
AF-A0A1B1S2Q9-F1-model_v4	AF-A0A1B1S2Q9-F1-model_v4_TED04	esm	start	-1
AF-A0A1B1S2Q9-F1-model_v4	AF-A0A1B1S2Q9-F1-model_v4_TED04	esm	end	0
AF-A0A0N1GJY3-F1-model_v4	AF-A0A0N1GJY3-F1-model_v4_TED01	afdb	start	0
AF-A0A0N1GJY3-F1-model_v4	AF-A0A0N1GJY3-F1-model_v4_TED01	afdb	end	0
AF-A0A0N1GJY3-F1-model_v4	AF-A0A0N1GJY3-F1-model_v4_TED01	esm	start	14
AF-A0A0N1GJY3-F1-model_v4	AF-A0A0N1GJY3-F1-model_v4_TED01	esm	end	0
AF-A0A3G2LBG7-F1-model_v4	AF-A0A3G2LBG7-F1-model_v4_TED01	afdb	start	0
AF-A0A3G2LBG7-F1-model_v4	AF-A0A3G2LBG7-F1-model_v4_TED01	afdb	end	0
AF-A0A3G2LBG7-F1-model_v4	AF-A0A3G2LBG7-F1-model_v4_TED02	afdb	start	0
AF-A0A3G2LBG7-F1-model_v4	AF-A0A3G2LBG7-F1-model_v4_TED02	afdb	end	0
AF-A0A3G2LBG7-F1-model_v4	AF-A0A3G2LBG7-F1-model_v4_TED01	esm	start	-25
AF-A0A3G2LBG7-F1-model_v4	AF-A0A3G2LBG7-F1-model_v4_TED01	esm	end	0
AF-A0A3G2LBG7-F1-model_v4	AF-A0A3G2LBG7-F1-model_v4_TED02	esm	start	0
AF-A0A3G2LBG7-F1-model_v4	AF-A0A3G2LBG7-F1-model_v4_TED02	esm	end	0
AF-A0A2E1FRQ3-F1-model_v4	AF-A0A2E1FRQ3-F1-model_v4_TED01	afdb	start	0
AF-A0A2E1FRQ3-F1-model_v4	AF-A0A2E1FRQ3-F1-model_v4_TED01	afdb	end	0
AF-A0A2E1FRQ3-F1-model_v4	AF-A0A2E1FRQ3-F1-model_v4_TED01	afdb	start	0
AF-A0A2E1FRQ3-F1-model_v4	AF-A0A2E1FRQ3-F1-model_v4_TED01	afdb	end	0
AF-A0A2E1FRQ3-F1-model_v4	AF-A0A2E1FRQ3-F1-model_v4_TED02	afdb	start	0
AF-A0A2E1FRQ3-F1-model_v4	AF-A0A2E1FRQ3-F1-model_v4_TED02	afdb	end	0
AF-A0A2E1FRQ3-F1-model_v4	AF-A0A2E1FRQ3-F1-model_v4_TED01	esm	start	0
AF-A0A2E1FRQ3-F1-model_v4	AF-A0A2E1FRQ3-F1-model_v4_TED01	esm	end	1
AF-A0A2E1FRQ3-F1-model_v4	AF-A0A2E1FRQ3-F1-model_v4_TED01	esm	start	0
AF-A0A2E1FRQ3-F1-model_v4	AF-A0A2E1FRQ3-F1-model_v4_TED01	esm	end	0
AF-A0A7C7R050-F1-model_v4	AF-A0A7C7R050-F1-model_v4_TED01	afdb	start	0
AF-A0A7C7R050-F1-model_v4	AF-A0A7C7R050-F1-model_v4_TED01	afdb	end	0
AF-A0A7C7R050-F1-model_v4	AF-A0A7C7R050-F1-model_v4_TED01	esm	start	0
AF-A0A7C7R050-F1-model_v4	AF-A0A7C7R050-F1-model_v4_TED01	esm	end	0
AF-D2H9F1-F1-model_v4	AF-D2H9F1-F1-model_v4_TED01	afdb	start	0
AF-D2H9F1-F1-model_v4	AF-D2H9F1-F1-model_v4_TED01	afdb	end	0
AF-D2H9F1-F1-model_v4	AF-D2H9F1-F1-model_v4_TED02	afdb	start	0
AF-D2H9F1-F1-model_v4	AF-D2H9F1-F1-model_v4_TED02	afdb	end	0
AF-D2H9F1-F1-model_v4	AF-D2H9F1-F1-model_v4_TED01	esm	start	-1
AF-D2H9F1-F1-model_v4	AF-D2H9F1-F1-model_v4_TED01	esm	end	0
AF-D2H9F1-F1-model_v4	AF-D2H9F1-F1-model_v4_TED02	esm	start	13
AF-D2H9F1-F1-model_v4	AF-D2H9F1-F1-model_v4_TED02	esm	end	-6
AF-A0A2E4RBK5-F1-model_v4	AF-A0A2E4RBK5-F1-model_v4_TED01	afdb	start	0
AF-A0A2E4RBK5-F1-model_v4	AF-A0A2E4RBK5-F1-model_v4_TED01	afdb	end	0
AF-A0A2E4RBK5-F1-model_v4	AF-A0A2E4RBK5-F1-model_v4_TED01	esm	start	-1
AF-A0A2E4RBK5-F1-model_v4	AF-A0A2E4RBK5-F1-model_v4_TED01	esm	end	0
AF-A0A2T1NHH8-F1-model_v4	AF-A0A2T1NHH8-F1-model_v4_TED01	afdb	start	0
AF-A0A2T1NHH8-F1-model_v4	AF-A0A2T1NHH8-F1-model_v4_TED01	afdb	end	0
AF-A0A2T1NHH8-F1-model_v4	AF-A0A2T1NHH8-F1-model_v4_TED01	esm	start	0
AF-A0A2T1NHH8-F1-model_v4	AF-A0A2T1NHH8-F1-model_v4_TED01	esm	end	1
AF-A0A0R3U4J9-F1-model_v4	AF-A0A0R3U4J9-F1-model_v4_TED01	afdb	start	0
AF-A0A0R3U4J9-F1-model_v4	AF-A0A0R3U4J9-F1-model_v4_TED01	afdb	end	0
AF-A0A0R3U4J9-F1-model_v4	AF-A0A0R3U4J9-F1-model_v4_TED02	afdb	start	0
AF-A0A0R3U4J9-F1-model_v4	AF-A0A0R3U4J9-F1-model_v4_TED02	afdb	end	0
AF-A0A0R3U4J9-F1-model_v4	AF-A0A0R3U4J9-F1-model_v4_TED01	esm	start	-37
AF-A0A0R3U4J9-F1-model_v4	AF-A0A0R3U4J9-F1-model_v4_TED01	esm	end	-2
AF-A0A0R3U4J9-F1-model_v4	AF-A0A0R3U4J9-F1-model_v4_TED02	esm	start	0
AF-A0A0R3U4J9-F1-model_v4	AF-A0A0R3U4J9-F1-model_v4_TED02	esm	end	0
AF-A0A367W443-F1-model_v4	AF-A0A367W443-F1-model_v4_TED01	afdb	start	0
AF-A0A367W443-F1-model_v4	AF-A0A367W443-F1-model_v4_TED01	afdb	end	0
AF-A0A367W443-F1-model_v4	AF-A0A367W443-F1-model_v4_TED02	afdb	start	0
AF-A0A367W443-F1-model_v4	AF-A0A367W443-F1-model_v4_TED02	afdb	end	0
AF-A0A367W443-F1-model_v4	AF-A0A367W443-F1-model_v4_TED01	esm	start	-4
AF-A0A367W443-F1-model_v4	AF-A0A367W443-F1-model_v4_TED01	esm	end	-8
AF-A0A126GV12-F1-model_v4	AF-A0A126GV12-F1-model_v4_TED01	afdb	start	0
AF-A0A126GV12-F1-model_v4	AF-A0A126GV12-F1-model_v4_TED01	afdb	end	0
AF-A0A126GV12-F1-model_v4	AF-A0A126GV12-F1-model_v4_TED01	afdb	start	0
AF-A0A126GV12-F1-model_v4	AF-A0A126GV12-F1-model_v4_TED01	afdb	end	0
AF-A0A126GV12-F1-model_v4	AF-A0A126GV12-F1-model_v4_TED02	afdb	start	0
AF-A0A126GV12-F1-model_v4	AF-A0A126GV12-F1-model_v4_TED02	afdb	end	0
AF-A0A126GV12-F1-model_v4	AF-A0A126GV12-F1-model_v4_TED03	afdb	start	0
AF-A0A126GV12-F1-model_v4	AF-A0A126GV12-F1-model_v4_TED03	afdb	end	0
AF-A0A126GV12-F1-model_v4	AF-A0A126GV12-F1-model_v4_TED04	afdb	start	0
AF-A0A126GV12-F1-model_v4	AF-A0A126GV12-F1-model_v4_TED04	afdb	end	0
AF-A0A126GV12-F1-model_v4	AF-A0A126GV12-F1-model_v4_TED02	esm	start	3
AF-A0A126GV12-F1-model_v4	AF-A0A126GV12-F1-model_v4_TED02	esm	end	0
AF-A0A126GV12-F1-model_v4	AF-A0A126GV12-F1-model_v4_TED04	esm	start	0
AF-A0A126GV12-F1-model_v4	AF-A0A126GV12-F1-model_v4_TED04	esm	end	0
AF-A0A6J5WIZ9-F1-model_v4	AF-A0A6J5WIZ9-F1-model_v4_TED01	afdb	start	0
AF-A0A6J5WIZ9-F1-model_v4	AF-A0A6J5WIZ9-F1-model_v4_TED01	afdb	end	0
AF-A0A6J5WIZ9-F1-model_v4	AF-A0A6J5WIZ9-F1-model_v4_TED01	esm	start	43
AF-A0A6J5WIZ9-F1-model_v4	AF-A0A6J5WIZ9-F1-model_v4_TED01	esm	end	0
AF-A0A495K1U9-F1-model_v4	AF-A0A495K1U9-F1-model_v4_TED01	afdb	start	0
AF-A0A495K1U9-F1-model_v4	AF-A0A495K1U9-F1-model_v4_TED01	afdb	end	0
AF-A0A495K1U9-F1-model_v4	AF-A0A495K1U9-F1-model_v4_TED02	afdb	start	0
AF-A0A495K1U9-F1-model_v4	AF-A0A495K1U9-F1-model_v4_TED02	afdb	end	0
AF-A0A495K1U9-F1-model_v4	AF-A0A495K1U9-F1-model_v4_TED01	esm	start	0
AF-A0A495K1U9-F1-model_v4	AF-A0A495K1U9-F1-model_v4_TED01	esm	end	0
AF-A0A495K1U9-F1-model_v4	AF-A0A495K1U9-F1-model_v4_TED02	esm	start	0
AF-A0A495K1U9-F1-model_v4	AF-A0A495K1U9-F1-model_v4_TED02	esm	end	0
AF-A0A2W7BAC6-F1-model_v4	AF-A0A2W7BAC6-F1-model_v4_TED01	afdb	start	0
AF-A0A2W7BAC6-F1-model_v4	AF-A0A2W7BAC6-F1-model_v4_TED01	afdb	end	0
AF-A0A2W7BAC6-F1-model_v4	AF-A0A2W7BAC6-F1-model_v4_TED01	afdb	start	0
AF-A0A2W7BAC6-F1-model_v4	AF-A0A2W7BAC6-F1-model_v4_TED01	afdb	end	0
AF-A0A2W7BAC6-F1-model_v4	AF-A0A2W7BAC6-F1-model_v4_TED02	afdb	start	0
AF-A0A2W7BAC6-F1-model_v4	AF-A0A2W7BAC6-F1-model_v4_TED02	afdb	end	0
AF-A0A2W7BAC6-F1-model_v4	AF-A0A2W7BAC6-F1-model_v4_TED01	esm	start	0
AF-A0A2W7BAC6-F1-model_v4	AF-A0A2W7BAC6-F1-model_v4_TED01	esm	end	-4
AF-A0A2W7BAC6-F1-model_v4	AF-A0A2W7BAC6-F1-model_v4_TED01	esm	start	0
AF-A0A2W7BAC6-F1-model_v4	AF-A0A2W7BAC6-F1-model_v4_TED01	esm	end	0
AF-A0A2W7BAC6-F1-model_v4	AF-A0A2W7BAC6-F1-model_v4_TED02	esm	start	1
AF-A0A2W7BAC6-F1-model_v4	AF-A0A2W7BAC6-F1-model_v4_TED02	esm	end	0
AF-A0A180EQD8-F1-model_v4	AF-A0A180EQD8-F1-model_v4_TED01	afdb	start	0
AF-A0A180EQD8-F1-model_v4	AF-A0A180EQD8-F1-model_v4_TED01	afdb	end	0
AF-A0A180EQD8-F1-model_v4	AF-A0A180EQD8-F1-model_v4_TED01	esm	start	4
AF-A0A180EQD8-F1-model_v4	AF-A0A180EQD8-F1-model_v4_TED01	esm	end	0
AF-A0A2P8LAU6-F1-model_v4	AF-A0A2P8LAU6-F1-model_v4_TED01	afdb	start	0
AF-A0A2P8LAU6-F1-model_v4	AF-A0A2P8LAU6-F1-model_v4_TED01	afdb	end	0
AF-A0A2P8LAU6-F1-model_v4	AF-A0A2P8LAU6-F1-model_v4_TED01	afdb	start	0
AF-A0A2P8LAU6-F1-model_v4	AF-A0A2P8LAU6-F1-model_v4_TED01	afdb	end	0
AF-H2Y7D9-F1-model_v4	AF-H2Y7D9-F1-model_v4_TED01	afdb	start	0
AF-H2Y7D9-F1-model_v4	AF-H2Y7D9-F1-model_v4_TED01	afdb	end	0
AF-H2Y7D9-F1-model_v4	AF-H2Y7D9-F1-model_v4_TED01	esm	start	-29
AF-H2Y7D9-F1-model_v4	AF-H2Y7D9-F1-model_v4_TED01	esm	end	0
AF-A0A7R7A4A7-F1-model_v4	AF-A0A7R7A4A7-F1-model_v4_TED01	afdb	start	0
AF-A0A7R7A4A7-F1-model_v4	AF-A0A7R7A4A7-F1-model_v4_TED01	afdb	end	0
AF-A0A7R7A4A7-F1-model_v4	AF-A0A7R7A4A7-F1-model_v4_TED02	afdb	start	0
AF-A0A7R7A4A7-F1-model_v4	AF-A0A7R7A4A7-F1-model_v4_TED02	afdb	end	0
AF-A0A7R7A4A7-F1-model_v4	AF-A0A7R7A4A7-F1-model_v4_TED03	afdb	start	0
AF-A0A7R7A4A7-F1-model_v4	AF-A0A7R7A4A7-F1-model_v4_TED03	afdb	end	0
AF-A0A7R7A4A7-F1-model_v4	AF-A0A7R7A4A7-F1-model_v4_TED01	esm	start	-21
AF-A0A7R7A4A7-F1-model_v4	AF-A0A7R7A4A7-F1-model_v4_TED01	esm	end	11
AF-A0A7R7A4A7-F1-model_v4	AF-A0A7R7A4A7-F1-model_v4_TED02	esm	start	4
AF-A0A7R7A4A7-F1-model_v4	AF-A0A7R7A4A7-F1-model_v4_TED02	esm	end	-1
AF-A0A7R7A4A7-F1-model_v4	AF-A0A7R7A4A7-F1-model_v4_TED03	esm	start	-14
AF-A0A7R7A4A7-F1-model_v4	AF-A0A7R7A4A7-F1-model_v4_TED03	esm	end	-1
AF-A0A5M3XU67-F1-model_v4	AF-A0A5M3XU67-F1-model_v4_TED01	afdb	start	0
AF-A0A5M3XU67-F1-model_v4	AF-A0A5M3XU67-F1-model_v4_TED01	afdb	end	0
AF-A0A5M3XU67-F1-model_v4	AF-A0A5M3XU67-F1-model_v4_TED01	esm	start	0
AF-A0A5M3XU67-F1-model_v4	AF-A0A5M3XU67-F1-model_v4_TED01	esm	end	0
AF-A0A5A9X7Y4-F1-model_v4	AF-A0A5A9X7Y4-F1-model_v4_TED01	afdb	start	0
AF-A0A5A9X7Y4-F1-model_v4	AF-A0A5A9X7Y4-F1-model_v4_TED01	afdb	end	0
AF-A0A5A9X7Y4-F1-model_v4	AF-A0A5A9X7Y4-F1-model_v4_TED01	afdb	start	0
AF-A0A5A9X7Y4-F1-model_v4	AF-A0A5A9X7Y4-F1-model_v4_TED01	afdb	end	0
AF-A0A5A9X7Y4-F1-model_v4	AF-A0A5A9X7Y4-F1-model_v4_TED01	afdb	start	0
AF-A0A5A9X7Y4-F1-model_v4	AF-A0A5A9X7Y4-F1-model_v4_TED01	afdb	end	0
AF-A0A5A9X7Y4-F1-model_v4	AF-A0A5A9X7Y4-F1-model_v4_TED01	esm	start	1
AF-A0A5A9X7Y4-F1-model_v4	AF-A0A5A9X7Y4-F1-model_v4_TED01	esm	end	0
AF-A0A5A9X7Y4-F1-model_v4	AF-A0A5A9X7Y4-F1-model_v4_TED01	esm	start	1
AF-A0A5A9X7Y4-F1-model_v4	AF-A0A5A9X7Y4-F1-model_v4_TED01	esm	end	0
AF-A0A5A9X7Y4-F1-model_v4	AF-A0A5A9X7Y4-F1-model_v4_TED01	esm	start	6
AF-A0A5A9X7Y4-F1-model_v4	AF-A0A5A9X7Y4-F1-model_v4_TED01	esm	end	0
AF-A0A0C3DU02-F1-model_v4	AF-A0A0C3DU02-F1-model_v4_TED01	afdb	start	0
AF-A0A0C3DU02-F1-model_v4	AF-A0A0C3DU02-F1-model_v4_TED01	afdb	end	0
AF-A0A0C3DU02-F1-model_v4	AF-A0A0C3DU02-F1-model_v4_TED02	afdb	start	0
AF-A0A0C3DU02-F1-model_v4	AF-A0A0C3DU02-F1-model_v4_TED02	afdb	end	0
AF-A0A0C3DU02-F1-model_v4	AF-A0A0C3DU02-F1-model_v4_TED03	afdb	start	0
AF-A0A0C3DU02-F1-model_v4	AF-A0A0C3DU02-F1-model_v4_TED03	afdb	end	0
AF-A0A0C3DU02-F1-model_v4	AF-A0A0C3DU02-F1-model_v4_TED01	esm	start	0
AF-A0A0C3DU02-F1-model_v4	AF-A0A0C3DU02-F1-model_v4_TED01	esm	end	2
AF-A0A0C3DU02-F1-model_v4	AF-A0A0C3DU02-F1-model_v4_TED02	esm	start	1
AF-A0A0C3DU02-F1-model_v4	AF-A0A0C3DU02-F1-model_v4_TED02	esm	end	0
AF-A0A0C3DU02-F1-model_v4	AF-A0A0C3DU02-F1-model_v4_TED03	esm	start	-4
AF-A0A0C3DU02-F1-model_v4	AF-A0A0C3DU02-F1-model_v4_TED03	esm	end	-2
AF-A0A1Y2A5S0-F1-model_v4	AF-A0A1Y2A5S0-F1-model_v4_TED01	afdb	start	0
AF-A0A1Y2A5S0-F1-model_v4	AF-A0A1Y2A5S0-F1-model_v4_TED01	afdb	end	0
AF-A0A1Y2A5S0-F1-model_v4	AF-A0A1Y2A5S0-F1-model_v4_TED02	afdb	start	0
AF-A0A1Y2A5S0-F1-model_v4	AF-A0A1Y2A5S0-F1-model_v4_TED02	afdb	end	0
AF-A0A1Y2A5S0-F1-model_v4	AF-A0A1Y2A5S0-F1-model_v4_TED02	afdb	start	0
AF-A0A1Y2A5S0-F1-model_v4	AF-A0A1Y2A5S0-F1-model_v4_TED02	afdb	end	0
AF-A0A1Y2A5S0-F1-model_v4	AF-A0A1Y2A5S0-F1-model_v4_TED01	esm	start	0
AF-A0A1Y2A5S0-F1-model_v4	AF-A0A1Y2A5S0-F1-model_v4_TED01	esm	end	0
AF-A0A1Y2A5S0-F1-model_v4	AF-A0A1Y2A5S0-F1-model_v4_TED02	esm	start	-1
AF-A0A1Y2A5S0-F1-model_v4	AF-A0A1Y2A5S0-F1-model_v4_TED02	esm	end	-7
AF-A0A1Y2A5S0-F1-model_v4	AF-A0A1Y2A5S0-F1-model_v4_TED02	esm	start	-19
AF-A0A1Y2A5S0-F1-model_v4	AF-A0A1Y2A5S0-F1-model_v4_TED02	esm	end	-47
AF-A0A7R7EPR7-F1-model_v4	AF-A0A7R7EPR7-F1-model_v4_TED01	afdb	start	0
AF-A0A7R7EPR7-F1-model_v4	AF-A0A7R7EPR7-F1-model_v4_TED01	afdb	end	0
AF-A0A7R7EPR7-F1-model_v4	AF-A0A7R7EPR7-F1-model_v4_TED01	esm	start	-4
AF-A0A7R7EPR7-F1-model_v4	AF-A0A7R7EPR7-F1-model_v4_TED01	esm	end	2
AF-A0A0M9Z4E6-F1-model_v4	AF-A0A0M9Z4E6-F1-model_v4_TED01	afdb	start	0
AF-A0A0M9Z4E6-F1-model_v4	AF-A0A0M9Z4E6-F1-model_v4_TED01	afdb	end	0
AF-A0A0M9Z4E6-F1-model_v4	AF-A0A0M9Z4E6-F1-model_v4_TED01	afdb	start	0
AF-A0A0M9Z4E6-F1-model_v4	AF-A0A0M9Z4E6-F1-model_v4_TED01	afdb	end	0
AF-A0A0M9Z4E6-F1-model_v4	AF-A0A0M9Z4E6-F1-model_v4_TED02	afdb	start	0
AF-A0A0M9Z4E6-F1-model_v4	AF-A0A0M9Z4E6-F1-model_v4_TED02	afdb	end	0
AF-A0A0M9Z4E6-F1-model_v4	AF-A0A0M9Z4E6-F1-model_v4_TED01	esm	start	1
AF-A0A0M9Z4E6-F1-model_v4	AF-A0A0M9Z4E6-F1-model_v4_TED01	esm	end	4
AF-A0A0M9Z4E6-F1-model_v4	AF-A0A0M9Z4E6-F1-model_v4_TED01	esm	start	-14
AF-A0A0M9Z4E6-F1-model_v4	AF-A0A0M9Z4E6-F1-model_v4_TED01	esm	end	-4
AF-R5IDS5-F1-model_v4	AF-R5IDS5-F1-model_v4_TED01	afdb	start	0
AF-R5IDS5-F1-model_v4	AF-R5IDS5-F1-model_v4_TED01	afdb	end	0
AF-R5IDS5-F1-model_v4	AF-R5IDS5-F1-model_v4_TED02	afdb	start	0
AF-R5IDS5-F1-model_v4	AF-R5IDS5-F1-model_v4_TED02	afdb	end	0
AF-R5IDS5-F1-model_v4	AF-R5IDS5-F1-model_v4_TED01	esm	start	12
AF-R5IDS5-F1-model_v4	AF-R5IDS5-F1-model_v4_TED01	esm	end	-34
AF-R5IDS5-F1-model_v4	AF-R5IDS5-F1-model_v4_TED02	esm	start	2
AF-R5IDS5-F1-model_v4	AF-R5IDS5-F1-model_v4_TED02	esm	end	0
AF-A0A7H8Z1S5-F1-model_v4	AF-A0A7H8Z1S5-F1-model_v4_TED01	afdb	start	0
AF-A0A7H8Z1S5-F1-model_v4	AF-A0A7H8Z1S5-F1-model_v4_TED01	afdb	end	0
AF-A0A7H8Z1S5-F1-model_v4	AF-A0A7H8Z1S5-F1-model_v4_TED02	afdb	start	0
AF-A0A7H8Z1S5-F1-model_v4	AF-A0A7H8Z1S5-F1-model_v4_TED02	afdb	end	0
AF-A0A7H8Z1S5-F1-model_v4	AF-A0A7H8Z1S5-F1-model_v4_TED03	afdb	start	0
AF-A0A7H8Z1S5-F1-model_v4	AF-A0A7H8Z1S5-F1-model_v4_TED03	afdb	end	0
AF-A0A7H8Z1S5-F1-model_v4	AF-A0A7H8Z1S5-F1-model_v4_TED04	afdb	start	0
AF-A0A7H8Z1S5-F1-model_v4	AF-A0A7H8Z1S5-F1-model_v4_TED04	afdb	end	0
AF-A0A7H8Z1S5-F1-model_v4	AF-A0A7H8Z1S5-F1-model_v4_TED01	esm	start	-8
AF-A0A7H8Z1S5-F1-model_v4	AF-A0A7H8Z1S5-F1-model_v4_TED01	esm	end	43
AF-A0A7H8Z1S5-F1-model_v4	AF-A0A7H8Z1S5-F1-model_v4_TED02	esm	start	0
AF-A0A7H8Z1S5-F1-model_v4	AF-A0A7H8Z1S5-F1-model_v4_TED02	esm	end	0
AF-A0A7H8Z1S5-F1-model_v4	AF-A0A7H8Z1S5-F1-model_v4_TED03	esm	start	2
AF-A0A7H8Z1S5-F1-model_v4	AF-A0A7H8Z1S5-F1-model_v4_TED03	esm	end	0
AF-A0A7H8Z1S5-F1-model_v4	AF-A0A7H8Z1S5-F1-model_v4_TED04	esm	start	15
AF-A0A7H8Z1S5-F1-model_v4	AF-A0A7H8Z1S5-F1-model_v4_TED04	esm	end	-1
AF-F9MMM9-F1-model_v4	AF-F9MMM9-F1-model_v4_TED01	afdb	start	0
AF-F9MMM9-F1-model_v4	AF-F9MMM9-F1-model_v4_TED01	afdb	end	0
AF-F9MMM9-F1-model_v4	AF-F9MMM9-F1-model_v4_TED02	afdb	start	0
AF-F9MMM9-F1-model_v4	AF-F9MMM9-F1-model_v4_TED02	afdb	end	0
AF-F9MMM9-F1-model_v4	AF-F9MMM9-F1-model_v4_TED01	esm	start	2
AF-F9MMM9-F1-model_v4	AF-F9MMM9-F1-model_v4_TED01	esm	end	-7
AF-F9MMM9-F1-model_v4	AF-F9MMM9-F1-model_v4_TED02	esm	start	-2
AF-F9MMM9-F1-model_v4	AF-F9MMM9-F1-model_v4_TED02	esm	end	-3
AF-A0A0B4X7G0-F1-model_v4	AF-A0A0B4X7G0-F1-model_v4_TED01	afdb	start	0
AF-A0A0B4X7G0-F1-model_v4	AF-A0A0B4X7G0-F1-model_v4_TED01	afdb	end	0
AF-A0A0B4X7G0-F1-model_v4	AF-A0A0B4X7G0-F1-model_v4_TED01	afdb	start	0
AF-A0A0B4X7G0-F1-model_v4	AF-A0A0B4X7G0-F1-model_v4_TED01	afdb	end	0
AF-A0A0B4X7G0-F1-model_v4	AF-A0A0B4X7G0-F1-model_v4_TED01	afdb	start	0
AF-A0A0B4X7G0-F1-model_v4	AF-A0A0B4X7G0-F1-model_v4_TED01	afdb	end	0
AF-A0A0B4X7G0-F1-model_v4	AF-A0A0B4X7G0-F1-model_v4_TED01	esm	start	0
AF-A0A0B4X7G0-F1-model_v4	AF-A0A0B4X7G0-F1-model_v4_TED01	esm	end	4
AF-A0A0B4X7G0-F1-model_v4	AF-A0A0B4X7G0-F1-model_v4_TED01	esm	start	-1
AF-A0A0B4X7G0-F1-model_v4	AF-A0A0B4X7G0-F1-model_v4_TED01	esm	end	0
AF-A0A0B4X7G0-F1-model_v4	AF-A0A0B4X7G0-F1-model_v4_TED01	esm	start	0
AF-A0A0B4X7G0-F1-model_v4	AF-A0A0B4X7G0-F1-model_v4_TED01	esm	end	1
AF-A0A2R8CCR1-F1-model_v4	AF-A0A2R8CCR1-F1-model_v4_TED01	afdb	start	0
AF-A0A2R8CCR1-F1-model_v4	AF-A0A2R8CCR1-F1-model_v4_TED01	afdb	end	0
AF-A0A2R8CCR1-F1-model_v4	AF-A0A2R8CCR1-F1-model_v4_TED02	afdb	start	0
AF-A0A2R8CCR1-F1-model_v4	AF-A0A2R8CCR1-F1-model_v4_TED02	afdb	end	0
AF-A0A2R8CCR1-F1-model_v4	AF-A0A2R8CCR1-F1-model_v4_TED01	esm	start	0
AF-A0A2R8CCR1-F1-model_v4	AF-A0A2R8CCR1-F1-model_v4_TED01	esm	end	0
AF-A0A2R8CCR1-F1-model_v4	AF-A0A2R8CCR1-F1-model_v4_TED02	esm	start	0
AF-A0A2R8CCR1-F1-model_v4	AF-A0A2R8CCR1-F1-model_v4_TED02	esm	end	0
AF-A0A7W0V374-F1-model_v4	AF-A0A7W0V374-F1-model_v4_TED01	afdb	start	0
AF-A0A7W0V374-F1-model_v4	AF-A0A7W0V374-F1-model_v4_TED01	afdb	end	0
AF-A0A7W0V374-F1-model_v4	AF-A0A7W0V374-F1-model_v4_TED01	afdb	start	0
AF-A0A7W0V374-F1-model_v4	AF-A0A7W0V374-F1-model_v4_TED01	afdb	end	0
AF-A0A7W0V374-F1-model_v4	AF-A0A7W0V374-F1-model_v4_TED02	afdb	start	0
AF-A0A7W0V374-F1-model_v4	AF-A0A7W0V374-F1-model_v4_TED02	afdb	end	0
AF-A0A7W0V374-F1-model_v4	AF-A0A7W0V374-F1-model_v4_TED01	esm	start	0
AF-A0A7W0V374-F1-model_v4	AF-A0A7W0V374-F1-model_v4_TED01	esm	end	0
AF-A0A7W0V374-F1-model_v4	AF-A0A7W0V374-F1-model_v4_TED01	esm	start	1
AF-A0A7W0V374-F1-model_v4	AF-A0A7W0V374-F1-model_v4_TED01	esm	end	-4
AF-A0A7W0V374-F1-model_v4	AF-A0A7W0V374-F1-model_v4_TED02	esm	start	-18
AF-A0A7W0V374-F1-model_v4	AF-A0A7W0V374-F1-model_v4_TED02	esm	end	4
AF-A0A2N3VHT6-F1-model_v4	AF-A0A2N3VHT6-F1-model_v4_TED01	afdb	start	0
AF-A0A2N3VHT6-F1-model_v4	AF-A0A2N3VHT6-F1-model_v4_TED01	afdb	end	0
AF-A0A2N3VHT6-F1-model_v4	AF-A0A2N3VHT6-F1-model_v4_TED01	esm	start	-12
AF-A0A2N3VHT6-F1-model_v4	AF-A0A2N3VHT6-F1-model_v4_TED01	esm	end	0
AF-A0A6J8EL41-F1-model_v4	AF-A0A6J8EL41-F1-model_v4_TED01	afdb	start	0
AF-A0A6J8EL41-F1-model_v4	AF-A0A6J8EL41-F1-model_v4_TED01	afdb	end	0
AF-A0A6J8EL41-F1-model_v4	AF-A0A6J8EL41-F1-model_v4_TED02	afdb	start	0
AF-A0A6J8EL41-F1-model_v4	AF-A0A6J8EL41-F1-model_v4_TED02	afdb	end	0
AF-A0A6J8EL41-F1-model_v4	AF-A0A6J8EL41-F1-model_v4_TED03	afdb	start	0
AF-A0A6J8EL41-F1-model_v4	AF-A0A6J8EL41-F1-model_v4_TED03	afdb	end	0
AF-A0A6J8EL41-F1-model_v4	AF-A0A6J8EL41-F1-model_v4_TED02	esm	start	-14
AF-A0A6J8EL41-F1-model_v4	AF-A0A6J8EL41-F1-model_v4_TED02	esm	end	0
AF-A0A6J8EL41-F1-model_v4	AF-A0A6J8EL41-F1-model_v4_TED03	esm	start	-1
AF-A0A6J8EL41-F1-model_v4	AF-A0A6J8EL41-F1-model_v4_TED03	esm	end	0
AF-A0A4S5BL98-F1-model_v4	AF-A0A4S5BL98-F1-model_v4_TED01	afdb	start	0
AF-A0A4S5BL98-F1-model_v4	AF-A0A4S5BL98-F1-model_v4_TED01	afdb	end	0
AF-A0A4S5BL98-F1-model_v4	AF-A0A4S5BL98-F1-model_v4_TED01	esm	start	-13
AF-A0A4S5BL98-F1-model_v4	AF-A0A4S5BL98-F1-model_v4_TED01	esm	end	0
AF-A0A438DER0-F1-model_v4	AF-A0A438DER0-F1-model_v4_TED01	esm	start	0
AF-A0A438DER0-F1-model_v4	AF-A0A438DER0-F1-model_v4_TED01	esm	end	32
AF-A0A377G5R4-F1-model_v4	AF-A0A377G5R4-F1-model_v4_TED01	afdb	start	0
AF-A0A377G5R4-F1-model_v4	AF-A0A377G5R4-F1-model_v4_TED01	afdb	end	0
AF-A0A377G5R4-F1-model_v4	AF-A0A377G5R4-F1-model_v4_TED01	esm	start	1
AF-A0A377G5R4-F1-model_v4	AF-A0A377G5R4-F1-model_v4_TED01	esm	end	-32
AF-A0A101U7M6-F1-model_v4	AF-A0A101U7M6-F1-model_v4_TED01	afdb	start	0
AF-A0A101U7M6-F1-model_v4	AF-A0A101U7M6-F1-model_v4_TED01	afdb	end	0
AF-A0A101U7M6-F1-model_v4	AF-A0A101U7M6-F1-model_v4_TED01	esm	start	-9
AF-A0A101U7M6-F1-model_v4	AF-A0A101U7M6-F1-model_v4_TED01	esm	end	0
AF-A0A285D8C1-F1-model_v4	AF-A0A285D8C1-F1-model_v4_TED01	afdb	start	0
AF-A0A285D8C1-F1-model_v4	AF-A0A285D8C1-F1-model_v4_TED01	afdb	end	0
AF-A0A285D8C1-F1-model_v4	AF-A0A285D8C1-F1-model_v4_TED02	afdb	start	0
AF-A0A285D8C1-F1-model_v4	AF-A0A285D8C1-F1-model_v4_TED02	afdb	end	0
AF-A0A285D8C1-F1-model_v4	AF-A0A285D8C1-F1-model_v4_TED01	esm	start	0
AF-A0A285D8C1-F1-model_v4	AF-A0A285D8C1-F1-model_v4_TED01	esm	end	0
AF-A0A285D8C1-F1-model_v4	AF-A0A285D8C1-F1-model_v4_TED02	esm	start	0
AF-A0A285D8C1-F1-model_v4	AF-A0A285D8C1-F1-model_v4_TED02	esm	end	0
AF-A0A1H7LSS8-F1-model_v4	AF-A0A1H7LSS8-F1-model_v4_TED01	afdb	start	0
AF-A0A1H7LSS8-F1-model_v4	AF-A0A1H7LSS8-F1-model_v4_TED01	afdb	end	0
AF-A0A1H7LSS8-F1-model_v4	AF-A0A1H7LSS8-F1-model_v4_TED02	afdb	start	0
AF-A0A1H7LSS8-F1-model_v4	AF-A0A1H7LSS8-F1-model_v4_TED02	afdb	end	0
AF-A0A1H7LSS8-F1-model_v4	AF-A0A1H7LSS8-F1-model_v4_TED01	esm	start	0
AF-A0A1H7LSS8-F1-model_v4	AF-A0A1H7LSS8-F1-model_v4_TED01	esm	end	0
AF-A0A1H7LSS8-F1-model_v4	AF-A0A1H7LSS8-F1-model_v4_TED02	esm	start	-1
AF-A0A1H7LSS8-F1-model_v4	AF-A0A1H7LSS8-F1-model_v4_TED02	esm	end	0
AF-A0A661PJA9-F1-model_v4	AF-A0A661PJA9-F1-model_v4_TED02	afdb	start	0
AF-A0A661PJA9-F1-model_v4	AF-A0A661PJA9-F1-model_v4_TED02	afdb	end	0
AF-A0A661PJA9-F1-model_v4	AF-A0A661PJA9-F1-model_v4_TED02	afdb	start	0
AF-A0A661PJA9-F1-model_v4	AF-A0A661PJA9-F1-model_v4_TED02	afdb	end	0
AF-A0A661PJA9-F1-model_v4	AF-A0A661PJA9-F1-model_v4_TED02	afdb	start	0
AF-A0A661PJA9-F1-model_v4	AF-A0A661PJA9-F1-model_v4_TED02	afdb	end	0
AF-A0A661PJA9-F1-model_v4	AF-A0A661PJA9-F1-model_v4_TED03	afdb	start	0
AF-A0A661PJA9-F1-model_v4	AF-A0A661PJA9-F1-model_v4_TED03	afdb	end	0
AF-A0A661PJA9-F1-model_v4	AF-A0A661PJA9-F1-model_v4_TED02	esm	start	15
AF-A0A661PJA9-F1-model_v4	AF-A0A661PJA9-F1-model_v4_TED02	esm	end	0
AF-A0A661PJA9-F1-model_v4	AF-A0A661PJA9-F1-model_v4_TED02	esm	start	-2
AF-A0A661PJA9-F1-model_v4	AF-A0A661PJA9-F1-model_v4_TED02	esm	end	1
AF-A0A661PJA9-F1-model_v4	AF-A0A661PJA9-F1-model_v4_TED02	esm	start	-2
AF-A0A661PJA9-F1-model_v4	AF-A0A661PJA9-F1-model_v4_TED02	esm	end	0
AF-A0A661PJA9-F1-model_v4	AF-A0A661PJA9-F1-model_v4_TED03	esm	start	-5
AF-A0A661PJA9-F1-model_v4	AF-A0A661PJA9-F1-model_v4_TED03	esm	end	0
AF-A0A7X3I907-F1-model_v4	AF-A0A7X3I907-F1-model_v4_TED01	afdb	start	0
AF-A0A7X3I907-F1-model_v4	AF-A0A7X3I907-F1-model_v4_TED01	afdb	end	0
AF-A0A7X3I907-F1-model_v4	AF-A0A7X3I907-F1-model_v4_TED02	afdb	start	0
AF-A0A7X3I907-F1-model_v4	AF-A0A7X3I907-F1-model_v4_TED02	afdb	end	0
AF-A0A7X3I907-F1-model_v4	AF-A0A7X3I907-F1-model_v4_TED01	esm	start	-3
AF-A0A7X3I907-F1-model_v4	AF-A0A7X3I907-F1-model_v4_TED01	esm	end	-15
AF-A0A7X3I907-F1-model_v4	AF-A0A7X3I907-F1-model_v4_TED02	esm	start	0
AF-A0A7X3I907-F1-model_v4	AF-A0A7X3I907-F1-model_v4_TED02	esm	end	0
AF-A0A5E6UXB5-F1-model_v4	AF-A0A5E6UXB5-F1-model_v4_TED01	afdb	start	0
AF-A0A5E6UXB5-F1-model_v4	AF-A0A5E6UXB5-F1-model_v4_TED01	afdb	end	0
AF-A0A5E6UXB5-F1-model_v4	AF-A0A5E6UXB5-F1-model_v4_TED02	afdb	start	0
AF-A0A5E6UXB5-F1-model_v4	AF-A0A5E6UXB5-F1-model_v4_TED02	afdb	end	0
AF-A0A5E6UXB5-F1-model_v4	AF-A0A5E6UXB5-F1-model_v4_TED02	afdb	start	0
AF-A0A5E6UXB5-F1-model_v4	AF-A0A5E6UXB5-F1-model_v4_TED02	afdb	end	0
AF-A0A5E6UXB5-F1-model_v4	AF-A0A5E6UXB5-F1-model_v4_TED02	esm	start	0
AF-A0A5E6UXB5-F1-model_v4	AF-A0A5E6UXB5-F1-model_v4_TED02	esm	end	0
AF-A0A5E6UXB5-F1-model_v4	AF-A0A5E6UXB5-F1-model_v4_TED02	esm	start	-1
AF-A0A5E6UXB5-F1-model_v4	AF-A0A5E6UXB5-F1-model_v4_TED02	esm	end	-12
AF-A0A1A6B1M4-F1-model_v4	AF-A0A1A6B1M4-F1-model_v4_TED01	afdb	start	0
AF-A0A1A6B1M4-F1-model_v4	AF-A0A1A6B1M4-F1-model_v4_TED01	afdb	end	0
AF-A0A1A6B1M4-F1-model_v4	AF-A0A1A6B1M4-F1-model_v4_TED01	esm	start	0
AF-A0A1A6B1M4-F1-model_v4	AF-A0A1A6B1M4-F1-model_v4_TED01	esm	end	0
AF-A0A6S5TRY1-F1-model_v4	AF-A0A6S5TRY1-F1-model_v4_TED01	afdb	start	0
AF-A0A6S5TRY1-F1-model_v4	AF-A0A6S5TRY1-F1-model_v4_TED01	afdb	end	0
AF-A0A6S5TRY1-F1-model_v4	AF-A0A6S5TRY1-F1-model_v4_TED01	esm	start	-1
AF-A0A6S5TRY1-F1-model_v4	AF-A0A6S5TRY1-F1-model_v4_TED01	esm	end	-15
AF-A0A7S7MW09-F1-model_v4	AF-A0A7S7MW09-F1-model_v4_TED01	afdb	start	0
AF-A0A7S7MW09-F1-model_v4	AF-A0A7S7MW09-F1-model_v4_TED01	afdb	end	0
AF-A0A7S7MW09-F1-model_v4	AF-A0A7S7MW09-F1-model_v4_TED02	afdb	start	0
AF-A0A7S7MW09-F1-model_v4	AF-A0A7S7MW09-F1-model_v4_TED02	afdb	end	0
AF-A0A7S7MW09-F1-model_v4	AF-A0A7S7MW09-F1-model_v4_TED03	afdb	start	0
AF-A0A7S7MW09-F1-model_v4	AF-A0A7S7MW09-F1-model_v4_TED03	afdb	end	0
AF-A0A7S7MW09-F1-model_v4	AF-A0A7S7MW09-F1-model_v4_TED04	afdb	start	0
AF-A0A7S7MW09-F1-model_v4	AF-A0A7S7MW09-F1-model_v4_TED04	afdb	end	0
AF-A0A7S7MW09-F1-model_v4	AF-A0A7S7MW09-F1-model_v4_TED01	esm	start	-8
AF-A0A7S7MW09-F1-model_v4	AF-A0A7S7MW09-F1-model_v4_TED01	esm	end	-2
AF-A0A7S7MW09-F1-model_v4	AF-A0A7S7MW09-F1-model_v4_TED02	esm	start	-1
AF-A0A7S7MW09-F1-model_v4	AF-A0A7S7MW09-F1-model_v4_TED02	esm	end	0
AF-A0A7S7MW09-F1-model_v4	AF-A0A7S7MW09-F1-model_v4_TED03	esm	start	1
AF-A0A7S7MW09-F1-model_v4	AF-A0A7S7MW09-F1-model_v4_TED03	esm	end	57
AF-A0A7S7MW09-F1-model_v4	AF-A0A7S7MW09-F1-model_v4_TED04	esm	start	-14
AF-A0A7S7MW09-F1-model_v4	AF-A0A7S7MW09-F1-model_v4_TED04	esm	end	0
AF-A0A2I4GSM0-F1-model_v4	AF-A0A2I4GSM0-F1-model_v4_TED01	afdb	start	0
AF-A0A2I4GSM0-F1-model_v4	AF-A0A2I4GSM0-F1-model_v4_TED01	afdb	end	0
AF-A0A2I4GSM0-F1-model_v4	AF-A0A2I4GSM0-F1-model_v4_TED02	afdb	start	0
AF-A0A2I4GSM0-F1-model_v4	AF-A0A2I4GSM0-F1-model_v4_TED02	afdb	end	0
AF-A0A2I4GSM0-F1-model_v4	AF-A0A2I4GSM0-F1-model_v4_TED01	esm	start	-5
AF-A0A2I4GSM0-F1-model_v4	AF-A0A2I4GSM0-F1-model_v4_TED01	esm	end	-22
AF-A0A2I4GSM0-F1-model_v4	AF-A0A2I4GSM0-F1-model_v4_TED02	esm	start	1
AF-A0A2I4GSM0-F1-model_v4	AF-A0A2I4GSM0-F1-model_v4_TED02	esm	end	0
AF-A0A231HF66-F1-model_v4	AF-A0A231HF66-F1-model_v4_TED01	afdb	start	0
AF-A0A231HF66-F1-model_v4	AF-A0A231HF66-F1-model_v4_TED01	afdb	end	0
AF-A0A231HF66-F1-model_v4	AF-A0A231HF66-F1-model_v4_TED02	afdb	start	0
AF-A0A231HF66-F1-model_v4	AF-A0A231HF66-F1-model_v4_TED02	afdb	end	0
AF-A0A231HF66-F1-model_v4	AF-A0A231HF66-F1-model_v4_TED03	afdb	start	0
AF-A0A231HF66-F1-model_v4	AF-A0A231HF66-F1-model_v4_TED03	afdb	end	0
AF-A0A231HF66-F1-model_v4	AF-A0A231HF66-F1-model_v4_TED01	esm	start	0
AF-A0A231HF66-F1-model_v4	AF-A0A231HF66-F1-model_v4_TED01	esm	end	1
AF-A0A0C2TFK7-F1-model_v4	AF-A0A0C2TFK7-F1-model_v4_TED01	afdb	start	0
AF-A0A0C2TFK7-F1-model_v4	AF-A0A0C2TFK7-F1-model_v4_TED01	afdb	end	0
AF-A0A0C2TFK7-F1-model_v4	AF-A0A0C2TFK7-F1-model_v4_TED01	afdb	start	0
AF-A0A0C2TFK7-F1-model_v4	AF-A0A0C2TFK7-F1-model_v4_TED01	afdb	end	0
AF-A0A0C2TFK7-F1-model_v4	AF-A0A0C2TFK7-F1-model_v4_TED01	esm	start	2
AF-A0A0C2TFK7-F1-model_v4	AF-A0A0C2TFK7-F1-model_v4_TED01	esm	end	-22
AF-A0A0C2TFK7-F1-model_v4	AF-A0A0C2TFK7-F1-model_v4_TED01	esm	start	-30
AF-A0A0C2TFK7-F1-model_v4	AF-A0A0C2TFK7-F1-model_v4_TED01	esm	end	-2
AF-A0A3G8Y7E5-F1-model_v4	AF-A0A3G8Y7E5-F1-model_v4_TED01	afdb	start	0
AF-A0A3G8Y7E5-F1-model_v4	AF-A0A3G8Y7E5-F1-model_v4_TED01	afdb	end	0
AF-A0A3G8Y7E5-F1-model_v4	AF-A0A3G8Y7E5-F1-model_v4_TED01	esm	start	0
AF-A0A3G8Y7E5-F1-model_v4	AF-A0A3G8Y7E5-F1-model_v4_TED01	esm	end	0
AF-A0A1H3IBP7-F1-model_v4	AF-A0A1H3IBP7-F1-model_v4_TED01	afdb	start	0
AF-A0A1H3IBP7-F1-model_v4	AF-A0A1H3IBP7-F1-model_v4_TED01	afdb	end	0
AF-A0A1H3IBP7-F1-model_v4	AF-A0A1H3IBP7-F1-model_v4_TED01	afdb	start	0
AF-A0A1H3IBP7-F1-model_v4	AF-A0A1H3IBP7-F1-model_v4_TED01	afdb	end	0
AF-A0A1H3IBP7-F1-model_v4	AF-A0A1H3IBP7-F1-model_v4_TED02	afdb	start	0
AF-A0A1H3IBP7-F1-model_v4	AF-A0A1H3IBP7-F1-model_v4_TED02	afdb	end	0
AF-A0A1H3IBP7-F1-model_v4	AF-A0A1H3IBP7-F1-model_v4_TED01	esm	start	21
AF-A0A1H3IBP7-F1-model_v4	AF-A0A1H3IBP7-F1-model_v4_TED01	esm	end	11
AF-A0A1H3IBP7-F1-model_v4	AF-A0A1H3IBP7-F1-model_v4_TED01	esm	start	4
AF-A0A1H3IBP7-F1-model_v4	AF-A0A1H3IBP7-F1-model_v4_TED01	esm	end	-2
AF-A0A1H3IBP7-F1-model_v4	AF-A0A1H3IBP7-F1-model_v4_TED02	esm	start	-8
AF-A0A1H3IBP7-F1-model_v4	AF-A0A1H3IBP7-F1-model_v4_TED02	esm	end	-2
AF-A0A0B7ITT4-F1-model_v4	AF-A0A0B7ITT4-F1-model_v4_TED01	afdb	start	0
AF-A0A0B7ITT4-F1-model_v4	AF-A0A0B7ITT4-F1-model_v4_TED01	afdb	end	0
AF-A0A0B7ITT4-F1-model_v4	AF-A0A0B7ITT4-F1-model_v4_TED02	afdb	start	0
AF-A0A0B7ITT4-F1-model_v4	AF-A0A0B7ITT4-F1-model_v4_TED02	afdb	end	0
AF-A0A0B7ITT4-F1-model_v4	AF-A0A0B7ITT4-F1-model_v4_TED03	afdb	start	0
AF-A0A0B7ITT4-F1-model_v4	AF-A0A0B7ITT4-F1-model_v4_TED03	afdb	end	0
AF-A0A0B7ITT4-F1-model_v4	AF-A0A0B7ITT4-F1-model_v4_TED04	afdb	start	0
AF-A0A0B7ITT4-F1-model_v4	AF-A0A0B7ITT4-F1-model_v4_TED04	afdb	end	0
AF-A0A0B7ITT4-F1-model_v4	AF-A0A0B7ITT4-F1-model_v4_TED01	esm	start	0
AF-A0A0B7ITT4-F1-model_v4	AF-A0A0B7ITT4-F1-model_v4_TED01	esm	end	0
AF-A0A0B7ITT4-F1-model_v4	AF-A0A0B7ITT4-F1-model_v4_TED02	esm	start	0
AF-A0A0B7ITT4-F1-model_v4	AF-A0A0B7ITT4-F1-model_v4_TED02	esm	end	0
AF-A0A0B7ITT4-F1-model_v4	AF-A0A0B7ITT4-F1-model_v4_TED03	esm	start	1
AF-A0A0B7ITT4-F1-model_v4	AF-A0A0B7ITT4-F1-model_v4_TED03	esm	end	-16
AF-A0A0B7ITT4-F1-model_v4	AF-A0A0B7ITT4-F1-model_v4_TED04	esm	start	-3
AF-A0A0B7ITT4-F1-model_v4	AF-A0A0B7ITT4-F1-model_v4_TED04	esm	end	0
AF-I3RET4-F1-model_v4	AF-I3RET4-F1-model_v4_TED01	afdb	start	0
AF-I3RET4-F1-model_v4	AF-I3RET4-F1-model_v4_TED01	afdb	end	0
AF-I3RET4-F1-model_v4	AF-I3RET4-F1-model_v4_TED02	afdb	start	0
AF-I3RET4-F1-model_v4	AF-I3RET4-F1-model_v4_TED02	afdb	end	0
AF-I3RET4-F1-model_v4	AF-I3RET4-F1-model_v4_TED03	afdb	start	0
AF-I3RET4-F1-model_v4	AF-I3RET4-F1-model_v4_TED03	afdb	end	0
AF-I3RET4-F1-model_v4	AF-I3RET4-F1-model_v4_TED04	afdb	start	0
AF-I3RET4-F1-model_v4	AF-I3RET4-F1-model_v4_TED04	afdb	end	0
AF-I3RET4-F1-model_v4	AF-I3RET4-F1-model_v4_TED01	esm	start	0
AF-I3RET4-F1-model_v4	AF-I3RET4-F1-model_v4_TED01	esm	end	0
AF-I3RET4-F1-model_v4	AF-I3RET4-F1-model_v4_TED02	esm	start	0
AF-I3RET4-F1-model_v4	AF-I3RET4-F1-model_v4_TED02	esm	end	10
AF-I3RET4-F1-model_v4	AF-I3RET4-F1-model_v4_TED04	esm	start	0
AF-I3RET4-F1-model_v4	AF-I3RET4-F1-model_v4_TED04	esm	end	0
AF-A0A5K8A3F5-F1-model_v4	AF-A0A5K8A3F5-F1-model_v4_TED01	afdb	start	0
AF-A0A5K8A3F5-F1-model_v4	AF-A0A5K8A3F5-F1-model_v4_TED01	afdb	end	0
AF-A0A5K8A3F5-F1-model_v4	AF-A0A5K8A3F5-F1-model_v4_TED01	esm	start	0
AF-A0A5K8A3F5-F1-model_v4	AF-A0A5K8A3F5-F1-model_v4_TED01	esm	end	-4
AF-A0A3Q0T0M1-F1-model_v4	AF-A0A3Q0T0M1-F1-model_v4_TED01	afdb	start	0
AF-A0A3Q0T0M1-F1-model_v4	AF-A0A3Q0T0M1-F1-model_v4_TED01	afdb	end	0
AF-A0A3Q0T0M1-F1-model_v4	AF-A0A3Q0T0M1-F1-model_v4_TED02	afdb	start	0
AF-A0A3Q0T0M1-F1-model_v4	AF-A0A3Q0T0M1-F1-model_v4_TED02	afdb	end	0
AF-A0A3Q0T0M1-F1-model_v4	AF-A0A3Q0T0M1-F1-model_v4_TED03	afdb	start	0
AF-A0A3Q0T0M1-F1-model_v4	AF-A0A3Q0T0M1-F1-model_v4_TED03	afdb	end	0
AF-A0A3Q0T0M1-F1-model_v4	AF-A0A3Q0T0M1-F1-model_v4_TED01	esm	start	-14
AF-A0A3Q0T0M1-F1-model_v4	AF-A0A3Q0T0M1-F1-model_v4_TED01	esm	end	1
AF-A0A3Q0T0M1-F1-model_v4	AF-A0A3Q0T0M1-F1-model_v4_TED02	esm	start	-2
AF-A0A3Q0T0M1-F1-model_v4	AF-A0A3Q0T0M1-F1-model_v4_TED02	esm	end	1
AF-A0A3Q0T0M1-F1-model_v4	AF-A0A3Q0T0M1-F1-model_v4_TED03	esm	start	0
AF-A0A3Q0T0M1-F1-model_v4	AF-A0A3Q0T0M1-F1-model_v4_TED03	esm	end	-23
AF-A0A5E3WTB9-F1-model_v4	AF-A0A5E3WTB9-F1-model_v4_TED01	afdb	start	0
AF-A0A5E3WTB9-F1-model_v4	AF-A0A5E3WTB9-F1-model_v4_TED01	afdb	end	0
AF-A0A5E3WTB9-F1-model_v4	AF-A0A5E3WTB9-F1-model_v4_TED02	afdb	start	0
AF-A0A5E3WTB9-F1-model_v4	AF-A0A5E3WTB9-F1-model_v4_TED02	afdb	end	0
AF-A0A5E3WTB9-F1-model_v4	AF-A0A5E3WTB9-F1-model_v4_TED03	afdb	start	0
AF-A0A5E3WTB9-F1-model_v4	AF-A0A5E3WTB9-F1-model_v4_TED03	afdb	end	0
AF-A0A5E3WTB9-F1-model_v4	AF-A0A5E3WTB9-F1-model_v4_TED01	esm	start	-35
AF-A0A5E3WTB9-F1-model_v4	AF-A0A5E3WTB9-F1-model_v4_TED01	esm	end	6
AF-A0A5E3WTB9-F1-model_v4	AF-A0A5E3WTB9-F1-model_v4_TED02	esm	start	-3
AF-A0A5E3WTB9-F1-model_v4	AF-A0A5E3WTB9-F1-model_v4_TED02	esm	end	-37
AF-A0A5E3WTB9-F1-model_v4	AF-A0A5E3WTB9-F1-model_v4_TED03	esm	start	0
AF-A0A5E3WTB9-F1-model_v4	AF-A0A5E3WTB9-F1-model_v4_TED03	esm	end	0
AF-A0A3P6CGS6-F1-model_v4	AF-A0A3P6CGS6-F1-model_v4_TED01	afdb	start	0
AF-A0A3P6CGS6-F1-model_v4	AF-A0A3P6CGS6-F1-model_v4_TED01	afdb	end	0
AF-A0A3P6CGS6-F1-model_v4	AF-A0A3P6CGS6-F1-model_v4_TED01	esm	start	0
AF-A0A3P6CGS6-F1-model_v4	AF-A0A3P6CGS6-F1-model_v4_TED01	esm	end	-1
AF-B0EEK8-F1-model_v4	AF-B0EEK8-F1-model_v4_TED01	afdb	start	0
AF-B0EEK8-F1-model_v4	AF-B0EEK8-F1-model_v4_TED01	afdb	end	0
AF-B0EEK8-F1-model_v4	AF-B0EEK8-F1-model_v4_TED02	afdb	start	0
AF-B0EEK8-F1-model_v4	AF-B0EEK8-F1-model_v4_TED02	afdb	end	0
AF-B0EEK8-F1-model_v4	AF-B0EEK8-F1-model_v4_TED01	esm	start	0
AF-B0EEK8-F1-model_v4	AF-B0EEK8-F1-model_v4_TED01	esm	end	1
AF-B0EEK8-F1-model_v4	AF-B0EEK8-F1-model_v4_TED02	esm	start	0
AF-B0EEK8-F1-model_v4	AF-B0EEK8-F1-model_v4_TED02	esm	end	1
AF-A0A4Q7Q5I5-F1-model_v4	AF-A0A4Q7Q5I5-F1-model_v4_TED01	afdb	start	0
AF-A0A4Q7Q5I5-F1-model_v4	AF-A0A4Q7Q5I5-F1-model_v4_TED01	afdb	end	0
AF-A0A4Q7Q5I5-F1-model_v4	AF-A0A4Q7Q5I5-F1-model_v4_TED02	afdb	start	0
AF-A0A4Q7Q5I5-F1-model_v4	AF-A0A4Q7Q5I5-F1-model_v4_TED02	afdb	end	0
AF-A0A4Q7Q5I5-F1-model_v4	AF-A0A4Q7Q5I5-F1-model_v4_TED01	esm	start	0
AF-A0A4Q7Q5I5-F1-model_v4	AF-A0A4Q7Q5I5-F1-model_v4_TED01	esm	end	2
AF-A0A4Q7Q5I5-F1-model_v4	AF-A0A4Q7Q5I5-F1-model_v4_TED02	esm	start	1
AF-A0A4Q7Q5I5-F1-model_v4	AF-A0A4Q7Q5I5-F1-model_v4_TED02	esm	end	-1
AF-A0A838MLQ6-F1-model_v4	AF-A0A838MLQ6-F1-model_v4_TED01	afdb	start	0
AF-A0A838MLQ6-F1-model_v4	AF-A0A838MLQ6-F1-model_v4_TED01	afdb	end	0
AF-A0A838MLQ6-F1-model_v4	AF-A0A838MLQ6-F1-model_v4_TED01	afdb	start	0
AF-A0A838MLQ6-F1-model_v4	AF-A0A838MLQ6-F1-model_v4_TED01	afdb	end	0
AF-A0A838MLQ6-F1-model_v4	AF-A0A838MLQ6-F1-model_v4_TED01	esm	start	0
AF-A0A838MLQ6-F1-model_v4	AF-A0A838MLQ6-F1-model_v4_TED01	esm	end	48
AF-A0A838MLQ6-F1-model_v4	AF-A0A838MLQ6-F1-model_v4_TED01	esm	start	14
AF-A0A838MLQ6-F1-model_v4	AF-A0A838MLQ6-F1-model_v4_TED01	esm	end	-7
AF-A0A845XWC5-F1-model_v4	AF-A0A845XWC5-F1-model_v4_TED01	afdb	start	0
AF-A0A845XWC5-F1-model_v4	AF-A0A845XWC5-F1-model_v4_TED01	afdb	end	0
AF-A0A845XWC5-F1-model_v4	AF-A0A845XWC5-F1-model_v4_TED01	esm	start	0
AF-A0A845XWC5-F1-model_v4	AF-A0A845XWC5-F1-model_v4_TED01	esm	end	0
AF-A0A3C0ELU5-F1-model_v4	AF-A0A3C0ELU5-F1-model_v4_TED01	afdb	start	0
AF-A0A3C0ELU5-F1-model_v4	AF-A0A3C0ELU5-F1-model_v4_TED01	afdb	end	0
AF-A0A3C0ELU5-F1-model_v4	AF-A0A3C0ELU5-F1-model_v4_TED01	esm	start	-31
AF-A0A3C0ELU5-F1-model_v4	AF-A0A3C0ELU5-F1-model_v4_TED01	esm	end	0
AF-A0A6P1INF3-F1-model_v4	AF-A0A6P1INF3-F1-model_v4_TED01	afdb	start	0
AF-A0A6P1INF3-F1-model_v4	AF-A0A6P1INF3-F1-model_v4_TED01	afdb	end	0
AF-A0A6P1INF3-F1-model_v4	AF-A0A6P1INF3-F1-model_v4_TED01	esm	start	-3
AF-A0A6P1INF3-F1-model_v4	AF-A0A6P1INF3-F1-model_v4_TED01	esm	end	0
AF-A0A373NF74-F1-model_v4	AF-A0A373NF74-F1-model_v4_TED01	afdb	start	0
AF-A0A373NF74-F1-model_v4	AF-A0A373NF74-F1-model_v4_TED01	afdb	end	0
AF-A0A373NF74-F1-model_v4	AF-A0A373NF74-F1-model_v4_TED01	afdb	start	0
AF-A0A373NF74-F1-model_v4	AF-A0A373NF74-F1-model_v4_TED01	afdb	end	0
AF-A0A373NF74-F1-model_v4	AF-A0A373NF74-F1-model_v4_TED01	afdb	start	0
AF-A0A373NF74-F1-model_v4	AF-A0A373NF74-F1-model_v4_TED01	afdb	end	0
AF-A0A373NF74-F1-model_v4	AF-A0A373NF74-F1-model_v4_TED01	afdb	start	0
AF-A0A373NF74-F1-model_v4	AF-A0A373NF74-F1-model_v4_TED01	afdb	end	0
AF-A0A373NF74-F1-model_v4	AF-A0A373NF74-F1-model_v4_TED01	esm	start	74
AF-A0A373NF74-F1-model_v4	AF-A0A373NF74-F1-model_v4_TED01	esm	end	41
AF-A0A373NF74-F1-model_v4	AF-A0A373NF74-F1-model_v4_TED01	esm	start	29
AF-A0A373NF74-F1-model_v4	AF-A0A373NF74-F1-model_v4_TED01	esm	end	10
AF-A0A373NF74-F1-model_v4	AF-A0A373NF74-F1-model_v4_TED01	esm	start	-1
AF-A0A373NF74-F1-model_v4	AF-A0A373NF74-F1-model_v4_TED01	esm	end	-1
AF-A0A373NF74-F1-model_v4	AF-A0A373NF74-F1-model_v4_TED01	esm	start	-2
AF-A0A373NF74-F1-model_v4	AF-A0A373NF74-F1-model_v4_TED01	esm	end	1
AF-U4T515-F1-model_v4	AF-U4T515-F1-model_v4_TED01	afdb	start	0
AF-U4T515-F1-model_v4	AF-U4T515-F1-model_v4_TED01	afdb	end	0
AF-U4T515-F1-model_v4	AF-U4T515-F1-model_v4_TED01	esm	start	-1
AF-U4T515-F1-model_v4	AF-U4T515-F1-model_v4_TED01	esm	end	25
AF-A0A7S2A4C9-F1-model_v4	AF-A0A7S2A4C9-F1-model_v4_TED01	afdb	start	0
AF-A0A7S2A4C9-F1-model_v4	AF-A0A7S2A4C9-F1-model_v4_TED01	afdb	end	0
AF-A0A7S2A4C9-F1-model_v4	AF-A0A7S2A4C9-F1-model_v4_TED01	afdb	start	0
AF-A0A7S2A4C9-F1-model_v4	AF-A0A7S2A4C9-F1-model_v4_TED01	afdb	end	0
AF-A0A7S2A4C9-F1-model_v4	AF-A0A7S2A4C9-F1-model_v4_TED01	afdb	start	0
AF-A0A7S2A4C9-F1-model_v4	AF-A0A7S2A4C9-F1-model_v4_TED01	afdb	end	0
AF-A0A7S2A4C9-F1-model_v4	AF-A0A7S2A4C9-F1-model_v4_TED01	esm	start	0
AF-A0A7S2A4C9-F1-model_v4	AF-A0A7S2A4C9-F1-model_v4_TED01	esm	end	-1
AF-A0A7S2A4C9-F1-model_v4	AF-A0A7S2A4C9-F1-model_v4_TED01	esm	start	0
AF-A0A7S2A4C9-F1-model_v4	AF-A0A7S2A4C9-F1-model_v4_TED01	esm	end	1
AF-A0A7S2A4C9-F1-model_v4	AF-A0A7S2A4C9-F1-model_v4_TED01	esm	start	-2
AF-A0A7S2A4C9-F1-model_v4	AF-A0A7S2A4C9-F1-model_v4_TED01	esm	end	4
AF-A0A191WD99-F1-model_v4	AF-A0A191WD99-F1-model_v4_TED01	afdb	start	0
AF-A0A191WD99-F1-model_v4	AF-A0A191WD99-F1-model_v4_TED01	afdb	end	0
AF-A0A191WD99-F1-model_v4	AF-A0A191WD99-F1-model_v4_TED01	afdb	start	0
AF-A0A191WD99-F1-model_v4	AF-A0A191WD99-F1-model_v4_TED01	afdb	end	0
AF-A0A191WD99-F1-model_v4	AF-A0A191WD99-F1-model_v4_TED02	afdb	start	0
AF-A0A191WD99-F1-model_v4	AF-A0A191WD99-F1-model_v4_TED02	afdb	end	0
AF-A0A191WD99-F1-model_v4	AF-A0A191WD99-F1-model_v4_TED02	afdb	start	0
AF-A0A191WD99-F1-model_v4	AF-A0A191WD99-F1-model_v4_TED02	afdb	end	0
AF-A0A191WD99-F1-model_v4	AF-A0A191WD99-F1-model_v4_TED01	esm	start	0
AF-A0A191WD99-F1-model_v4	AF-A0A191WD99-F1-model_v4_TED01	esm	end	0
AF-A0A191WD99-F1-model_v4	AF-A0A191WD99-F1-model_v4_TED01	esm	start	0
AF-A0A191WD99-F1-model_v4	AF-A0A191WD99-F1-model_v4_TED01	esm	end	0
AF-A0A191WD99-F1-model_v4	AF-A0A191WD99-F1-model_v4_TED02	esm	start	1
AF-A0A191WD99-F1-model_v4	AF-A0A191WD99-F1-model_v4_TED02	esm	end	0
AF-A0A191WD99-F1-model_v4	AF-A0A191WD99-F1-model_v4_TED02	esm	start	-2
AF-A0A191WD99-F1-model_v4	AF-A0A191WD99-F1-model_v4_TED02	esm	end	0
AF-A0A7L2SHJ6-F1-model_v4	AF-A0A7L2SHJ6-F1-model_v4_TED01	afdb	start	0
AF-A0A7L2SHJ6-F1-model_v4	AF-A0A7L2SHJ6-F1-model_v4_TED01	afdb	end	0
AF-A0A7L2SHJ6-F1-model_v4	AF-A0A7L2SHJ6-F1-model_v4_TED02	afdb	start	0
AF-A0A7L2SHJ6-F1-model_v4	AF-A0A7L2SHJ6-F1-model_v4_TED02	afdb	end	0
AF-A0A7L2SHJ6-F1-model_v4	AF-A0A7L2SHJ6-F1-model_v4_TED01	esm	start	0
AF-A0A7L2SHJ6-F1-model_v4	AF-A0A7L2SHJ6-F1-model_v4_TED01	esm	end	-3
AF-A0A7L2SHJ6-F1-model_v4	AF-A0A7L2SHJ6-F1-model_v4_TED02	esm	start	-1
AF-A0A7L2SHJ6-F1-model_v4	AF-A0A7L2SHJ6-F1-model_v4_TED02	esm	end	1
AF-F0W251-F1-model_v4	AF-F0W251-F1-model_v4_TED01	afdb	start	0
AF-F0W251-F1-model_v4	AF-F0W251-F1-model_v4_TED01	afdb	end	0
AF-F0W251-F1-model_v4	AF-F0W251-F1-model_v4_TED02	afdb	start	0
AF-F0W251-F1-model_v4	AF-F0W251-F1-model_v4_TED02	afdb	end	0
AF-F0W251-F1-model_v4	AF-F0W251-F1-model_v4_TED01	esm	start	0
AF-F0W251-F1-model_v4	AF-F0W251-F1-model_v4_TED01	esm	end	0
AF-F0W251-F1-model_v4	AF-F0W251-F1-model_v4_TED02	esm	start	0
AF-F0W251-F1-model_v4	AF-F0W251-F1-model_v4_TED02	esm	end	-4
AF-A0A839HAA7-F1-model_v4	AF-A0A839HAA7-F1-model_v4_TED01	afdb	start	0
AF-A0A839HAA7-F1-model_v4	AF-A0A839HAA7-F1-model_v4_TED01	afdb	end	0
AF-A0A839HAA7-F1-model_v4	AF-A0A839HAA7-F1-model_v4_TED02	afdb	start	0
AF-A0A839HAA7-F1-model_v4	AF-A0A839HAA7-F1-model_v4_TED02	afdb	end	0
AF-A0A839HAA7-F1-model_v4	AF-A0A839HAA7-F1-model_v4_TED01	esm	start	0
AF-A0A839HAA7-F1-model_v4	AF-A0A839HAA7-F1-model_v4_TED01	esm	end	2
AF-A0A839HAA7-F1-model_v4	AF-A0A839HAA7-F1-model_v4_TED02	esm	start	1
AF-A0A839HAA7-F1-model_v4	AF-A0A839HAA7-F1-model_v4_TED02	esm	end	0
AF-A0A6B8RIY2-F1-model_v4	AF-A0A6B8RIY2-F1-model_v4_TED01	afdb	start	0
AF-A0A6B8RIY2-F1-model_v4	AF-A0A6B8RIY2-F1-model_v4_TED01	afdb	end	0
AF-A0A6B8RIY2-F1-model_v4	AF-A0A6B8RIY2-F1-model_v4_TED02	afdb	start	0
AF-A0A6B8RIY2-F1-model_v4	AF-A0A6B8RIY2-F1-model_v4_TED02	afdb	end	0
AF-A0A6B8RIY2-F1-model_v4	AF-A0A6B8RIY2-F1-model_v4_TED01	esm	start	0
AF-A0A6B8RIY2-F1-model_v4	AF-A0A6B8RIY2-F1-model_v4_TED01	esm	end	0
AF-A0A6B8RIY2-F1-model_v4	AF-A0A6B8RIY2-F1-model_v4_TED02	esm	start	43
AF-A0A6B8RIY2-F1-model_v4	AF-A0A6B8RIY2-F1-model_v4_TED02	esm	end	0
AF-A0A076HIQ1-F1-model_v4	AF-A0A076HIQ1-F1-model_v4_TED01	afdb	start	0
AF-A0A076HIQ1-F1-model_v4	AF-A0A076HIQ1-F1-model_v4_TED01	afdb	end	0
AF-A0A076HIQ1-F1-model_v4	AF-A0A076HIQ1-F1-model_v4_TED02	afdb	start	0
AF-A0A076HIQ1-F1-model_v4	AF-A0A076HIQ1-F1-model_v4_TED02	afdb	end	0
AF-A0A076HIQ1-F1-model_v4	AF-A0A076HIQ1-F1-model_v4_TED03	afdb	start	0
AF-A0A076HIQ1-F1-model_v4	AF-A0A076HIQ1-F1-model_v4_TED03	afdb	end	0
AF-A0A076HIQ1-F1-model_v4	AF-A0A076HIQ1-F1-model_v4_TED04	afdb	start	0
AF-A0A076HIQ1-F1-model_v4	AF-A0A076HIQ1-F1-model_v4_TED04	afdb	end	0
AF-A0A076HIQ1-F1-model_v4	AF-A0A076HIQ1-F1-model_v4_TED01	esm	start	0
AF-A0A076HIQ1-F1-model_v4	AF-A0A076HIQ1-F1-model_v4_TED01	esm	end	0
AF-A0A076HIQ1-F1-model_v4	AF-A0A076HIQ1-F1-model_v4_TED02	esm	start	-6
AF-A0A076HIQ1-F1-model_v4	AF-A0A076HIQ1-F1-model_v4_TED02	esm	end	6
AF-A0A076HIQ1-F1-model_v4	AF-A0A076HIQ1-F1-model_v4_TED03	esm	start	0
AF-A0A076HIQ1-F1-model_v4	AF-A0A076HIQ1-F1-model_v4_TED03	esm	end	0
AF-A0A076HIQ1-F1-model_v4	AF-A0A076HIQ1-F1-model_v4_TED04	esm	start	0
AF-A0A076HIQ1-F1-model_v4	AF-A0A076HIQ1-F1-model_v4_TED04	esm	end	15
AF-A0A4Q2UEY7-F1-model_v4	AF-A0A4Q2UEY7-F1-model_v4_TED01	afdb	start	0
AF-A0A4Q2UEY7-F1-model_v4	AF-A0A4Q2UEY7-F1-model_v4_TED01	afdb	end	0
AF-A0A4Q2UEY7-F1-model_v4	AF-A0A4Q2UEY7-F1-model_v4_TED02	afdb	start	0
AF-A0A4Q2UEY7-F1-model_v4	AF-A0A4Q2UEY7-F1-model_v4_TED02	afdb	end	0
AF-A0A4Q2UEY7-F1-model_v4	AF-A0A4Q2UEY7-F1-model_v4_TED01	esm	start	0
AF-A0A4Q2UEY7-F1-model_v4	AF-A0A4Q2UEY7-F1-model_v4_TED01	esm	end	0
AF-A0A4Q2UEY7-F1-model_v4	AF-A0A4Q2UEY7-F1-model_v4_TED02	esm	start	2
AF-A0A4Q2UEY7-F1-model_v4	AF-A0A4Q2UEY7-F1-model_v4_TED02	esm	end	0
AF-A0A1F5HXL0-F1-model_v4	AF-A0A1F5HXL0-F1-model_v4_TED01	afdb	start	0
AF-A0A1F5HXL0-F1-model_v4	AF-A0A1F5HXL0-F1-model_v4_TED01	afdb	end	0
AF-A0A1F5HXL0-F1-model_v4	AF-A0A1F5HXL0-F1-model_v4_TED01	esm	start	2
AF-A0A1F5HXL0-F1-model_v4	AF-A0A1F5HXL0-F1-model_v4_TED01	esm	end	4
AF-A0A117LP11-F1-model_v4	AF-A0A117LP11-F1-model_v4_TED01	afdb	start	0
AF-A0A117LP11-F1-model_v4	AF-A0A117LP11-F1-model_v4_TED01	afdb	end	0
AF-A0A117LP11-F1-model_v4	AF-A0A117LP11-F1-model_v4_TED01	esm	start	-5
AF-A0A117LP11-F1-model_v4	AF-A0A117LP11-F1-model_v4_TED01	esm	end	0
AF-A0A4Y9EU38-F1-model_v4	AF-A0A4Y9EU38-F1-model_v4_TED01	afdb	start	0
AF-A0A4Y9EU38-F1-model_v4	AF-A0A4Y9EU38-F1-model_v4_TED01	afdb	end	0
AF-A0A4Y9EU38-F1-model_v4	AF-A0A4Y9EU38-F1-model_v4_TED02	afdb	start	0
AF-A0A4Y9EU38-F1-model_v4	AF-A0A4Y9EU38-F1-model_v4_TED02	afdb	end	0
AF-A0A4Y9EU38-F1-model_v4	AF-A0A4Y9EU38-F1-model_v4_TED02	esm	start	3
AF-A0A4Y9EU38-F1-model_v4	AF-A0A4Y9EU38-F1-model_v4_TED02	esm	end	-1
AF-A0A0R1L8D2-F1-model_v4	AF-A0A0R1L8D2-F1-model_v4_TED01	afdb	start	0
AF-A0A0R1L8D2-F1-model_v4	AF-A0A0R1L8D2-F1-model_v4_TED01	afdb	end	-2
AF-A0A0R1L8D2-F1-model_v4	AF-A0A0R1L8D2-F1-model_v4_TED02	afdb	start	0
AF-A0A0R1L8D2-F1-model_v4	AF-A0A0R1L8D2-F1-model_v4_TED02	afdb	end	0
AF-A0A0R1L8D2-F1-model_v4	AF-A0A0R1L8D2-F1-model_v4_TED03	afdb	start	0
AF-A0A0R1L8D2-F1-model_v4	AF-A0A0R1L8D2-F1-model_v4_TED03	afdb	end	0
AF-A0A0R1L8D2-F1-model_v4	AF-A0A0R1L8D2-F1-model_v4_TED04	afdb	start	0
AF-A0A0R1L8D2-F1-model_v4	AF-A0A0R1L8D2-F1-model_v4_TED04	afdb	end	0
AF-A0A0R1L8D2-F1-model_v4	AF-A0A0R1L8D2-F1-model_v4_TED05	afdb	start	0
AF-A0A0R1L8D2-F1-model_v4	AF-A0A0R1L8D2-F1-model_v4_TED05	afdb	end	0
AF-A0A0R1L8D2-F1-model_v4	AF-A0A0R1L8D2-F1-model_v4_TED06	afdb	start	0
AF-A0A0R1L8D2-F1-model_v4	AF-A0A0R1L8D2-F1-model_v4_TED06	afdb	end	0
AF-A0A0R1L8D2-F1-model_v4	AF-A0A0R1L8D2-F1-model_v4_TED01	esm	start	0
AF-A0A0R1L8D2-F1-model_v4	AF-A0A0R1L8D2-F1-model_v4_TED01	esm	end	-3
AF-A0A0R1L8D2-F1-model_v4	AF-A0A0R1L8D2-F1-model_v4_TED02	esm	start	-1
AF-A0A0R1L8D2-F1-model_v4	AF-A0A0R1L8D2-F1-model_v4_TED02	esm	end	0
AF-A0A0R1L8D2-F1-model_v4	AF-A0A0R1L8D2-F1-model_v4_TED03	esm	start	0
AF-A0A0R1L8D2-F1-model_v4	AF-A0A0R1L8D2-F1-model_v4_TED03	esm	end	0
AF-A0A0R1L8D2-F1-model_v4	AF-A0A0R1L8D2-F1-model_v4_TED04	esm	start	1
AF-A0A0R1L8D2-F1-model_v4	AF-A0A0R1L8D2-F1-model_v4_TED04	esm	end	0
AF-A0A0R1L8D2-F1-model_v4	AF-A0A0R1L8D2-F1-model_v4_TED05	esm	start	11
AF-A0A0R1L8D2-F1-model_v4	AF-A0A0R1L8D2-F1-model_v4_TED05	esm	end	0
AF-A0A0R1L8D2-F1-model_v4	AF-A0A0R1L8D2-F1-model_v4_TED06	esm	start	2
AF-A0A0R1L8D2-F1-model_v4	AF-A0A0R1L8D2-F1-model_v4_TED06	esm	end	2
AF-A0A413JVE9-F1-model_v4	AF-A0A413JVE9-F1-model_v4_TED01	afdb	start	0
AF-A0A413JVE9-F1-model_v4	AF-A0A413JVE9-F1-model_v4_TED01	afdb	end	0
AF-A0A413JVE9-F1-model_v4	AF-A0A413JVE9-F1-model_v4_TED02	afdb	start	0
AF-A0A413JVE9-F1-model_v4	AF-A0A413JVE9-F1-model_v4_TED02	afdb	end	0
AF-A0A413JVE9-F1-model_v4	AF-A0A413JVE9-F1-model_v4_TED01	esm	start	0
AF-A0A413JVE9-F1-model_v4	AF-A0A413JVE9-F1-model_v4_TED01	esm	end	0
AF-A0A413JVE9-F1-model_v4	AF-A0A413JVE9-F1-model_v4_TED02	esm	start	0
AF-A0A413JVE9-F1-model_v4	AF-A0A413JVE9-F1-model_v4_TED02	esm	end	-1
AF-A0A178EP12-F1-model_v4	AF-A0A178EP12-F1-model_v4_TED01	afdb	start	0
AF-A0A178EP12-F1-model_v4	AF-A0A178EP12-F1-model_v4_TED01	afdb	end	0
AF-A0A178EP12-F1-model_v4	AF-A0A178EP12-F1-model_v4_TED01	afdb	start	0
AF-A0A178EP12-F1-model_v4	AF-A0A178EP12-F1-model_v4_TED01	afdb	end	0
AF-A0A178EP12-F1-model_v4	AF-A0A178EP12-F1-model_v4_TED02	afdb	start	0
AF-A0A178EP12-F1-model_v4	AF-A0A178EP12-F1-model_v4_TED02	afdb	end	0
AF-A0A178EP12-F1-model_v4	AF-A0A178EP12-F1-model_v4_TED01	esm	start	51
AF-A0A178EP12-F1-model_v4	AF-A0A178EP12-F1-model_v4_TED01	esm	end	29
AF-A0A178EP12-F1-model_v4	AF-A0A178EP12-F1-model_v4_TED01	esm	start	19
AF-A0A178EP12-F1-model_v4	AF-A0A178EP12-F1-model_v4_TED01	esm	end	-7
AF-A0A178EP12-F1-model_v4	AF-A0A178EP12-F1-model_v4_TED02	esm	start	0
AF-A0A178EP12-F1-model_v4	AF-A0A178EP12-F1-model_v4_TED02	esm	end	0
AF-A0A810E035-F1-model_v4	AF-A0A810E035-F1-model_v4_TED01	afdb	start	0
AF-A0A810E035-F1-model_v4	AF-A0A810E035-F1-model_v4_TED01	afdb	end	0
AF-A0A810E035-F1-model_v4	AF-A0A810E035-F1-model_v4_TED01	esm	start	0
AF-A0A810E035-F1-model_v4	AF-A0A810E035-F1-model_v4_TED01	esm	end	-1
AF-A0A6N7HK73-F1-model_v4	AF-A0A6N7HK73-F1-model_v4_TED01	afdb	start	0
AF-A0A6N7HK73-F1-model_v4	AF-A0A6N7HK73-F1-model_v4_TED01	afdb	end	0
AF-A0A6N7HK73-F1-model_v4	AF-A0A6N7HK73-F1-model_v4_TED02	afdb	start	0
AF-A0A6N7HK73-F1-model_v4	AF-A0A6N7HK73-F1-model_v4_TED02	afdb	end	0
AF-A0A6N7HK73-F1-model_v4	AF-A0A6N7HK73-F1-model_v4_TED01	esm	start	0
AF-A0A6N7HK73-F1-model_v4	AF-A0A6N7HK73-F1-model_v4_TED01	esm	end	2
AF-A0A6N7HK73-F1-model_v4	AF-A0A6N7HK73-F1-model_v4_TED02	esm	start	-4
AF-A0A6N7HK73-F1-model_v4	AF-A0A6N7HK73-F1-model_v4_TED02	esm	end	0
AF-A0A250XMH3-F1-model_v4	AF-A0A250XMH3-F1-model_v4_TED01	afdb	start	0
AF-A0A250XMH3-F1-model_v4	AF-A0A250XMH3-F1-model_v4_TED01	afdb	end	0
AF-A0A250XMH3-F1-model_v4	AF-A0A250XMH3-F1-model_v4_TED01	afdb	start	0
AF-A0A250XMH3-F1-model_v4	AF-A0A250XMH3-F1-model_v4_TED01	afdb	end	0
AF-A0A250XMH3-F1-model_v4	AF-A0A250XMH3-F1-model_v4_TED02	afdb	start	0
AF-A0A250XMH3-F1-model_v4	AF-A0A250XMH3-F1-model_v4_TED02	afdb	end	0
AF-A0A250XMH3-F1-model_v4	AF-A0A250XMH3-F1-model_v4_TED03	afdb	start	0
AF-A0A250XMH3-F1-model_v4	AF-A0A250XMH3-F1-model_v4_TED03	afdb	end	0
AF-A0A250XMH3-F1-model_v4	AF-A0A250XMH3-F1-model_v4_TED04	afdb	start	0
AF-A0A250XMH3-F1-model_v4	AF-A0A250XMH3-F1-model_v4_TED04	afdb	end	0
AF-A0A250XMH3-F1-model_v4	AF-A0A250XMH3-F1-model_v4_TED01	esm	start	-7
AF-A0A250XMH3-F1-model_v4	AF-A0A250XMH3-F1-model_v4_TED01	esm	end	-31
AF-A0A250XMH3-F1-model_v4	AF-A0A250XMH3-F1-model_v4_TED01	esm	start	-38
AF-A0A250XMH3-F1-model_v4	AF-A0A250XMH3-F1-model_v4_TED01	esm	end	-21
AF-A0A250XMH3-F1-model_v4	AF-A0A250XMH3-F1-model_v4_TED02	esm	start	4
AF-A0A250XMH3-F1-model_v4	AF-A0A250XMH3-F1-model_v4_TED02	esm	end	4
AF-A0A250XMH3-F1-model_v4	AF-A0A250XMH3-F1-model_v4_TED03	esm	start	0
AF-A0A250XMH3-F1-model_v4	AF-A0A250XMH3-F1-model_v4_TED03	esm	end	4
AF-A0A250XMH3-F1-model_v4	AF-A0A250XMH3-F1-model_v4_TED04	esm	start	1
AF-A0A250XMH3-F1-model_v4	AF-A0A250XMH3-F1-model_v4_TED04	esm	end	0
AF-A0A2N3N1J5-F1-model_v4	AF-A0A2N3N1J5-F1-model_v4_TED01	afdb	start	0
AF-A0A2N3N1J5-F1-model_v4	AF-A0A2N3N1J5-F1-model_v4_TED01	afdb	end	0
AF-A0A2N3N1J5-F1-model_v4	AF-A0A2N3N1J5-F1-model_v4_TED01	esm	start	0
AF-A0A2N3N1J5-F1-model_v4	AF-A0A2N3N1J5-F1-model_v4_TED01	esm	end	0
AF-A0A5J4NTB2-F1-model_v4	AF-A0A5J4NTB2-F1-model_v4_TED01	afdb	start	0
AF-A0A5J4NTB2-F1-model_v4	AF-A0A5J4NTB2-F1-model_v4_TED01	afdb	end	0
AF-A0A5J4NTB2-F1-model_v4	AF-A0A5J4NTB2-F1-model_v4_TED01	esm	start	-9
AF-A0A5J4NTB2-F1-model_v4	AF-A0A5J4NTB2-F1-model_v4_TED01	esm	end	-3
AF-A0A7S2VZK5-F1-model_v4	AF-A0A7S2VZK5-F1-model_v4_TED01	afdb	start	0
AF-A0A7S2VZK5-F1-model_v4	AF-A0A7S2VZK5-F1-model_v4_TED01	afdb	end	0
AF-A0A7S2VZK5-F1-model_v4	AF-A0A7S2VZK5-F1-model_v4_TED01	afdb	start	0
AF-A0A7S2VZK5-F1-model_v4	AF-A0A7S2VZK5-F1-model_v4_TED01	afdb	end	0
AF-A0A7S2VZK5-F1-model_v4	AF-A0A7S2VZK5-F1-model_v4_TED01	afdb	start	0
AF-A0A7S2VZK5-F1-model_v4	AF-A0A7S2VZK5-F1-model_v4_TED01	afdb	end	0
AF-A0A7S2VZK5-F1-model_v4	AF-A0A7S2VZK5-F1-model_v4_TED01	esm	start	3
AF-A0A7S2VZK5-F1-model_v4	AF-A0A7S2VZK5-F1-model_v4_TED01	esm	end	1
AF-A0A7S2VZK5-F1-model_v4	AF-A0A7S2VZK5-F1-model_v4_TED01	esm	start	-4
AF-A0A7S2VZK5-F1-model_v4	AF-A0A7S2VZK5-F1-model_v4_TED01	esm	end	72
AF-A0A7S2VZK5-F1-model_v4	AF-A0A7S2VZK5-F1-model_v4_TED01	esm	start	64
AF-A0A7S2VZK5-F1-model_v4	AF-A0A7S2VZK5-F1-model_v4_TED01	esm	end	-3
AF-A0A2P5F168-F1-model_v4	AF-A0A2P5F168-F1-model_v4_TED01	afdb	start	0
AF-A0A2P5F168-F1-model_v4	AF-A0A2P5F168-F1-model_v4_TED01	afdb	end	0
AF-A0A2P5F168-F1-model_v4	AF-A0A2P5F168-F1-model_v4_TED01	esm	start	1
AF-A0A2P5F168-F1-model_v4	AF-A0A2P5F168-F1-model_v4_TED01	esm	end	1
AF-A0A6P1GD56-F1-model_v4	AF-A0A6P1GD56-F1-model_v4_TED01	afdb	start	0
AF-A0A6P1GD56-F1-model_v4	AF-A0A6P1GD56-F1-model_v4_TED01	afdb	end	0
AF-A0A6P1GD56-F1-model_v4	AF-A0A6P1GD56-F1-model_v4_TED01	esm	start	-4
AF-A0A6P1GD56-F1-model_v4	AF-A0A6P1GD56-F1-model_v4_TED01	esm	end	-2
AF-L9X258-F1-model_v4	AF-L9X258-F1-model_v4_TED01	afdb	start	0
AF-L9X258-F1-model_v4	AF-L9X258-F1-model_v4_TED01	afdb	end	0
AF-L9X258-F1-model_v4	AF-L9X258-F1-model_v4_TED01	esm	start	-3
AF-L9X258-F1-model_v4	AF-L9X258-F1-model_v4_TED01	esm	end	0
AF-A0A1W9ZBY6-F1-model_v4	AF-A0A1W9ZBY6-F1-model_v4_TED01	afdb	start	0
AF-A0A1W9ZBY6-F1-model_v4	AF-A0A1W9ZBY6-F1-model_v4_TED01	afdb	end	0
AF-A0A1W9ZBY6-F1-model_v4	AF-A0A1W9ZBY6-F1-model_v4_TED01	afdb	start	0
AF-A0A1W9ZBY6-F1-model_v4	AF-A0A1W9ZBY6-F1-model_v4_TED01	afdb	end	0
AF-A0A1W9ZBY6-F1-model_v4	AF-A0A1W9ZBY6-F1-model_v4_TED01	esm	start	-1
AF-A0A1W9ZBY6-F1-model_v4	AF-A0A1W9ZBY6-F1-model_v4_TED01	esm	end	-40
AF-A0A1W9ZBY6-F1-model_v4	AF-A0A1W9ZBY6-F1-model_v4_TED01	esm	start	-53
AF-A0A1W9ZBY6-F1-model_v4	AF-A0A1W9ZBY6-F1-model_v4_TED01	esm	end	1
AF-A0A354SHU7-F1-model_v4	AF-A0A354SHU7-F1-model_v4_TED01	afdb	start	0
AF-A0A354SHU7-F1-model_v4	AF-A0A354SHU7-F1-model_v4_TED01	afdb	end	0
AF-A0A354SHU7-F1-model_v4	AF-A0A354SHU7-F1-model_v4_TED02	afdb	start	0
AF-A0A354SHU7-F1-model_v4	AF-A0A354SHU7-F1-model_v4_TED02	afdb	end	0
AF-A0A354SHU7-F1-model_v4	AF-A0A354SHU7-F1-model_v4_TED01	esm	start	10
AF-A0A354SHU7-F1-model_v4	AF-A0A354SHU7-F1-model_v4_TED01	esm	end	31
AF-A0A354SHU7-F1-model_v4	AF-A0A354SHU7-F1-model_v4_TED02	esm	start	2
AF-A0A354SHU7-F1-model_v4	AF-A0A354SHU7-F1-model_v4_TED02	esm	end	-1
AF-A0A7G9WBL3-F1-model_v4	AF-A0A7G9WBL3-F1-model_v4_TED01	afdb	start	0
AF-A0A7G9WBL3-F1-model_v4	AF-A0A7G9WBL3-F1-model_v4_TED01	afdb	end	0
AF-A0A7G9WBL3-F1-model_v4	AF-A0A7G9WBL3-F1-model_v4_TED01	esm	start	-7
AF-A0A7G9WBL3-F1-model_v4	AF-A0A7G9WBL3-F1-model_v4_TED01	esm	end	1
AF-A0A0R0A9S1-F1-model_v4	AF-A0A0R0A9S1-F1-model_v4_TED01	afdb	start	0
AF-A0A0R0A9S1-F1-model_v4	AF-A0A0R0A9S1-F1-model_v4_TED01	afdb	end	0
AF-A0A0R0A9S1-F1-model_v4	AF-A0A0R0A9S1-F1-model_v4_TED02	afdb	start	0
AF-A0A0R0A9S1-F1-model_v4	AF-A0A0R0A9S1-F1-model_v4_TED02	afdb	end	0
AF-A0A0R0A9S1-F1-model_v4	AF-A0A0R0A9S1-F1-model_v4_TED01	esm	start	0
AF-A0A0R0A9S1-F1-model_v4	AF-A0A0R0A9S1-F1-model_v4_TED01	esm	end	-2
AF-A0A0R0A9S1-F1-model_v4	AF-A0A0R0A9S1-F1-model_v4_TED02	esm	start	-1
AF-A0A0R0A9S1-F1-model_v4	AF-A0A0R0A9S1-F1-model_v4_TED02	esm	end	0
AF-A0A2N3DE55-F1-model_v4	AF-A0A2N3DE55-F1-model_v4_TED01	afdb	start	0
AF-A0A2N3DE55-F1-model_v4	AF-A0A2N3DE55-F1-model_v4_TED01	afdb	end	0
AF-A0A2N3DE55-F1-model_v4	AF-A0A2N3DE55-F1-model_v4_TED02	afdb	start	0
AF-A0A2N3DE55-F1-model_v4	AF-A0A2N3DE55-F1-model_v4_TED02	afdb	end	0
AF-A0A503KPT7-F1-model_v4	AF-A0A503KPT7-F1-model_v4_TED01	afdb	start	0
AF-A0A503KPT7-F1-model_v4	AF-A0A503KPT7-F1-model_v4_TED01	afdb	end	0
AF-A0A503KPT7-F1-model_v4	AF-A0A503KPT7-F1-model_v4_TED01	esm	start	1
AF-A0A503KPT7-F1-model_v4	AF-A0A503KPT7-F1-model_v4_TED01	esm	end	0
AF-A0A143YWQ4-F1-model_v4	AF-A0A143YWQ4-F1-model_v4_TED01	afdb	start	0
AF-A0A143YWQ4-F1-model_v4	AF-A0A143YWQ4-F1-model_v4_TED01	afdb	end	0
AF-A0A143YWQ4-F1-model_v4	AF-A0A143YWQ4-F1-model_v4_TED01	afdb	start	0
AF-A0A143YWQ4-F1-model_v4	AF-A0A143YWQ4-F1-model_v4_TED01	afdb	end	0
AF-A0A143YWQ4-F1-model_v4	AF-A0A143YWQ4-F1-model_v4_TED02	afdb	start	0
AF-A0A143YWQ4-F1-model_v4	AF-A0A143YWQ4-F1-model_v4_TED02	afdb	end	0
AF-A0A143YWQ4-F1-model_v4	AF-A0A143YWQ4-F1-model_v4_TED01	esm	start	0
AF-A0A143YWQ4-F1-model_v4	AF-A0A143YWQ4-F1-model_v4_TED01	esm	end	0
AF-A0A143YWQ4-F1-model_v4	AF-A0A143YWQ4-F1-model_v4_TED01	esm	start	0
AF-A0A143YWQ4-F1-model_v4	AF-A0A143YWQ4-F1-model_v4_TED01	esm	end	0
AF-A0A143YWQ4-F1-model_v4	AF-A0A143YWQ4-F1-model_v4_TED02	esm	start	1
AF-A0A143YWQ4-F1-model_v4	AF-A0A143YWQ4-F1-model_v4_TED02	esm	end	0
AF-A0A6M3XVM0-F1-model_v4	AF-A0A6M3XVM0-F1-model_v4_TED01	afdb	start	0
AF-A0A6M3XVM0-F1-model_v4	AF-A0A6M3XVM0-F1-model_v4_TED01	afdb	end	0
AF-A0A6M3XVM0-F1-model_v4	AF-A0A6M3XVM0-F1-model_v4_TED01	afdb	start	0
AF-A0A6M3XVM0-F1-model_v4	AF-A0A6M3XVM0-F1-model_v4_TED01	afdb	end	0
AF-A0A6M3XVM0-F1-model_v4	AF-A0A6M3XVM0-F1-model_v4_TED02	afdb	start	0
AF-A0A6M3XVM0-F1-model_v4	AF-A0A6M3XVM0-F1-model_v4_TED02	afdb	end	0
AF-A0A6M3XVM0-F1-model_v4	AF-A0A6M3XVM0-F1-model_v4_TED01	esm	start	-8
AF-A0A6M3XVM0-F1-model_v4	AF-A0A6M3XVM0-F1-model_v4_TED01	esm	end	-1
AF-A0A6M3XVM0-F1-model_v4	AF-A0A6M3XVM0-F1-model_v4_TED01	esm	start	-1
AF-A0A6M3XVM0-F1-model_v4	AF-A0A6M3XVM0-F1-model_v4_TED01	esm	end	0
AF-A0A6M3XVM0-F1-model_v4	AF-A0A6M3XVM0-F1-model_v4_TED02	esm	start	1
AF-A0A6M3XVM0-F1-model_v4	AF-A0A6M3XVM0-F1-model_v4_TED02	esm	end	-6
AF-A0A445GIP6-F1-model_v4	AF-A0A445GIP6-F1-model_v4_TED01	afdb	start	0
AF-A0A445GIP6-F1-model_v4	AF-A0A445GIP6-F1-model_v4_TED01	afdb	end	0
AF-A0A445GIP6-F1-model_v4	AF-A0A445GIP6-F1-model_v4_TED01	afdb	start	0
AF-A0A445GIP6-F1-model_v4	AF-A0A445GIP6-F1-model_v4_TED01	afdb	end	0
AF-A0A445GIP6-F1-model_v4	AF-A0A445GIP6-F1-model_v4_TED02	afdb	start	0
AF-A0A445GIP6-F1-model_v4	AF-A0A445GIP6-F1-model_v4_TED02	afdb	end	0
AF-A0A445GIP6-F1-model_v4	AF-A0A445GIP6-F1-model_v4_TED02	esm	start	0
AF-A0A445GIP6-F1-model_v4	AF-A0A445GIP6-F1-model_v4_TED02	esm	end	-11
AF-A0A1L6R071-F1-model_v4	AF-A0A1L6R071-F1-model_v4_TED01	afdb	start	0
AF-A0A1L6R071-F1-model_v4	AF-A0A1L6R071-F1-model_v4_TED01	afdb	end	0
AF-A0A1L6R071-F1-model_v4	AF-A0A1L6R071-F1-model_v4_TED02	afdb	start	0
AF-A0A1L6R071-F1-model_v4	AF-A0A1L6R071-F1-model_v4_TED02	afdb	end	0
AF-A0A1L6R071-F1-model_v4	AF-A0A1L6R071-F1-model_v4_TED03	afdb	start	0
AF-A0A1L6R071-F1-model_v4	AF-A0A1L6R071-F1-model_v4_TED03	afdb	end	0
AF-A0A1L6R071-F1-model_v4	AF-A0A1L6R071-F1-model_v4_TED01	esm	start	0
AF-A0A1L6R071-F1-model_v4	AF-A0A1L6R071-F1-model_v4_TED01	esm	end	2
AF-A0A1L6R071-F1-model_v4	AF-A0A1L6R071-F1-model_v4_TED02	esm	start	0
AF-A0A1L6R071-F1-model_v4	AF-A0A1L6R071-F1-model_v4_TED02	esm	end	-1
AF-A0A1L6R071-F1-model_v4	AF-A0A1L6R071-F1-model_v4_TED03	esm	start	-1
AF-A0A1L6R071-F1-model_v4	AF-A0A1L6R071-F1-model_v4_TED03	esm	end	0
AF-A0A401H680-F1-model_v4	AF-A0A401H680-F1-model_v4_TED01	afdb	start	0
AF-A0A401H680-F1-model_v4	AF-A0A401H680-F1-model_v4_TED01	afdb	end	0
AF-A0A401H680-F1-model_v4	AF-A0A401H680-F1-model_v4_TED01	esm	start	0
AF-A0A401H680-F1-model_v4	AF-A0A401H680-F1-model_v4_TED01	esm	end	-3
AF-A0A4Y2FIE8-F1-model_v4	AF-A0A4Y2FIE8-F1-model_v4_TED01	afdb	start	0
AF-A0A4Y2FIE8-F1-model_v4	AF-A0A4Y2FIE8-F1-model_v4_TED01	afdb	end	0
AF-A0A4Y2FIE8-F1-model_v4	AF-A0A4Y2FIE8-F1-model_v4_TED01	esm	start	2
AF-A0A4Y2FIE8-F1-model_v4	AF-A0A4Y2FIE8-F1-model_v4_TED01	esm	end	0
AF-A0A7W1XR59-F1-model_v4	AF-A0A7W1XR59-F1-model_v4_TED01	afdb	start	0
AF-A0A7W1XR59-F1-model_v4	AF-A0A7W1XR59-F1-model_v4_TED01	afdb	end	0
AF-A0A7W1XR59-F1-model_v4	AF-A0A7W1XR59-F1-model_v4_TED02	afdb	start	0
AF-A0A7W1XR59-F1-model_v4	AF-A0A7W1XR59-F1-model_v4_TED02	afdb	end	0
AF-A0A7W1XR59-F1-model_v4	AF-A0A7W1XR59-F1-model_v4_TED03	afdb	start	0
AF-A0A7W1XR59-F1-model_v4	AF-A0A7W1XR59-F1-model_v4_TED03	afdb	end	0
AF-A0A7W1XR59-F1-model_v4	AF-A0A7W1XR59-F1-model_v4_TED04	afdb	start	0
AF-A0A7W1XR59-F1-model_v4	AF-A0A7W1XR59-F1-model_v4_TED04	afdb	end	0
AF-A0A7W1XR59-F1-model_v4	AF-A0A7W1XR59-F1-model_v4_TED01	esm	start	0
AF-A0A7W1XR59-F1-model_v4	AF-A0A7W1XR59-F1-model_v4_TED01	esm	end	0
AF-A0A7W1XR59-F1-model_v4	AF-A0A7W1XR59-F1-model_v4_TED02	esm	start	0
AF-A0A7W1XR59-F1-model_v4	AF-A0A7W1XR59-F1-model_v4_TED02	esm	end	1
AF-A0A7W1XR59-F1-model_v4	AF-A0A7W1XR59-F1-model_v4_TED03	esm	start	0
AF-A0A7W1XR59-F1-model_v4	AF-A0A7W1XR59-F1-model_v4_TED03	esm	end	0
AF-A0A4R1YMC4-F1-model_v4	AF-A0A4R1YMC4-F1-model_v4_TED01	afdb	start	0
AF-A0A4R1YMC4-F1-model_v4	AF-A0A4R1YMC4-F1-model_v4_TED01	afdb	end	0
AF-A0A4R1YMC4-F1-model_v4	AF-A0A4R1YMC4-F1-model_v4_TED01	afdb	start	0
AF-A0A4R1YMC4-F1-model_v4	AF-A0A4R1YMC4-F1-model_v4_TED01	afdb	end	0
AF-A0A4R1YMC4-F1-model_v4	AF-A0A4R1YMC4-F1-model_v4_TED01	esm	start	0
AF-A0A4R1YMC4-F1-model_v4	AF-A0A4R1YMC4-F1-model_v4_TED01	esm	end	-4
AF-A0A4R1YMC4-F1-model_v4	AF-A0A4R1YMC4-F1-model_v4_TED01	esm	start	-13
AF-A0A4R1YMC4-F1-model_v4	AF-A0A4R1YMC4-F1-model_v4_TED01	esm	end	21
AF-A0A2N9I6E5-F1-model_v4	AF-A0A2N9I6E5-F1-model_v4_TED01	afdb	start	0
AF-A0A2N9I6E5-F1-model_v4	AF-A0A2N9I6E5-F1-model_v4_TED01	afdb	end	0
AF-A0A2N9I6E5-F1-model_v4	AF-A0A2N9I6E5-F1-model_v4_TED02	afdb	start	0
AF-A0A2N9I6E5-F1-model_v4	AF-A0A2N9I6E5-F1-model_v4_TED02	afdb	end	0
AF-A0A2N9I6E5-F1-model_v4	AF-A0A2N9I6E5-F1-model_v4_TED01	esm	start	-2
AF-A0A2N9I6E5-F1-model_v4	AF-A0A2N9I6E5-F1-model_v4_TED01	esm	end	0
AF-A0A2N9I6E5-F1-model_v4	AF-A0A2N9I6E5-F1-model_v4_TED02	esm	start	0
AF-A0A2N9I6E5-F1-model_v4	AF-A0A2N9I6E5-F1-model_v4_TED02	esm	end	0
AF-D2RET3-F1-model_v4	AF-D2RET3-F1-model_v4_TED01	afdb	start	0
AF-D2RET3-F1-model_v4	AF-D2RET3-F1-model_v4_TED01	afdb	end	0
AF-D2RET3-F1-model_v4	AF-D2RET3-F1-model_v4_TED02	afdb	start	0
AF-D2RET3-F1-model_v4	AF-D2RET3-F1-model_v4_TED02	afdb	end	0
AF-D2RET3-F1-model_v4	AF-D2RET3-F1-model_v4_TED01	esm	start	0
AF-D2RET3-F1-model_v4	AF-D2RET3-F1-model_v4_TED01	esm	end	10
AF-A0A1E4TLK2-F1-model_v4	AF-A0A1E4TLK2-F1-model_v4_TED01	afdb	start	0
AF-A0A1E4TLK2-F1-model_v4	AF-A0A1E4TLK2-F1-model_v4_TED01	afdb	end	0
AF-A0A1E4TLK2-F1-model_v4	AF-A0A1E4TLK2-F1-model_v4_TED01	esm	start	0
AF-A0A1E4TLK2-F1-model_v4	AF-A0A1E4TLK2-F1-model_v4_TED01	esm	end	0
AF-A0A7W6RQ88-F1-model_v4	AF-A0A7W6RQ88-F1-model_v4_TED01	afdb	start	0
AF-A0A7W6RQ88-F1-model_v4	AF-A0A7W6RQ88-F1-model_v4_TED01	afdb	end	0
AF-A0A7W6RQ88-F1-model_v4	AF-A0A7W6RQ88-F1-model_v4_TED01	esm	start	2
AF-A0A7W6RQ88-F1-model_v4	AF-A0A7W6RQ88-F1-model_v4_TED01	esm	end	22
AF-R1EAD5-F1-model_v4	AF-R1EAD5-F1-model_v4_TED01	afdb	start	0
AF-R1EAD5-F1-model_v4	AF-R1EAD5-F1-model_v4_TED01	afdb	end	0
AF-R1EAD5-F1-model_v4	AF-R1EAD5-F1-model_v4_TED02	afdb	start	0
AF-R1EAD5-F1-model_v4	AF-R1EAD5-F1-model_v4_TED02	afdb	end	0
AF-R1EAD5-F1-model_v4	AF-R1EAD5-F1-model_v4_TED02	afdb	start	0
AF-R1EAD5-F1-model_v4	AF-R1EAD5-F1-model_v4_TED02	afdb	end	0
AF-R1EAD5-F1-model_v4	AF-R1EAD5-F1-model_v4_TED01	esm	start	65
AF-R1EAD5-F1-model_v4	AF-R1EAD5-F1-model_v4_TED01	esm	end	-22
AF-R1EAD5-F1-model_v4	AF-R1EAD5-F1-model_v4_TED02	esm	start	-1
AF-R1EAD5-F1-model_v4	AF-R1EAD5-F1-model_v4_TED02	esm	end	-51
AF-R1EAD5-F1-model_v4	AF-R1EAD5-F1-model_v4_TED02	esm	start	-59
AF-R1EAD5-F1-model_v4	AF-R1EAD5-F1-model_v4_TED02	esm	end	0
AF-A0A6G2TVW5-F1-model_v4	AF-A0A6G2TVW5-F1-model_v4_TED01	afdb	start	0
AF-A0A6G2TVW5-F1-model_v4	AF-A0A6G2TVW5-F1-model_v4_TED01	afdb	end	0
AF-A0A6G2TVW5-F1-model_v4	AF-A0A6G2TVW5-F1-model_v4_TED02	afdb	start	0
AF-A0A6G2TVW5-F1-model_v4	AF-A0A6G2TVW5-F1-model_v4_TED02	afdb	end	0
AF-A0A6G2TVW5-F1-model_v4	AF-A0A6G2TVW5-F1-model_v4_TED01	esm	start	2
AF-A0A6G2TVW5-F1-model_v4	AF-A0A6G2TVW5-F1-model_v4_TED01	esm	end	4
AF-A0A6G2TVW5-F1-model_v4	AF-A0A6G2TVW5-F1-model_v4_TED02	esm	start	-3
AF-A0A6G2TVW5-F1-model_v4	AF-A0A6G2TVW5-F1-model_v4_TED02	esm	end	1
AF-A0A1F9AAV7-F1-model_v4	AF-A0A1F9AAV7-F1-model_v4_TED01	afdb	start	0
AF-A0A1F9AAV7-F1-model_v4	AF-A0A1F9AAV7-F1-model_v4_TED01	afdb	end	0
AF-A0A1F9AAV7-F1-model_v4	AF-A0A1F9AAV7-F1-model_v4_TED02	afdb	start	0
AF-A0A1F9AAV7-F1-model_v4	AF-A0A1F9AAV7-F1-model_v4_TED02	afdb	end	0
AF-A0A1F9AAV7-F1-model_v4	AF-A0A1F9AAV7-F1-model_v4_TED01	esm	start	-1
AF-A0A1F9AAV7-F1-model_v4	AF-A0A1F9AAV7-F1-model_v4_TED01	esm	end	1
AF-A0A1F9AAV7-F1-model_v4	AF-A0A1F9AAV7-F1-model_v4_TED02	esm	start	0
AF-A0A1F9AAV7-F1-model_v4	AF-A0A1F9AAV7-F1-model_v4_TED02	esm	end	-1
AF-A0A235IIG8-F1-model_v4	AF-A0A235IIG8-F1-model_v4_TED01	afdb	start	0
AF-A0A235IIG8-F1-model_v4	AF-A0A235IIG8-F1-model_v4_TED01	afdb	end	0
AF-A0A235IIG8-F1-model_v4	AF-A0A235IIG8-F1-model_v4_TED01	afdb	start	0
AF-A0A235IIG8-F1-model_v4	AF-A0A235IIG8-F1-model_v4_TED01	afdb	end	0
AF-A0A235IIG8-F1-model_v4	AF-A0A235IIG8-F1-model_v4_TED02	afdb	start	0
AF-A0A235IIG8-F1-model_v4	AF-A0A235IIG8-F1-model_v4_TED02	afdb	end	0
AF-A0A235IIG8-F1-model_v4	AF-A0A235IIG8-F1-model_v4_TED01	esm	start	0
AF-A0A235IIG8-F1-model_v4	AF-A0A235IIG8-F1-model_v4_TED01	esm	end	-3
AF-A0A235IIG8-F1-model_v4	AF-A0A235IIG8-F1-model_v4_TED01	esm	start	7
AF-A0A235IIG8-F1-model_v4	AF-A0A235IIG8-F1-model_v4_TED01	esm	end	0
AF-A0A235IIG8-F1-model_v4	AF-A0A235IIG8-F1-model_v4_TED02	esm	start	8
AF-A0A235IIG8-F1-model_v4	AF-A0A235IIG8-F1-model_v4_TED02	esm	end	0
AF-F7Y4P5-F1-model_v4	AF-F7Y4P5-F1-model_v4_TED01	afdb	start	0
AF-F7Y4P5-F1-model_v4	AF-F7Y4P5-F1-model_v4_TED01	afdb	end	0
AF-F7Y4P5-F1-model_v4	AF-F7Y4P5-F1-model_v4_TED02	afdb	start	0
AF-F7Y4P5-F1-model_v4	AF-F7Y4P5-F1-model_v4_TED02	afdb	end	0
AF-F7Y4P5-F1-model_v4	AF-F7Y4P5-F1-model_v4_TED01	esm	start	-10
AF-F7Y4P5-F1-model_v4	AF-F7Y4P5-F1-model_v4_TED01	esm	end	50
AF-F7Y4P5-F1-model_v4	AF-F7Y4P5-F1-model_v4_TED02	esm	start	-3
AF-F7Y4P5-F1-model_v4	AF-F7Y4P5-F1-model_v4_TED02	esm	end	0
AF-A0A7Y2NUC4-F1-model_v4	AF-A0A7Y2NUC4-F1-model_v4_TED01	afdb	start	0
AF-A0A7Y2NUC4-F1-model_v4	AF-A0A7Y2NUC4-F1-model_v4_TED01	afdb	end	0
AF-A0A7Y2NUC4-F1-model_v4	AF-A0A7Y2NUC4-F1-model_v4_TED02	afdb	start	0
AF-A0A7Y2NUC4-F1-model_v4	AF-A0A7Y2NUC4-F1-model_v4_TED02	afdb	end	0
AF-A0A7Y2NUC4-F1-model_v4	AF-A0A7Y2NUC4-F1-model_v4_TED01	esm	start	1
AF-A0A7Y2NUC4-F1-model_v4	AF-A0A7Y2NUC4-F1-model_v4_TED01	esm	end	-3
AF-A0A7Y2NUC4-F1-model_v4	AF-A0A7Y2NUC4-F1-model_v4_TED02	esm	start	0
AF-A0A7Y2NUC4-F1-model_v4	AF-A0A7Y2NUC4-F1-model_v4_TED02	esm	end	0
AF-A0A1H5R8C3-F1-model_v4	AF-A0A1H5R8C3-F1-model_v4_TED01	afdb	start	0
AF-A0A1H5R8C3-F1-model_v4	AF-A0A1H5R8C3-F1-model_v4_TED01	afdb	end	0
AF-A0A1H5R8C3-F1-model_v4	AF-A0A1H5R8C3-F1-model_v4_TED01	esm	start	0
AF-A0A1H5R8C3-F1-model_v4	AF-A0A1H5R8C3-F1-model_v4_TED01	esm	end	0
AF-A0A523BRA1-F1-model_v4	AF-A0A523BRA1-F1-model_v4_TED01	afdb	start	0
AF-A0A523BRA1-F1-model_v4	AF-A0A523BRA1-F1-model_v4_TED01	afdb	end	0
AF-A0A523BRA1-F1-model_v4	AF-A0A523BRA1-F1-model_v4_TED01	afdb	start	0
AF-A0A523BRA1-F1-model_v4	AF-A0A523BRA1-F1-model_v4_TED01	afdb	end	0
AF-A0A523BRA1-F1-model_v4	AF-A0A523BRA1-F1-model_v4_TED01	afdb	start	0
AF-A0A523BRA1-F1-model_v4	AF-A0A523BRA1-F1-model_v4_TED01	afdb	end	0
AF-A0A523BRA1-F1-model_v4	AF-A0A523BRA1-F1-model_v4_TED01	esm	start	0
AF-A0A523BRA1-F1-model_v4	AF-A0A523BRA1-F1-model_v4_TED01	esm	end	-2
AF-A0A523BRA1-F1-model_v4	AF-A0A523BRA1-F1-model_v4_TED01	esm	start	4
AF-A0A523BRA1-F1-model_v4	AF-A0A523BRA1-F1-model_v4_TED01	esm	end	1
AF-A0A523BRA1-F1-model_v4	AF-A0A523BRA1-F1-model_v4_TED01	esm	start	-12
AF-A0A523BRA1-F1-model_v4	AF-A0A523BRA1-F1-model_v4_TED01	esm	end	2
AF-V6STH8-F1-model_v4	AF-V6STH8-F1-model_v4_TED01	afdb	start	0
AF-V6STH8-F1-model_v4	AF-V6STH8-F1-model_v4_TED01	afdb	end	0
AF-V6STH8-F1-model_v4	AF-V6STH8-F1-model_v4_TED02	afdb	start	0
AF-V6STH8-F1-model_v4	AF-V6STH8-F1-model_v4_TED02	afdb	end	0
AF-V6STH8-F1-model_v4	AF-V6STH8-F1-model_v4_TED03	afdb	start	0
AF-V6STH8-F1-model_v4	AF-V6STH8-F1-model_v4_TED03	afdb	end	0
AF-V6STH8-F1-model_v4	AF-V6STH8-F1-model_v4_TED01	esm	start	-1
AF-V6STH8-F1-model_v4	AF-V6STH8-F1-model_v4_TED01	esm	end	0
AF-V6STH8-F1-model_v4	AF-V6STH8-F1-model_v4_TED02	esm	start	4
AF-V6STH8-F1-model_v4	AF-V6STH8-F1-model_v4_TED02	esm	end	-6
AF-V6STH8-F1-model_v4	AF-V6STH8-F1-model_v4_TED03	esm	start	0
AF-V6STH8-F1-model_v4	AF-V6STH8-F1-model_v4_TED03	esm	end	15
AF-A0A7C6YC04-F1-model_v4	AF-A0A7C6YC04-F1-model_v4_TED01	afdb	start	0
AF-A0A7C6YC04-F1-model_v4	AF-A0A7C6YC04-F1-model_v4_TED01	afdb	end	0
AF-A0A7C6YC04-F1-model_v4	AF-A0A7C6YC04-F1-model_v4_TED02	afdb	start	0
AF-A0A7C6YC04-F1-model_v4	AF-A0A7C6YC04-F1-model_v4_TED02	afdb	end	0
AF-A0A7C6YC04-F1-model_v4	AF-A0A7C6YC04-F1-model_v4_TED01	esm	start	-12
AF-A0A7C6YC04-F1-model_v4	AF-A0A7C6YC04-F1-model_v4_TED01	esm	end	-1
AF-A0A7C6YC04-F1-model_v4	AF-A0A7C6YC04-F1-model_v4_TED02	esm	start	22
AF-A0A7C6YC04-F1-model_v4	AF-A0A7C6YC04-F1-model_v4_TED02	esm	end	0
AF-A0A7K5NPB2-F1-model_v4	AF-A0A7K5NPB2-F1-model_v4_TED01	afdb	start	0
AF-A0A7K5NPB2-F1-model_v4	AF-A0A7K5NPB2-F1-model_v4_TED01	afdb	end	0
AF-A0A7K5NPB2-F1-model_v4	AF-A0A7K5NPB2-F1-model_v4_TED02	afdb	start	0
AF-A0A7K5NPB2-F1-model_v4	AF-A0A7K5NPB2-F1-model_v4_TED02	afdb	end	0
AF-A0A7K5NPB2-F1-model_v4	AF-A0A7K5NPB2-F1-model_v4_TED02	afdb	start	0
AF-A0A7K5NPB2-F1-model_v4	AF-A0A7K5NPB2-F1-model_v4_TED02	afdb	end	0
AF-A0A7K5NPB2-F1-model_v4	AF-A0A7K5NPB2-F1-model_v4_TED02	afdb	start	0
AF-A0A7K5NPB2-F1-model_v4	AF-A0A7K5NPB2-F1-model_v4_TED02	afdb	end	0
AF-A0A7K5NPB2-F1-model_v4	AF-A0A7K5NPB2-F1-model_v4_TED02	esm	start	6
AF-A0A7K5NPB2-F1-model_v4	AF-A0A7K5NPB2-F1-model_v4_TED02	esm	end	46
AF-A0A7K5NPB2-F1-model_v4	AF-A0A7K5NPB2-F1-model_v4_TED02	esm	start	39
AF-A0A7K5NPB2-F1-model_v4	AF-A0A7K5NPB2-F1-model_v4_TED02	esm	end	0
AF-A0A7K5NPB2-F1-model_v4	AF-A0A7K5NPB2-F1-model_v4_TED02	esm	start	-9
AF-A0A7K5NPB2-F1-model_v4	AF-A0A7K5NPB2-F1-model_v4_TED02	esm	end	-15
AF-A0A3R6HGY7-F1-model_v4	AF-A0A3R6HGY7-F1-model_v4_TED01	afdb	start	0
AF-A0A3R6HGY7-F1-model_v4	AF-A0A3R6HGY7-F1-model_v4_TED01	afdb	end	0
AF-A0A3R6HGY7-F1-model_v4	AF-A0A3R6HGY7-F1-model_v4_TED02	afdb	start	0
AF-A0A3R6HGY7-F1-model_v4	AF-A0A3R6HGY7-F1-model_v4_TED02	afdb	end	0
AF-A0A3R6HGY7-F1-model_v4	AF-A0A3R6HGY7-F1-model_v4_TED01	esm	start	5
AF-A0A3R6HGY7-F1-model_v4	AF-A0A3R6HGY7-F1-model_v4_TED01	esm	end	-12
AF-A0A3R6HGY7-F1-model_v4	AF-A0A3R6HGY7-F1-model_v4_TED02	esm	start	0
AF-A0A3R6HGY7-F1-model_v4	AF-A0A3R6HGY7-F1-model_v4_TED02	esm	end	0
AF-A0A1R0X475-F1-model_v4	AF-A0A1R0X475-F1-model_v4_TED01	afdb	start	0
AF-A0A1R0X475-F1-model_v4	AF-A0A1R0X475-F1-model_v4_TED01	afdb	end	0
AF-A0A1R0X475-F1-model_v4	AF-A0A1R0X475-F1-model_v4_TED02	afdb	start	0
AF-A0A1R0X475-F1-model_v4	AF-A0A1R0X475-F1-model_v4_TED02	afdb	end	0
AF-A0A1R0X475-F1-model_v4	AF-A0A1R0X475-F1-model_v4_TED01	esm	start	0
AF-A0A1R0X475-F1-model_v4	AF-A0A1R0X475-F1-model_v4_TED01	esm	end	10
AF-A0A1R0X475-F1-model_v4	AF-A0A1R0X475-F1-model_v4_TED02	esm	start	5
AF-A0A1R0X475-F1-model_v4	AF-A0A1R0X475-F1-model_v4_TED02	esm	end	0
AF-A0A2L0TP23-F1-model_v4	AF-A0A2L0TP23-F1-model_v4_TED01	afdb	start	0
AF-A0A2L0TP23-F1-model_v4	AF-A0A2L0TP23-F1-model_v4_TED01	afdb	end	0
AF-A0A2L0TP23-F1-model_v4	AF-A0A2L0TP23-F1-model_v4_TED01	esm	start	0
AF-A0A2L0TP23-F1-model_v4	AF-A0A2L0TP23-F1-model_v4_TED01	esm	end	1
AF-A0A1Q3KRN6-F1-model_v4	AF-A0A1Q3KRN6-F1-model_v4_TED01	afdb	start	0
AF-A0A1Q3KRN6-F1-model_v4	AF-A0A1Q3KRN6-F1-model_v4_TED01	afdb	end	0
AF-A0A1Q3KRN6-F1-model_v4	AF-A0A1Q3KRN6-F1-model_v4_TED01	esm	start	4
AF-A0A1Q3KRN6-F1-model_v4	AF-A0A1Q3KRN6-F1-model_v4_TED01	esm	end	1
AF-B7G2H9-F1-model_v4	AF-B7G2H9-F1-model_v4_TED01	afdb	start	0
AF-B7G2H9-F1-model_v4	AF-B7G2H9-F1-model_v4_TED01	afdb	end	0
AF-B7G2H9-F1-model_v4	AF-B7G2H9-F1-model_v4_TED01	afdb	start	0
AF-B7G2H9-F1-model_v4	AF-B7G2H9-F1-model_v4_TED01	afdb	end	0
AF-A0A3S1JZI3-F1-model_v4	AF-A0A3S1JZI3-F1-model_v4_TED01	afdb	start	0
AF-A0A3S1JZI3-F1-model_v4	AF-A0A3S1JZI3-F1-model_v4_TED01	afdb	end	0
AF-A0A3S1JZI3-F1-model_v4	AF-A0A3S1JZI3-F1-model_v4_TED02	afdb	start	0
AF-A0A3S1JZI3-F1-model_v4	AF-A0A3S1JZI3-F1-model_v4_TED02	afdb	end	0
AF-A0A3S1JZI3-F1-model_v4	AF-A0A3S1JZI3-F1-model_v4_TED03	afdb	start	0
AF-A0A3S1JZI3-F1-model_v4	AF-A0A3S1JZI3-F1-model_v4_TED03	afdb	end	0
AF-A0A3S1JZI3-F1-model_v4	AF-A0A3S1JZI3-F1-model_v4_TED04	afdb	start	0
AF-A0A3S1JZI3-F1-model_v4	AF-A0A3S1JZI3-F1-model_v4_TED04	afdb	end	0
AF-A0A3S1JZI3-F1-model_v4	AF-A0A3S1JZI3-F1-model_v4_TED01	esm	start	0
AF-A0A3S1JZI3-F1-model_v4	AF-A0A3S1JZI3-F1-model_v4_TED01	esm	end	0
AF-A0A3S1JZI3-F1-model_v4	AF-A0A3S1JZI3-F1-model_v4_TED02	esm	start	0
AF-A0A3S1JZI3-F1-model_v4	AF-A0A3S1JZI3-F1-model_v4_TED02	esm	end	0
AF-A0A3S1JZI3-F1-model_v4	AF-A0A3S1JZI3-F1-model_v4_TED03	esm	start	0
AF-A0A3S1JZI3-F1-model_v4	AF-A0A3S1JZI3-F1-model_v4_TED03	esm	end	0
AF-A0A3S1JZI3-F1-model_v4	AF-A0A3S1JZI3-F1-model_v4_TED04	esm	start	0
AF-A0A3S1JZI3-F1-model_v4	AF-A0A3S1JZI3-F1-model_v4_TED04	esm	end	-10
AF-A0A652KK38-F1-model_v4	AF-A0A652KK38-F1-model_v4_TED01	afdb	start	0
AF-A0A652KK38-F1-model_v4	AF-A0A652KK38-F1-model_v4_TED01	afdb	end	0
AF-A0A652KK38-F1-model_v4	AF-A0A652KK38-F1-model_v4_TED02	afdb	start	0
AF-A0A652KK38-F1-model_v4	AF-A0A652KK38-F1-model_v4_TED02	afdb	end	0
AF-A0A652KK38-F1-model_v4	AF-A0A652KK38-F1-model_v4_TED01	esm	start	3
AF-A0A652KK38-F1-model_v4	AF-A0A652KK38-F1-model_v4_TED01	esm	end	0
AF-A0A652KK38-F1-model_v4	AF-A0A652KK38-F1-model_v4_TED02	esm	start	0
AF-A0A652KK38-F1-model_v4	AF-A0A652KK38-F1-model_v4_TED02	esm	end	0
AF-A0A6I3I508-F1-model_v4	AF-A0A6I3I508-F1-model_v4_TED01	afdb	start	0
AF-A0A6I3I508-F1-model_v4	AF-A0A6I3I508-F1-model_v4_TED01	afdb	end	0
AF-A0A6I3I508-F1-model_v4	AF-A0A6I3I508-F1-model_v4_TED01	esm	start	0
AF-A0A6I3I508-F1-model_v4	AF-A0A6I3I508-F1-model_v4_TED01	esm	end	0
AF-G7K8P2-F1-model_v4	AF-G7K8P2-F1-model_v4_TED01	afdb	start	0
AF-G7K8P2-F1-model_v4	AF-G7K8P2-F1-model_v4_TED01	afdb	end	0
AF-G7K8P2-F1-model_v4	AF-G7K8P2-F1-model_v4_TED01	esm	start	0
AF-G7K8P2-F1-model_v4	AF-G7K8P2-F1-model_v4_TED01	esm	end	-21
AF-A0A6P5Y0L8-F1-model_v4	AF-A0A6P5Y0L8-F1-model_v4_TED01	afdb	start	0
AF-A0A6P5Y0L8-F1-model_v4	AF-A0A6P5Y0L8-F1-model_v4_TED01	afdb	end	0
AF-A0A6P5Y0L8-F1-model_v4	AF-A0A6P5Y0L8-F1-model_v4_TED02	afdb	start	0
AF-A0A6P5Y0L8-F1-model_v4	AF-A0A6P5Y0L8-F1-model_v4_TED02	afdb	end	0
AF-A0A6P5Y0L8-F1-model_v4	AF-A0A6P5Y0L8-F1-model_v4_TED01	esm	start	0
AF-A0A6P5Y0L8-F1-model_v4	AF-A0A6P5Y0L8-F1-model_v4_TED01	esm	end	-2
AF-A0A6P5Y0L8-F1-model_v4	AF-A0A6P5Y0L8-F1-model_v4_TED02	esm	start	-3
AF-A0A6P5Y0L8-F1-model_v4	AF-A0A6P5Y0L8-F1-model_v4_TED02	esm	end	-4
AF-A0A2N2Y7V7-F1-model_v4	AF-A0A2N2Y7V7-F1-model_v4_TED01	afdb	start	0
AF-A0A2N2Y7V7-F1-model_v4	AF-A0A2N2Y7V7-F1-model_v4_TED01	afdb	end	0
AF-A0A2N2Y7V7-F1-model_v4	AF-A0A2N2Y7V7-F1-model_v4_TED01	afdb	start	0
AF-A0A2N2Y7V7-F1-model_v4	AF-A0A2N2Y7V7-F1-model_v4_TED01	afdb	end	0
AF-A0A2N2Y7V7-F1-model_v4	AF-A0A2N2Y7V7-F1-model_v4_TED01	esm	start	-5
AF-A0A2N2Y7V7-F1-model_v4	AF-A0A2N2Y7V7-F1-model_v4_TED01	esm	end	-71
AF-A0A2N2Y7V7-F1-model_v4	AF-A0A2N2Y7V7-F1-model_v4_TED01	esm	start	-83
AF-A0A2N2Y7V7-F1-model_v4	AF-A0A2N2Y7V7-F1-model_v4_TED01	esm	end	-30
AF-A0A136L183-F1-model_v4	AF-A0A136L183-F1-model_v4_TED01	afdb	start	0
AF-A0A136L183-F1-model_v4	AF-A0A136L183-F1-model_v4_TED01	afdb	end	0
AF-A0A136L183-F1-model_v4	AF-A0A136L183-F1-model_v4_TED02	afdb	start	0
AF-A0A136L183-F1-model_v4	AF-A0A136L183-F1-model_v4_TED02	afdb	end	0
AF-A0A136L183-F1-model_v4	AF-A0A136L183-F1-model_v4_TED01	esm	start	0
AF-A0A136L183-F1-model_v4	AF-A0A136L183-F1-model_v4_TED01	esm	end	0
AF-A0A136L183-F1-model_v4	AF-A0A136L183-F1-model_v4_TED02	esm	start	0
AF-A0A136L183-F1-model_v4	AF-A0A136L183-F1-model_v4_TED02	esm	end	-14
AF-A0A0Q9JWB2-F1-model_v4	AF-A0A0Q9JWB2-F1-model_v4_TED01	afdb	start	0
AF-A0A0Q9JWB2-F1-model_v4	AF-A0A0Q9JWB2-F1-model_v4_TED01	afdb	end	0
AF-A0A0Q9JWB2-F1-model_v4	AF-A0A0Q9JWB2-F1-model_v4_TED02	afdb	start	0
AF-A0A0Q9JWB2-F1-model_v4	AF-A0A0Q9JWB2-F1-model_v4_TED02	afdb	end	1
AF-A0A0Q9JWB2-F1-model_v4	AF-A0A0Q9JWB2-F1-model_v4_TED03	afdb	start	0
AF-A0A0Q9JWB2-F1-model_v4	AF-A0A0Q9JWB2-F1-model_v4_TED03	afdb	end	13
AF-A0A0Q9JWB2-F1-model_v4	AF-A0A0Q9JWB2-F1-model_v4_TED01	esm	start	0
AF-A0A0Q9JWB2-F1-model_v4	AF-A0A0Q9JWB2-F1-model_v4_TED01	esm	end	3
AF-A0A0Q9JWB2-F1-model_v4	AF-A0A0Q9JWB2-F1-model_v4_TED03	esm	start	-26
AF-A0A0Q9JWB2-F1-model_v4	AF-A0A0Q9JWB2-F1-model_v4_TED03	esm	end	-4
AF-A0A1V2ABZ3-F1-model_v4	AF-A0A1V2ABZ3-F1-model_v4_TED01	afdb	start	0
AF-A0A1V2ABZ3-F1-model_v4	AF-A0A1V2ABZ3-F1-model_v4_TED01	afdb	end	0
AF-A0A1V2ABZ3-F1-model_v4	AF-A0A1V2ABZ3-F1-model_v4_TED02	afdb	start	0
AF-A0A1V2ABZ3-F1-model_v4	AF-A0A1V2ABZ3-F1-model_v4_TED02	afdb	end	0
AF-A0A1V2ABZ3-F1-model_v4	AF-A0A1V2ABZ3-F1-model_v4_TED03	afdb	start	0
AF-A0A1V2ABZ3-F1-model_v4	AF-A0A1V2ABZ3-F1-model_v4_TED03	afdb	end	0
AF-A0A1V2ABZ3-F1-model_v4	AF-A0A1V2ABZ3-F1-model_v4_TED01	esm	start	44
AF-A0A1V2ABZ3-F1-model_v4	AF-A0A1V2ABZ3-F1-model_v4_TED01	esm	end	-16
AF-A0A1V2ABZ3-F1-model_v4	AF-A0A1V2ABZ3-F1-model_v4_TED02	esm	start	-2
AF-A0A1V2ABZ3-F1-model_v4	AF-A0A1V2ABZ3-F1-model_v4_TED02	esm	end	-2
AF-A0A1V2ABZ3-F1-model_v4	AF-A0A1V2ABZ3-F1-model_v4_TED03	esm	start	0
AF-A0A1V2ABZ3-F1-model_v4	AF-A0A1V2ABZ3-F1-model_v4_TED03	esm	end	0
AF-A0A822CYL8-F1-model_v4	AF-A0A822CYL8-F1-model_v4_TED01	afdb	start	0
AF-A0A822CYL8-F1-model_v4	AF-A0A822CYL8-F1-model_v4_TED01	afdb	end	0
AF-A0A822CYL8-F1-model_v4	AF-A0A822CYL8-F1-model_v4_TED02	afdb	start	0
AF-A0A822CYL8-F1-model_v4	AF-A0A822CYL8-F1-model_v4_TED02	afdb	end	0
AF-A0A822CYL8-F1-model_v4	AF-A0A822CYL8-F1-model_v4_TED01	esm	start	0
AF-A0A822CYL8-F1-model_v4	AF-A0A822CYL8-F1-model_v4_TED01	esm	end	-2
AF-K1YMR3-F1-model_v4	AF-K1YMR3-F1-model_v4_TED01	afdb	start	0
AF-K1YMR3-F1-model_v4	AF-K1YMR3-F1-model_v4_TED01	afdb	end	0
AF-K1YMR3-F1-model_v4	AF-K1YMR3-F1-model_v4_TED02	afdb	start	0
AF-K1YMR3-F1-model_v4	AF-K1YMR3-F1-model_v4_TED02	afdb	end	0
AF-K1YMR3-F1-model_v4	AF-K1YMR3-F1-model_v4_TED01	esm	start	-1
AF-K1YMR3-F1-model_v4	AF-K1YMR3-F1-model_v4_TED01	esm	end	1
AF-A0A4Q3HW72-F1-model_v4	AF-A0A4Q3HW72-F1-model_v4_TED01	afdb	start	0
AF-A0A4Q3HW72-F1-model_v4	AF-A0A4Q3HW72-F1-model_v4_TED01	afdb	end	0
AF-A0A4Q3HW72-F1-model_v4	AF-A0A4Q3HW72-F1-model_v4_TED01	esm	start	-21
AF-A0A4Q3HW72-F1-model_v4	AF-A0A4Q3HW72-F1-model_v4_TED01	esm	end	0
AF-V4NDW9-F1-model_v4	AF-V4NDW9-F1-model_v4_TED01	afdb	start	0
AF-V4NDW9-F1-model_v4	AF-V4NDW9-F1-model_v4_TED01	afdb	end	0
AF-V4NDW9-F1-model_v4	AF-V4NDW9-F1-model_v4_TED01	afdb	start	0
AF-V4NDW9-F1-model_v4	AF-V4NDW9-F1-model_v4_TED01	afdb	end	0
AF-V4NDW9-F1-model_v4	AF-V4NDW9-F1-model_v4_TED01	esm	start	0
AF-V4NDW9-F1-model_v4	AF-V4NDW9-F1-model_v4_TED01	esm	end	3
AF-V4NDW9-F1-model_v4	AF-V4NDW9-F1-model_v4_TED01	esm	start	-7
AF-V4NDW9-F1-model_v4	AF-V4NDW9-F1-model_v4_TED01	esm	end	0
AF-A0A454D3D0-F1-model_v4	AF-A0A454D3D0-F1-model_v4_TED01	afdb	start	0
AF-A0A454D3D0-F1-model_v4	AF-A0A454D3D0-F1-model_v4_TED01	afdb	end	0
AF-A0A454D3D0-F1-model_v4	AF-A0A454D3D0-F1-model_v4_TED02	afdb	start	0
AF-A0A454D3D0-F1-model_v4	AF-A0A454D3D0-F1-model_v4_TED02	afdb	end	0
AF-A0A454D3D0-F1-model_v4	AF-A0A454D3D0-F1-model_v4_TED02	afdb	start	0
AF-A0A454D3D0-F1-model_v4	AF-A0A454D3D0-F1-model_v4_TED02	afdb	end	0
AF-A0A454D3D0-F1-model_v4	AF-A0A454D3D0-F1-model_v4_TED03	afdb	start	0
AF-A0A454D3D0-F1-model_v4	AF-A0A454D3D0-F1-model_v4_TED03	afdb	end	0
AF-A0A454D3D0-F1-model_v4	AF-A0A454D3D0-F1-model_v4_TED01	esm	start	-4
AF-A0A454D3D0-F1-model_v4	AF-A0A454D3D0-F1-model_v4_TED01	esm	end	-1
AF-A0A454D3D0-F1-model_v4	AF-A0A454D3D0-F1-model_v4_TED02	esm	start	0
AF-A0A454D3D0-F1-model_v4	AF-A0A454D3D0-F1-model_v4_TED02	esm	end	0
AF-A0A454D3D0-F1-model_v4	AF-A0A454D3D0-F1-model_v4_TED02	esm	start	0
AF-A0A454D3D0-F1-model_v4	AF-A0A454D3D0-F1-model_v4_TED02	esm	end	0
AF-A0A454D3D0-F1-model_v4	AF-A0A454D3D0-F1-model_v4_TED03	esm	start	0
AF-A0A454D3D0-F1-model_v4	AF-A0A454D3D0-F1-model_v4_TED03	esm	end	0
AF-A0A811SIU4-F1-model_v4	AF-A0A811SIU4-F1-model_v4_TED01	afdb	start	0
AF-A0A811SIU4-F1-model_v4	AF-A0A811SIU4-F1-model_v4_TED01	afdb	end	0
AF-A0A811SIU4-F1-model_v4	AF-A0A811SIU4-F1-model_v4_TED02	afdb	start	0
AF-A0A811SIU4-F1-model_v4	AF-A0A811SIU4-F1-model_v4_TED02	afdb	end	0
AF-A0A811SIU4-F1-model_v4	AF-A0A811SIU4-F1-model_v4_TED02	afdb	start	0
AF-A0A811SIU4-F1-model_v4	AF-A0A811SIU4-F1-model_v4_TED02	afdb	end	0
AF-A0A811SIU4-F1-model_v4	AF-A0A811SIU4-F1-model_v4_TED03	afdb	start	0
AF-A0A811SIU4-F1-model_v4	AF-A0A811SIU4-F1-model_v4_TED03	afdb	end	0
AF-A0A811SIU4-F1-model_v4	AF-A0A811SIU4-F1-model_v4_TED04	afdb	start	0
AF-A0A811SIU4-F1-model_v4	AF-A0A811SIU4-F1-model_v4_TED04	afdb	end	0
AF-A0A811SIU4-F1-model_v4	AF-A0A811SIU4-F1-model_v4_TED05	afdb	start	0
AF-A0A811SIU4-F1-model_v4	AF-A0A811SIU4-F1-model_v4_TED05	afdb	end	0
AF-A0A811SIU4-F1-model_v4	AF-A0A811SIU4-F1-model_v4_TED01	esm	start	6
AF-A0A811SIU4-F1-model_v4	AF-A0A811SIU4-F1-model_v4_TED01	esm	end	0
AF-A0A811SIU4-F1-model_v4	AF-A0A811SIU4-F1-model_v4_TED02	esm	start	0
AF-A0A811SIU4-F1-model_v4	AF-A0A811SIU4-F1-model_v4_TED02	esm	end	30
AF-A0A811SIU4-F1-model_v4	AF-A0A811SIU4-F1-model_v4_TED02	esm	start	19
AF-A0A811SIU4-F1-model_v4	AF-A0A811SIU4-F1-model_v4_TED02	esm	end	3
AF-A0A811SIU4-F1-model_v4	AF-A0A811SIU4-F1-model_v4_TED03	esm	start	-1
AF-A0A811SIU4-F1-model_v4	AF-A0A811SIU4-F1-model_v4_TED03	esm	end	-1
AF-A0A811SIU4-F1-model_v4	AF-A0A811SIU4-F1-model_v4_TED04	esm	start	-3
AF-A0A811SIU4-F1-model_v4	AF-A0A811SIU4-F1-model_v4_TED04	esm	end	7
AF-A0A811SIU4-F1-model_v4	AF-A0A811SIU4-F1-model_v4_TED05	esm	start	0
AF-A0A811SIU4-F1-model_v4	AF-A0A811SIU4-F1-model_v4_TED05	esm	end	2
AF-A0A150PC67-F1-model_v4	AF-A0A150PC67-F1-model_v4_TED01	afdb	start	0
AF-A0A150PC67-F1-model_v4	AF-A0A150PC67-F1-model_v4_TED01	afdb	end	0
AF-A0A150PC67-F1-model_v4	AF-A0A150PC67-F1-model_v4_TED01	esm	start	2
AF-A0A150PC67-F1-model_v4	AF-A0A150PC67-F1-model_v4_TED01	esm	end	-1
AF-A0A0T9PNB3-F1-model_v4	AF-A0A0T9PNB3-F1-model_v4_TED01	afdb	start	0
AF-A0A0T9PNB3-F1-model_v4	AF-A0A0T9PNB3-F1-model_v4_TED01	afdb	end	0
AF-A0A0T9PNB3-F1-model_v4	AF-A0A0T9PNB3-F1-model_v4_TED02	afdb	start	0
AF-A0A0T9PNB3-F1-model_v4	AF-A0A0T9PNB3-F1-model_v4_TED02	afdb	end	0
AF-A0A0T9PNB3-F1-model_v4	AF-A0A0T9PNB3-F1-model_v4_TED01	esm	start	-18
AF-A0A0T9PNB3-F1-model_v4	AF-A0A0T9PNB3-F1-model_v4_TED01	esm	end	3
AF-A0A0T9PNB3-F1-model_v4	AF-A0A0T9PNB3-F1-model_v4_TED02	esm	start	-4
AF-A0A0T9PNB3-F1-model_v4	AF-A0A0T9PNB3-F1-model_v4_TED02	esm	end	1
AF-A0A4Z0BEJ8-F1-model_v4	AF-A0A4Z0BEJ8-F1-model_v4_TED01	afdb	start	0
AF-A0A4Z0BEJ8-F1-model_v4	AF-A0A4Z0BEJ8-F1-model_v4_TED01	afdb	end	0
AF-A0A4Z0BEJ8-F1-model_v4	AF-A0A4Z0BEJ8-F1-model_v4_TED01	esm	start	-1
AF-A0A4Z0BEJ8-F1-model_v4	AF-A0A4Z0BEJ8-F1-model_v4_TED01	esm	end	0
AF-Q6N455-F1-model_v4	AF-Q6N455-F1-model_v4_TED01	afdb	start	0
AF-Q6N455-F1-model_v4	AF-Q6N455-F1-model_v4_TED01	afdb	end	0
AF-Q6N455-F1-model_v4	AF-Q6N455-F1-model_v4_TED01	afdb	start	0
AF-Q6N455-F1-model_v4	AF-Q6N455-F1-model_v4_TED01	afdb	end	0
AF-Q6N455-F1-model_v4	AF-Q6N455-F1-model_v4_TED02	afdb	start	0
AF-Q6N455-F1-model_v4	AF-Q6N455-F1-model_v4_TED02	afdb	end	0
AF-Q6N455-F1-model_v4	AF-Q6N455-F1-model_v4_TED01	esm	start	0
AF-Q6N455-F1-model_v4	AF-Q6N455-F1-model_v4_TED01	esm	end	0
AF-Q6N455-F1-model_v4	AF-Q6N455-F1-model_v4_TED01	esm	start	-3
AF-Q6N455-F1-model_v4	AF-Q6N455-F1-model_v4_TED01	esm	end	0
AF-Q6N455-F1-model_v4	AF-Q6N455-F1-model_v4_TED02	esm	start	0
AF-Q6N455-F1-model_v4	AF-Q6N455-F1-model_v4_TED02	esm	end	0
AF-A0A3L6FSZ1-F1-model_v4	AF-A0A3L6FSZ1-F1-model_v4_TED01	afdb	start	0
AF-A0A3L6FSZ1-F1-model_v4	AF-A0A3L6FSZ1-F1-model_v4_TED01	afdb	end	0
AF-A0A3L6FSZ1-F1-model_v4	AF-A0A3L6FSZ1-F1-model_v4_TED01	esm	start	29
AF-A0A3L6FSZ1-F1-model_v4	AF-A0A3L6FSZ1-F1-model_v4_TED01	esm	end	9
AF-A0A842PGM7-F1-model_v4	AF-A0A842PGM7-F1-model_v4_TED01	afdb	start	0
AF-A0A842PGM7-F1-model_v4	AF-A0A842PGM7-F1-model_v4_TED01	afdb	end	0
AF-A0A842PGM7-F1-model_v4	AF-A0A842PGM7-F1-model_v4_TED01	esm	start	0
AF-A0A842PGM7-F1-model_v4	AF-A0A842PGM7-F1-model_v4_TED01	esm	end	13
AF-A0A1E1V5R2-F1-model_v4	AF-A0A1E1V5R2-F1-model_v4_TED01	afdb	start	0
AF-A0A1E1V5R2-F1-model_v4	AF-A0A1E1V5R2-F1-model_v4_TED01	afdb	end	0
AF-A0A1E1V5R2-F1-model_v4	AF-A0A1E1V5R2-F1-model_v4_TED01	esm	start	0
AF-A0A1E1V5R2-F1-model_v4	AF-A0A1E1V5R2-F1-model_v4_TED01	esm	end	0
AF-A0A7W1C837-F1-model_v4	AF-A0A7W1C837-F1-model_v4_TED01	afdb	start	0
AF-A0A7W1C837-F1-model_v4	AF-A0A7W1C837-F1-model_v4_TED01	afdb	end	0
AF-A0A7W1C837-F1-model_v4	AF-A0A7W1C837-F1-model_v4_TED01	afdb	start	0
AF-A0A7W1C837-F1-model_v4	AF-A0A7W1C837-F1-model_v4_TED01	afdb	end	0
AF-A0A7W1C837-F1-model_v4	AF-A0A7W1C837-F1-model_v4_TED01	esm	start	0
AF-A0A7W1C837-F1-model_v4	AF-A0A7W1C837-F1-model_v4_TED01	esm	end	-3
AF-A0A7W1C837-F1-model_v4	AF-A0A7W1C837-F1-model_v4_TED01	esm	start	2
AF-A0A7W1C837-F1-model_v4	AF-A0A7W1C837-F1-model_v4_TED01	esm	end	0
AF-A0A2E9TML7-F1-model_v4	AF-A0A2E9TML7-F1-model_v4_TED01	afdb	start	0
AF-A0A2E9TML7-F1-model_v4	AF-A0A2E9TML7-F1-model_v4_TED01	afdb	end	0
AF-A0A2E9TML7-F1-model_v4	AF-A0A2E9TML7-F1-model_v4_TED02	afdb	start	0
AF-A0A2E9TML7-F1-model_v4	AF-A0A2E9TML7-F1-model_v4_TED02	afdb	end	0
AF-A0A2E9TML7-F1-model_v4	AF-A0A2E9TML7-F1-model_v4_TED01	esm	start	-2
AF-A0A2E9TML7-F1-model_v4	AF-A0A2E9TML7-F1-model_v4_TED01	esm	end	-2
AF-A0A2E9TML7-F1-model_v4	AF-A0A2E9TML7-F1-model_v4_TED02	esm	start	8
AF-A0A2E9TML7-F1-model_v4	AF-A0A2E9TML7-F1-model_v4_TED02	esm	end	0
AF-A0A7Y2YXX0-F1-model_v4	AF-A0A7Y2YXX0-F1-model_v4_TED01	afdb	start	0
AF-A0A7Y2YXX0-F1-model_v4	AF-A0A7Y2YXX0-F1-model_v4_TED01	afdb	end	0
AF-A0A7Y2YXX0-F1-model_v4	AF-A0A7Y2YXX0-F1-model_v4_TED02	afdb	start	0
AF-A0A7Y2YXX0-F1-model_v4	AF-A0A7Y2YXX0-F1-model_v4_TED02	afdb	end	0
AF-A0A7Y2YXX0-F1-model_v4	AF-A0A7Y2YXX0-F1-model_v4_TED03	afdb	start	0
AF-A0A7Y2YXX0-F1-model_v4	AF-A0A7Y2YXX0-F1-model_v4_TED03	afdb	end	0
AF-A0A7Y2YXX0-F1-model_v4	AF-A0A7Y2YXX0-F1-model_v4_TED01	esm	start	1
AF-A0A7Y2YXX0-F1-model_v4	AF-A0A7Y2YXX0-F1-model_v4_TED01	esm	end	-1
AF-A0A7Y2YXX0-F1-model_v4	AF-A0A7Y2YXX0-F1-model_v4_TED02	esm	start	1
AF-A0A7Y2YXX0-F1-model_v4	AF-A0A7Y2YXX0-F1-model_v4_TED02	esm	end	1
AF-A0A7Y2YXX0-F1-model_v4	AF-A0A7Y2YXX0-F1-model_v4_TED03	esm	start	0
AF-A0A7Y2YXX0-F1-model_v4	AF-A0A7Y2YXX0-F1-model_v4_TED03	esm	end	0
AF-A0A7H0NP76-F1-model_v4	AF-A0A7H0NP76-F1-model_v4_TED01	afdb	start	0
AF-A0A7H0NP76-F1-model_v4	AF-A0A7H0NP76-F1-model_v4_TED01	afdb	end	0
AF-A0A7H0NP76-F1-model_v4	AF-A0A7H0NP76-F1-model_v4_TED02	afdb	start	0
AF-A0A7H0NP76-F1-model_v4	AF-A0A7H0NP76-F1-model_v4_TED02	afdb	end	0
AF-A0A7H0NP76-F1-model_v4	AF-A0A7H0NP76-F1-model_v4_TED01	esm	start	-1
AF-A0A7H0NP76-F1-model_v4	AF-A0A7H0NP76-F1-model_v4_TED01	esm	end	0
AF-A0A7H0NP76-F1-model_v4	AF-A0A7H0NP76-F1-model_v4_TED02	esm	start	5
AF-A0A7H0NP76-F1-model_v4	AF-A0A7H0NP76-F1-model_v4_TED02	esm	end	-2
AF-A0A1M6UD93-F1-model_v4	AF-A0A1M6UD93-F1-model_v4_TED01	afdb	start	0
AF-A0A1M6UD93-F1-model_v4	AF-A0A1M6UD93-F1-model_v4_TED01	afdb	end	0
AF-A0A1M6UD93-F1-model_v4	AF-A0A1M6UD93-F1-model_v4_TED01	esm	start	0
AF-A0A1M6UD93-F1-model_v4	AF-A0A1M6UD93-F1-model_v4_TED01	esm	end	-32
AF-A0A4V1AE51-F1-model_v4	AF-A0A4V1AE51-F1-model_v4_TED01	afdb	start	0
AF-A0A4V1AE51-F1-model_v4	AF-A0A4V1AE51-F1-model_v4_TED01	afdb	end	0
AF-A0A4V1AE51-F1-model_v4	AF-A0A4V1AE51-F1-model_v4_TED02	afdb	start	0
AF-A0A4V1AE51-F1-model_v4	AF-A0A4V1AE51-F1-model_v4_TED02	afdb	end	0
AF-A0A4V1AE51-F1-model_v4	AF-A0A4V1AE51-F1-model_v4_TED01	esm	start	1
AF-A0A4V1AE51-F1-model_v4	AF-A0A4V1AE51-F1-model_v4_TED01	esm	end	0
AF-A0A4V1AE51-F1-model_v4	AF-A0A4V1AE51-F1-model_v4_TED02	esm	start	-5
AF-A0A4V1AE51-F1-model_v4	AF-A0A4V1AE51-F1-model_v4_TED02	esm	end	-1
AF-A0A843I5F2-F1-model_v4	AF-A0A843I5F2-F1-model_v4_TED01	afdb	start	0
AF-A0A843I5F2-F1-model_v4	AF-A0A843I5F2-F1-model_v4_TED01	afdb	end	0
AF-A0A843I5F2-F1-model_v4	AF-A0A843I5F2-F1-model_v4_TED02	afdb	start	0
AF-A0A843I5F2-F1-model_v4	AF-A0A843I5F2-F1-model_v4_TED02	afdb	end	0
AF-A0A843I5F2-F1-model_v4	AF-A0A843I5F2-F1-model_v4_TED01	esm	start	-11
AF-A0A843I5F2-F1-model_v4	AF-A0A843I5F2-F1-model_v4_TED01	esm	end	1
AF-A0A843I5F2-F1-model_v4	AF-A0A843I5F2-F1-model_v4_TED02	esm	start	-4
AF-A0A843I5F2-F1-model_v4	AF-A0A843I5F2-F1-model_v4_TED02	esm	end	0
AF-Q7RCN9-F1-model_v4	AF-Q7RCN9-F1-model_v4_TED01	afdb	start	0
AF-Q7RCN9-F1-model_v4	AF-Q7RCN9-F1-model_v4_TED01	afdb	end	0
AF-A0A0E0EM23-F1-model_v4	AF-A0A0E0EM23-F1-model_v4_TED01	afdb	start	0
AF-A0A0E0EM23-F1-model_v4	AF-A0A0E0EM23-F1-model_v4_TED01	afdb	end	0
AF-A0A0E0EM23-F1-model_v4	AF-A0A0E0EM23-F1-model_v4_TED02	afdb	start	0
AF-A0A0E0EM23-F1-model_v4	AF-A0A0E0EM23-F1-model_v4_TED02	afdb	end	0
AF-A0A0E0EM23-F1-model_v4	AF-A0A0E0EM23-F1-model_v4_TED01	esm	start	0
AF-A0A0E0EM23-F1-model_v4	AF-A0A0E0EM23-F1-model_v4_TED01	esm	end	0
AF-A0A0E0EM23-F1-model_v4	AF-A0A0E0EM23-F1-model_v4_TED02	esm	start	5
AF-A0A0E0EM23-F1-model_v4	AF-A0A0E0EM23-F1-model_v4_TED02	esm	end	11
AF-A0A139CPU7-F1-model_v4	AF-A0A139CPU7-F1-model_v4_TED01	afdb	start	0
AF-A0A139CPU7-F1-model_v4	AF-A0A139CPU7-F1-model_v4_TED01	afdb	end	0
AF-A0A139CPU7-F1-model_v4	AF-A0A139CPU7-F1-model_v4_TED02	afdb	start	0
AF-A0A139CPU7-F1-model_v4	AF-A0A139CPU7-F1-model_v4_TED02	afdb	end	0
AF-A0A139CPU7-F1-model_v4	AF-A0A139CPU7-F1-model_v4_TED03	afdb	start	0
AF-A0A139CPU7-F1-model_v4	AF-A0A139CPU7-F1-model_v4_TED03	afdb	end	0
AF-A0A139CPU7-F1-model_v4	AF-A0A139CPU7-F1-model_v4_TED04	afdb	start	0
AF-A0A139CPU7-F1-model_v4	AF-A0A139CPU7-F1-model_v4_TED04	afdb	end	0
AF-A0A139CPU7-F1-model_v4	AF-A0A139CPU7-F1-model_v4_TED04	afdb	start	0
AF-A0A139CPU7-F1-model_v4	AF-A0A139CPU7-F1-model_v4_TED04	afdb	end	0
AF-A0A139CPU7-F1-model_v4	AF-A0A139CPU7-F1-model_v4_TED05	afdb	start	0
AF-A0A139CPU7-F1-model_v4	AF-A0A139CPU7-F1-model_v4_TED05	afdb	end	0
AF-A0A139CPU7-F1-model_v4	AF-A0A139CPU7-F1-model_v4_TED01	esm	start	0
AF-A0A139CPU7-F1-model_v4	AF-A0A139CPU7-F1-model_v4_TED01	esm	end	-6
AF-A0A139CPU7-F1-model_v4	AF-A0A139CPU7-F1-model_v4_TED02	esm	start	-1
AF-A0A139CPU7-F1-model_v4	AF-A0A139CPU7-F1-model_v4_TED02	esm	end	-2
AF-A0A139CPU7-F1-model_v4	AF-A0A139CPU7-F1-model_v4_TED03	esm	start	65
AF-A0A139CPU7-F1-model_v4	AF-A0A139CPU7-F1-model_v4_TED03	esm	end	7
AF-A0A139CPU7-F1-model_v4	AF-A0A139CPU7-F1-model_v4_TED04	esm	start	1
AF-A0A139CPU7-F1-model_v4	AF-A0A139CPU7-F1-model_v4_TED04	esm	end	4
AF-A0A139CPU7-F1-model_v4	AF-A0A139CPU7-F1-model_v4_TED04	esm	start	-1
AF-A0A139CPU7-F1-model_v4	AF-A0A139CPU7-F1-model_v4_TED04	esm	end	0
AF-A0A139CPU7-F1-model_v4	AF-A0A139CPU7-F1-model_v4_TED05	esm	start	0
AF-A0A139CPU7-F1-model_v4	AF-A0A139CPU7-F1-model_v4_TED05	esm	end	0
AF-A0A4S0GS29-F1-model_v4	AF-A0A4S0GS29-F1-model_v4_TED01	afdb	start	0
AF-A0A4S0GS29-F1-model_v4	AF-A0A4S0GS29-F1-model_v4_TED01	afdb	end	0
AF-A0A4S0GS29-F1-model_v4	AF-A0A4S0GS29-F1-model_v4_TED01	esm	start	7
AF-A0A4S0GS29-F1-model_v4	AF-A0A4S0GS29-F1-model_v4_TED01	esm	end	-6
AF-A0A6M7XZM2-F1-model_v4	AF-A0A6M7XZM2-F1-model_v4_TED01	afdb	start	0
AF-A0A6M7XZM2-F1-model_v4	AF-A0A6M7XZM2-F1-model_v4_TED01	afdb	end	0
AF-A0A6M7XZM2-F1-model_v4	AF-A0A6M7XZM2-F1-model_v4_TED01	esm	start	0
AF-A0A6M7XZM2-F1-model_v4	AF-A0A6M7XZM2-F1-model_v4_TED01	esm	end	3
AF-A0A7C3WWI9-F1-model_v4	AF-A0A7C3WWI9-F1-model_v4_TED01	afdb	start	0
AF-A0A7C3WWI9-F1-model_v4	AF-A0A7C3WWI9-F1-model_v4_TED01	afdb	end	0
AF-A0A7C3WWI9-F1-model_v4	AF-A0A7C3WWI9-F1-model_v4_TED02	afdb	start	0
AF-A0A7C3WWI9-F1-model_v4	AF-A0A7C3WWI9-F1-model_v4_TED02	afdb	end	0
AF-A0A7C3WWI9-F1-model_v4	AF-A0A7C3WWI9-F1-model_v4_TED01	esm	start	3
AF-A0A7C3WWI9-F1-model_v4	AF-A0A7C3WWI9-F1-model_v4_TED01	esm	end	-1
AF-A0A7C3WWI9-F1-model_v4	AF-A0A7C3WWI9-F1-model_v4_TED02	esm	start	-2
AF-A0A7C3WWI9-F1-model_v4	AF-A0A7C3WWI9-F1-model_v4_TED02	esm	end	0
AF-A0A7V5N3P5-F1-model_v4	AF-A0A7V5N3P5-F1-model_v4_TED01	afdb	start	0
AF-A0A7V5N3P5-F1-model_v4	AF-A0A7V5N3P5-F1-model_v4_TED01	afdb	end	0
AF-A0A7V5N3P5-F1-model_v4	AF-A0A7V5N3P5-F1-model_v4_TED01	afdb	start	0
AF-A0A7V5N3P5-F1-model_v4	AF-A0A7V5N3P5-F1-model_v4_TED01	afdb	end	0
AF-A0A7V5N3P5-F1-model_v4	AF-A0A7V5N3P5-F1-model_v4_TED02	afdb	start	0
AF-A0A7V5N3P5-F1-model_v4	AF-A0A7V5N3P5-F1-model_v4_TED02	afdb	end	0
AF-A0A7V5N3P5-F1-model_v4	AF-A0A7V5N3P5-F1-model_v4_TED02	afdb	start	0
AF-A0A7V5N3P5-F1-model_v4	AF-A0A7V5N3P5-F1-model_v4_TED02	afdb	end	0
AF-A0A7V5N3P5-F1-model_v4	AF-A0A7V5N3P5-F1-model_v4_TED03	afdb	start	0
AF-A0A7V5N3P5-F1-model_v4	AF-A0A7V5N3P5-F1-model_v4_TED03	afdb	end	0
AF-A0A7V5N3P5-F1-model_v4	AF-A0A7V5N3P5-F1-model_v4_TED01	esm	start	0
AF-A0A7V5N3P5-F1-model_v4	AF-A0A7V5N3P5-F1-model_v4_TED01	esm	end	-2
AF-A0A7V5N3P5-F1-model_v4	AF-A0A7V5N3P5-F1-model_v4_TED01	esm	start	-3
AF-A0A7V5N3P5-F1-model_v4	AF-A0A7V5N3P5-F1-model_v4_TED01	esm	end	0
AF-A0A7V5N3P5-F1-model_v4	AF-A0A7V5N3P5-F1-model_v4_TED02	esm	start	0
AF-A0A7V5N3P5-F1-model_v4	AF-A0A7V5N3P5-F1-model_v4_TED02	esm	end	2
AF-A0A7V5N3P5-F1-model_v4	AF-A0A7V5N3P5-F1-model_v4_TED02	esm	start	-2
AF-A0A7V5N3P5-F1-model_v4	AF-A0A7V5N3P5-F1-model_v4_TED02	esm	end	-62
AF-A0A7V5N3P5-F1-model_v4	AF-A0A7V5N3P5-F1-model_v4_TED03	esm	start	0
AF-A0A7V5N3P5-F1-model_v4	AF-A0A7V5N3P5-F1-model_v4_TED03	esm	end	-1
AF-A0A2N5TLT1-F1-model_v4	AF-A0A2N5TLT1-F1-model_v4_TED01	afdb	start	0
AF-A0A2N5TLT1-F1-model_v4	AF-A0A2N5TLT1-F1-model_v4_TED01	afdb	end	0
AF-A0A2N5TLT1-F1-model_v4	AF-A0A2N5TLT1-F1-model_v4_TED01	afdb	start	0
AF-A0A2N5TLT1-F1-model_v4	AF-A0A2N5TLT1-F1-model_v4_TED01	afdb	end	0
AF-A0A2N5TLT1-F1-model_v4	AF-A0A2N5TLT1-F1-model_v4_TED02	afdb	start	0
AF-A0A2N5TLT1-F1-model_v4	AF-A0A2N5TLT1-F1-model_v4_TED02	afdb	end	0
AF-A0A2N5TLT1-F1-model_v4	AF-A0A2N5TLT1-F1-model_v4_TED01	esm	start	0
AF-A0A2N5TLT1-F1-model_v4	AF-A0A2N5TLT1-F1-model_v4_TED01	esm	end	-2
AF-A0A2N5TLT1-F1-model_v4	AF-A0A2N5TLT1-F1-model_v4_TED01	esm	start	1
AF-A0A2N5TLT1-F1-model_v4	AF-A0A2N5TLT1-F1-model_v4_TED01	esm	end	1
AF-A0A2N5TLT1-F1-model_v4	AF-A0A2N5TLT1-F1-model_v4_TED02	esm	start	0
AF-A0A2N5TLT1-F1-model_v4	AF-A0A2N5TLT1-F1-model_v4_TED02	esm	end	0
AF-A0A6G0UAT2-F1-model_v4	AF-A0A6G0UAT2-F1-model_v4_TED01	afdb	start	0
AF-A0A6G0UAT2-F1-model_v4	AF-A0A6G0UAT2-F1-model_v4_TED01	afdb	end	0
AF-A0A6G0UAT2-F1-model_v4	AF-A0A6G0UAT2-F1-model_v4_TED01	esm	start	20
AF-A0A6G0UAT2-F1-model_v4	AF-A0A6G0UAT2-F1-model_v4_TED01	esm	end	-21
AF-A0A1M6WVF0-F1-model_v4	AF-A0A1M6WVF0-F1-model_v4_TED01	afdb	start	0
AF-A0A1M6WVF0-F1-model_v4	AF-A0A1M6WVF0-F1-model_v4_TED01	afdb	end	0
AF-A0A1M6WVF0-F1-model_v4	AF-A0A1M6WVF0-F1-model_v4_TED02	afdb	start	0
AF-A0A1M6WVF0-F1-model_v4	AF-A0A1M6WVF0-F1-model_v4_TED02	afdb	end	0
AF-A0A1M6WVF0-F1-model_v4	AF-A0A1M6WVF0-F1-model_v4_TED01	esm	start	11
AF-A0A1M6WVF0-F1-model_v4	AF-A0A1M6WVF0-F1-model_v4_TED01	esm	end	0
AF-A0A1M6WVF0-F1-model_v4	AF-A0A1M6WVF0-F1-model_v4_TED02	esm	start	0
AF-A0A1M6WVF0-F1-model_v4	AF-A0A1M6WVF0-F1-model_v4_TED02	esm	end	0
AF-A0A851EIC0-F1-model_v4	AF-A0A851EIC0-F1-model_v4_TED01	afdb	start	0
AF-A0A851EIC0-F1-model_v4	AF-A0A851EIC0-F1-model_v4_TED01	afdb	end	0
AF-A0A851EIC0-F1-model_v4	AF-A0A851EIC0-F1-model_v4_TED01	afdb	start	0
AF-A0A851EIC0-F1-model_v4	AF-A0A851EIC0-F1-model_v4_TED01	afdb	end	0
AF-A0A851EIC0-F1-model_v4	AF-A0A851EIC0-F1-model_v4_TED01	esm	start	0
AF-A0A851EIC0-F1-model_v4	AF-A0A851EIC0-F1-model_v4_TED01	esm	end	1
AF-A0A851EIC0-F1-model_v4	AF-A0A851EIC0-F1-model_v4_TED01	esm	start	-3
AF-A0A851EIC0-F1-model_v4	AF-A0A851EIC0-F1-model_v4_TED01	esm	end	-4
AF-Q0CMP1-F1-model_v4	AF-Q0CMP1-F1-model_v4_TED01	afdb	start	0
AF-Q0CMP1-F1-model_v4	AF-Q0CMP1-F1-model_v4_TED01	afdb	end	0
AF-Q0CMP1-F1-model_v4	AF-Q0CMP1-F1-model_v4_TED01	afdb	start	0
AF-Q0CMP1-F1-model_v4	AF-Q0CMP1-F1-model_v4_TED01	afdb	end	0
AF-Q0CMP1-F1-model_v4	AF-Q0CMP1-F1-model_v4_TED02	afdb	start	0
AF-Q0CMP1-F1-model_v4	AF-Q0CMP1-F1-model_v4_TED02	afdb	end	0
AF-Q0CMP1-F1-model_v4	AF-Q0CMP1-F1-model_v4_TED01	esm	start	-3
AF-Q0CMP1-F1-model_v4	AF-Q0CMP1-F1-model_v4_TED01	esm	end	-15
AF-Q0CMP1-F1-model_v4	AF-Q0CMP1-F1-model_v4_TED01	esm	start	-23
AF-Q0CMP1-F1-model_v4	AF-Q0CMP1-F1-model_v4_TED01	esm	end	-11
AF-Q0CMP1-F1-model_v4	AF-Q0CMP1-F1-model_v4_TED02	esm	start	0
AF-Q0CMP1-F1-model_v4	AF-Q0CMP1-F1-model_v4_TED02	esm	end	0
AF-I4YFF7-F1-model_v4	AF-I4YFF7-F1-model_v4_TED01	afdb	start	0
AF-I4YFF7-F1-model_v4	AF-I4YFF7-F1-model_v4_TED01	afdb	end	0
AF-I4YFF7-F1-model_v4	AF-I4YFF7-F1-model_v4_TED02	afdb	start	0
AF-I4YFF7-F1-model_v4	AF-I4YFF7-F1-model_v4_TED02	afdb	end	0
AF-I4YFF7-F1-model_v4	AF-I4YFF7-F1-model_v4_TED01	esm	start	-2
AF-I4YFF7-F1-model_v4	AF-I4YFF7-F1-model_v4_TED01	esm	end	0
AF-I4YFF7-F1-model_v4	AF-I4YFF7-F1-model_v4_TED02	esm	start	0
AF-I4YFF7-F1-model_v4	AF-I4YFF7-F1-model_v4_TED02	esm	end	1
AF-M5XE36-F1-model_v4	AF-M5XE36-F1-model_v4_TED01	afdb	start	0
AF-M5XE36-F1-model_v4	AF-M5XE36-F1-model_v4_TED01	afdb	end	0
AF-M5XE36-F1-model_v4	AF-M5XE36-F1-model_v4_TED01	esm	start	31
AF-M5XE36-F1-model_v4	AF-M5XE36-F1-model_v4_TED01	esm	end	0
AF-A0A640UK65-F1-model_v4	AF-A0A640UK65-F1-model_v4_TED01	afdb	start	0
AF-A0A640UK65-F1-model_v4	AF-A0A640UK65-F1-model_v4_TED01	afdb	end	0
AF-A0A640UK65-F1-model_v4	AF-A0A640UK65-F1-model_v4_TED02	afdb	start	0
AF-A0A640UK65-F1-model_v4	AF-A0A640UK65-F1-model_v4_TED02	afdb	end	0
AF-A0A640UK65-F1-model_v4	AF-A0A640UK65-F1-model_v4_TED01	esm	start	0
AF-A0A640UK65-F1-model_v4	AF-A0A640UK65-F1-model_v4_TED01	esm	end	2
AF-A0A640UK65-F1-model_v4	AF-A0A640UK65-F1-model_v4_TED02	esm	start	0
AF-A0A640UK65-F1-model_v4	AF-A0A640UK65-F1-model_v4_TED02	esm	end	0
AF-A0A2N5ZUS3-F1-model_v4	AF-A0A2N5ZUS3-F1-model_v4_TED01	afdb	start	0
AF-A0A2N5ZUS3-F1-model_v4	AF-A0A2N5ZUS3-F1-model_v4_TED01	afdb	end	0
AF-A0A2N5ZUS3-F1-model_v4	AF-A0A2N5ZUS3-F1-model_v4_TED01	esm	start	-1
AF-A0A2N5ZUS3-F1-model_v4	AF-A0A2N5ZUS3-F1-model_v4_TED01	esm	end	1
AF-A0A0Q4EE43-F1-model_v4	AF-A0A0Q4EE43-F1-model_v4_TED01	afdb	start	0
AF-A0A0Q4EE43-F1-model_v4	AF-A0A0Q4EE43-F1-model_v4_TED01	afdb	end	0
AF-A0A0Q4EE43-F1-model_v4	AF-A0A0Q4EE43-F1-model_v4_TED02	afdb	start	0
AF-A0A0Q4EE43-F1-model_v4	AF-A0A0Q4EE43-F1-model_v4_TED02	afdb	end	0
AF-A0A0Q4EE43-F1-model_v4	AF-A0A0Q4EE43-F1-model_v4_TED01	esm	start	1
AF-A0A0Q4EE43-F1-model_v4	AF-A0A0Q4EE43-F1-model_v4_TED01	esm	end	-2
AF-A0A0Q4EE43-F1-model_v4	AF-A0A0Q4EE43-F1-model_v4_TED02	esm	start	-1
AF-A0A0Q4EE43-F1-model_v4	AF-A0A0Q4EE43-F1-model_v4_TED02	esm	end	-1
AF-A0A820BIT3-F1-model_v4	AF-A0A820BIT3-F1-model_v4_TED01	afdb	start	0
AF-A0A820BIT3-F1-model_v4	AF-A0A820BIT3-F1-model_v4_TED01	afdb	end	0
AF-A0A820BIT3-F1-model_v4	AF-A0A820BIT3-F1-model_v4_TED02	afdb	start	0
AF-A0A820BIT3-F1-model_v4	AF-A0A820BIT3-F1-model_v4_TED02	afdb	end	0
AF-A0A0M3MAG1-F1-model_v4	AF-A0A0M3MAG1-F1-model_v4_TED01	afdb	start	0
AF-A0A0M3MAG1-F1-model_v4	AF-A0A0M3MAG1-F1-model_v4_TED01	afdb	end	0
AF-A0A0M3MAG1-F1-model_v4	AF-A0A0M3MAG1-F1-model_v4_TED01	esm	start	0
AF-A0A0M3MAG1-F1-model_v4	AF-A0A0M3MAG1-F1-model_v4_TED01	esm	end	2
AF-A0A6G8AHQ3-F1-model_v4	AF-A0A6G8AHQ3-F1-model_v4_TED01	afdb	start	0
AF-A0A6G8AHQ3-F1-model_v4	AF-A0A6G8AHQ3-F1-model_v4_TED01	afdb	end	0
AF-A0A6G8AHQ3-F1-model_v4	AF-A0A6G8AHQ3-F1-model_v4_TED01	afdb	start	0
AF-A0A6G8AHQ3-F1-model_v4	AF-A0A6G8AHQ3-F1-model_v4_TED01	afdb	end	0
AF-A0A6G8AHQ3-F1-model_v4	AF-A0A6G8AHQ3-F1-model_v4_TED01	afdb	start	0
AF-A0A6G8AHQ3-F1-model_v4	AF-A0A6G8AHQ3-F1-model_v4_TED01	afdb	end	0
AF-A0A6G8AHQ3-F1-model_v4	AF-A0A6G8AHQ3-F1-model_v4_TED01	esm	start	0
AF-A0A6G8AHQ3-F1-model_v4	AF-A0A6G8AHQ3-F1-model_v4_TED01	esm	end	-7
AF-A0A6G8AHQ3-F1-model_v4	AF-A0A6G8AHQ3-F1-model_v4_TED01	esm	start	-15
AF-A0A6G8AHQ3-F1-model_v4	AF-A0A6G8AHQ3-F1-model_v4_TED01	esm	end	4
AF-A0A6G8AHQ3-F1-model_v4	AF-A0A6G8AHQ3-F1-model_v4_TED01	esm	start	1
AF-A0A6G8AHQ3-F1-model_v4	AF-A0A6G8AHQ3-F1-model_v4_TED01	esm	end	1
AF-A0A1M4YER6-F1-model_v4	AF-A0A1M4YER6-F1-model_v4_TED01	afdb	start	0
AF-A0A1M4YER6-F1-model_v4	AF-A0A1M4YER6-F1-model_v4_TED01	afdb	end	0
AF-A0A1M4YER6-F1-model_v4	AF-A0A1M4YER6-F1-model_v4_TED01	esm	start	0
AF-A0A1M4YER6-F1-model_v4	AF-A0A1M4YER6-F1-model_v4_TED01	esm	end	-1
AF-A0A4P7B070-F1-model_v4	AF-A0A4P7B070-F1-model_v4_TED01	afdb	start	0
AF-A0A4P7B070-F1-model_v4	AF-A0A4P7B070-F1-model_v4_TED01	afdb	end	0
AF-A0A4P7B070-F1-model_v4	AF-A0A4P7B070-F1-model_v4_TED02	afdb	start	0
AF-A0A4P7B070-F1-model_v4	AF-A0A4P7B070-F1-model_v4_TED02	afdb	end	0
AF-A0A4P7B070-F1-model_v4	AF-A0A4P7B070-F1-model_v4_TED03	afdb	start	0
AF-A0A4P7B070-F1-model_v4	AF-A0A4P7B070-F1-model_v4_TED03	afdb	end	0
AF-A0A4P7B070-F1-model_v4	AF-A0A4P7B070-F1-model_v4_TED01	esm	start	0
AF-A0A4P7B070-F1-model_v4	AF-A0A4P7B070-F1-model_v4_TED01	esm	end	0
AF-A0A4P7B070-F1-model_v4	AF-A0A4P7B070-F1-model_v4_TED02	esm	start	0
AF-A0A4P7B070-F1-model_v4	AF-A0A4P7B070-F1-model_v4_TED02	esm	end	0
AF-A0A4P7B070-F1-model_v4	AF-A0A4P7B070-F1-model_v4_TED03	esm	start	0
AF-A0A4P7B070-F1-model_v4	AF-A0A4P7B070-F1-model_v4_TED03	esm	end	-14
AF-A0A2D6JQS7-F1-model_v4	AF-A0A2D6JQS7-F1-model_v4_TED01	afdb	start	0
AF-A0A2D6JQS7-F1-model_v4	AF-A0A2D6JQS7-F1-model_v4_TED01	afdb	end	0
AF-A0A2D6JQS7-F1-model_v4	AF-A0A2D6JQS7-F1-model_v4_TED01	afdb	start	0
AF-A0A2D6JQS7-F1-model_v4	AF-A0A2D6JQS7-F1-model_v4_TED01	afdb	end	0
AF-A0A2D6JQS7-F1-model_v4	AF-A0A2D6JQS7-F1-model_v4_TED02	afdb	start	0
AF-A0A2D6JQS7-F1-model_v4	AF-A0A2D6JQS7-F1-model_v4_TED02	afdb	end	0
AF-A0A2D6JQS7-F1-model_v4	AF-A0A2D6JQS7-F1-model_v4_TED01	esm	start	0
AF-A0A2D6JQS7-F1-model_v4	AF-A0A2D6JQS7-F1-model_v4_TED01	esm	end	0
AF-A0A2D6JQS7-F1-model_v4	AF-A0A2D6JQS7-F1-model_v4_TED01	esm	start	0
AF-A0A2D6JQS7-F1-model_v4	AF-A0A2D6JQS7-F1-model_v4_TED01	esm	end	0
AF-A0A2D6JQS7-F1-model_v4	AF-A0A2D6JQS7-F1-model_v4_TED02	esm	start	0
AF-A0A2D6JQS7-F1-model_v4	AF-A0A2D6JQS7-F1-model_v4_TED02	esm	end	0
AF-A0A1F6DZ33-F1-model_v4	AF-A0A1F6DZ33-F1-model_v4_TED01	afdb	start	0
AF-A0A1F6DZ33-F1-model_v4	AF-A0A1F6DZ33-F1-model_v4_TED01	afdb	end	0
AF-A0A1I5A4V4-F1-model_v4	AF-A0A1I5A4V4-F1-model_v4_TED01	afdb	start	0
AF-A0A1I5A4V4-F1-model_v4	AF-A0A1I5A4V4-F1-model_v4_TED01	afdb	end	0
AF-A0A1I5A4V4-F1-model_v4	AF-A0A1I5A4V4-F1-model_v4_TED02	afdb	start	0
AF-A0A1I5A4V4-F1-model_v4	AF-A0A1I5A4V4-F1-model_v4_TED02	afdb	end	0
AF-A0A1I5A4V4-F1-model_v4	AF-A0A1I5A4V4-F1-model_v4_TED03	afdb	start	0
AF-A0A1I5A4V4-F1-model_v4	AF-A0A1I5A4V4-F1-model_v4_TED03	afdb	end	0
AF-A0A1I5A4V4-F1-model_v4	AF-A0A1I5A4V4-F1-model_v4_TED01	esm	start	0
AF-A0A1I5A4V4-F1-model_v4	AF-A0A1I5A4V4-F1-model_v4_TED01	esm	end	0
AF-A0A1I5A4V4-F1-model_v4	AF-A0A1I5A4V4-F1-model_v4_TED02	esm	start	0
AF-A0A1I5A4V4-F1-model_v4	AF-A0A1I5A4V4-F1-model_v4_TED02	esm	end	0
AF-A0A1I5A4V4-F1-model_v4	AF-A0A1I5A4V4-F1-model_v4_TED03	esm	start	0
AF-A0A1I5A4V4-F1-model_v4	AF-A0A1I5A4V4-F1-model_v4_TED03	esm	end	-4
AF-W2F3P7-F1-model_v4	AF-W2F3P7-F1-model_v4_TED01	afdb	start	0
AF-W2F3P7-F1-model_v4	AF-W2F3P7-F1-model_v4_TED01	afdb	end	0
AF-W2F3P7-F1-model_v4	AF-W2F3P7-F1-model_v4_TED02	afdb	start	0
AF-W2F3P7-F1-model_v4	AF-W2F3P7-F1-model_v4_TED02	afdb	end	0
AF-W2F3P7-F1-model_v4	AF-W2F3P7-F1-model_v4_TED01	esm	start	0
AF-W2F3P7-F1-model_v4	AF-W2F3P7-F1-model_v4_TED01	esm	end	0
AF-W2F3P7-F1-model_v4	AF-W2F3P7-F1-model_v4_TED02	esm	start	0
AF-W2F3P7-F1-model_v4	AF-W2F3P7-F1-model_v4_TED02	esm	end	30
AF-C1LES2-F1-model_v4	AF-C1LES2-F1-model_v4_TED01	afdb	start	0
AF-C1LES2-F1-model_v4	AF-C1LES2-F1-model_v4_TED01	afdb	end	0
AF-A0A7S1FAB7-F1-model_v4	AF-A0A7S1FAB7-F1-model_v4_TED01	afdb	start	0
AF-A0A7S1FAB7-F1-model_v4	AF-A0A7S1FAB7-F1-model_v4_TED01	afdb	end	0
AF-A0A321LFD2-F1-model_v4	AF-A0A321LFD2-F1-model_v4_TED01	afdb	start	0
AF-A0A321LFD2-F1-model_v4	AF-A0A321LFD2-F1-model_v4_TED01	afdb	end	0
AF-A0A321LFD2-F1-model_v4	AF-A0A321LFD2-F1-model_v4_TED02	afdb	start	0
AF-A0A321LFD2-F1-model_v4	AF-A0A321LFD2-F1-model_v4_TED02	afdb	end	0
AF-A0A321LFD2-F1-model_v4	AF-A0A321LFD2-F1-model_v4_TED01	esm	start	0
AF-A0A321LFD2-F1-model_v4	AF-A0A321LFD2-F1-model_v4_TED01	esm	end	0
AF-A0A321LFD2-F1-model_v4	AF-A0A321LFD2-F1-model_v4_TED02	esm	start	-16
AF-A0A321LFD2-F1-model_v4	AF-A0A321LFD2-F1-model_v4_TED02	esm	end	0
AF-A0A482WC76-F1-model_v4	AF-A0A482WC76-F1-model_v4_TED01	afdb	start	0
AF-A0A482WC76-F1-model_v4	AF-A0A482WC76-F1-model_v4_TED01	afdb	end	0
AF-A0A482WC76-F1-model_v4	AF-A0A482WC76-F1-model_v4_TED01	esm	start	-4
AF-A0A482WC76-F1-model_v4	AF-A0A482WC76-F1-model_v4_TED01	esm	end	-9
AF-A0A2E2VQX8-F1-model_v4	AF-A0A2E2VQX8-F1-model_v4_TED01	afdb	start	0
AF-A0A2E2VQX8-F1-model_v4	AF-A0A2E2VQX8-F1-model_v4_TED01	afdb	end	0
AF-A0A2E2VQX8-F1-model_v4	AF-A0A2E2VQX8-F1-model_v4_TED02	afdb	start	0
AF-A0A2E2VQX8-F1-model_v4	AF-A0A2E2VQX8-F1-model_v4_TED02	afdb	end	-21
AF-A0A2E2VQX8-F1-model_v4	AF-A0A2E2VQX8-F1-model_v4_TED03	afdb	start	25
AF-A0A2E2VQX8-F1-model_v4	AF-A0A2E2VQX8-F1-model_v4_TED03	afdb	end	0
AF-A0A2E2VQX8-F1-model_v4	AF-A0A2E2VQX8-F1-model_v4_TED04	afdb	start	0
AF-A0A2E2VQX8-F1-model_v4	AF-A0A2E2VQX8-F1-model_v4_TED04	afdb	end	0
AF-A0A2E2VQX8-F1-model_v4	AF-A0A2E2VQX8-F1-model_v4_TED04	afdb	start	0
AF-A0A2E2VQX8-F1-model_v4	AF-A0A2E2VQX8-F1-model_v4_TED04	afdb	end	0
AF-A0A2E2VQX8-F1-model_v4	AF-A0A2E2VQX8-F1-model_v4_TED01	esm	start	0
AF-A0A2E2VQX8-F1-model_v4	AF-A0A2E2VQX8-F1-model_v4_TED01	esm	end	5
AF-A0A2E2VQX8-F1-model_v4	AF-A0A2E2VQX8-F1-model_v4_TED02	esm	start	0
AF-A0A2E2VQX8-F1-model_v4	AF-A0A2E2VQX8-F1-model_v4_TED02	esm	end	1
AF-A0A2E2VQX8-F1-model_v4	AF-A0A2E2VQX8-F1-model_v4_TED03	esm	start	11
AF-A0A2E2VQX8-F1-model_v4	AF-A0A2E2VQX8-F1-model_v4_TED03	esm	end	-3
AF-A0A2E2VQX8-F1-model_v4	AF-A0A2E2VQX8-F1-model_v4_TED04	esm	start	-7
AF-A0A2E2VQX8-F1-model_v4	AF-A0A2E2VQX8-F1-model_v4_TED04	esm	end	2
AF-A0A2E2VQX8-F1-model_v4	AF-A0A2E2VQX8-F1-model_v4_TED04	esm	start	-1
AF-A0A2E2VQX8-F1-model_v4	AF-A0A2E2VQX8-F1-model_v4_TED04	esm	end	2
AF-A0A0C2IRJ1-F1-model_v4	AF-A0A0C2IRJ1-F1-model_v4_TED01	afdb	start	0
AF-A0A0C2IRJ1-F1-model_v4	AF-A0A0C2IRJ1-F1-model_v4_TED01	afdb	end	0
AF-A0A0C2IRJ1-F1-model_v4	AF-A0A0C2IRJ1-F1-model_v4_TED01	afdb	start	0
AF-A0A0C2IRJ1-F1-model_v4	AF-A0A0C2IRJ1-F1-model_v4_TED01	afdb	end	0
AF-A0A0C2IRJ1-F1-model_v4	AF-A0A0C2IRJ1-F1-model_v4_TED01	esm	start	0
AF-A0A0C2IRJ1-F1-model_v4	AF-A0A0C2IRJ1-F1-model_v4_TED01	esm	end	-12
AF-A0A0C2IRJ1-F1-model_v4	AF-A0A0C2IRJ1-F1-model_v4_TED01	esm	start	-38
AF-A0A0C2IRJ1-F1-model_v4	AF-A0A0C2IRJ1-F1-model_v4_TED01	esm	end	0
AF-S5ZIK7-F1-model_v4	AF-S5ZIK7-F1-model_v4_TED01	afdb	start	0
AF-S5ZIK7-F1-model_v4	AF-S5ZIK7-F1-model_v4_TED01	afdb	end	0
AF-S5ZIK7-F1-model_v4	AF-S5ZIK7-F1-model_v4_TED02	afdb	start	0
AF-S5ZIK7-F1-model_v4	AF-S5ZIK7-F1-model_v4_TED02	afdb	end	0
AF-S5ZIK7-F1-model_v4	AF-S5ZIK7-F1-model_v4_TED01	esm	start	0
AF-S5ZIK7-F1-model_v4	AF-S5ZIK7-F1-model_v4_TED01	esm	end	0
AF-S5ZIK7-F1-model_v4	AF-S5ZIK7-F1-model_v4_TED02	esm	start	0
AF-S5ZIK7-F1-model_v4	AF-S5ZIK7-F1-model_v4_TED02	esm	end	0
AF-A0A7L2HFK6-F1-model_v4	AF-A0A7L2HFK6-F1-model_v4_TED01	afdb	start	0
AF-A0A7L2HFK6-F1-model_v4	AF-A0A7L2HFK6-F1-model_v4_TED01	afdb	end	0
AF-A0A7L2HFK6-F1-model_v4	AF-A0A7L2HFK6-F1-model_v4_TED01	afdb	start	0
AF-A0A7L2HFK6-F1-model_v4	AF-A0A7L2HFK6-F1-model_v4_TED01	afdb	end	0
AF-A0A7L2HFK6-F1-model_v4	AF-A0A7L2HFK6-F1-model_v4_TED02	afdb	start	0
AF-A0A7L2HFK6-F1-model_v4	AF-A0A7L2HFK6-F1-model_v4_TED02	afdb	end	0
AF-A0A7L2HFK6-F1-model_v4	AF-A0A7L2HFK6-F1-model_v4_TED01	esm	start	-1
AF-A0A7L2HFK6-F1-model_v4	AF-A0A7L2HFK6-F1-model_v4_TED01	esm	end	-5
AF-A0A7L2HFK6-F1-model_v4	AF-A0A7L2HFK6-F1-model_v4_TED01	esm	start	1
AF-A0A7L2HFK6-F1-model_v4	AF-A0A7L2HFK6-F1-model_v4_TED01	esm	end	5
AF-A0A7L2HFK6-F1-model_v4	AF-A0A7L2HFK6-F1-model_v4_TED02	esm	start	-5
AF-A0A7L2HFK6-F1-model_v4	AF-A0A7L2HFK6-F1-model_v4_TED02	esm	end	11
AF-E4U6L6-F1-model_v4	AF-E4U6L6-F1-model_v4_TED01	afdb	start	0
AF-E4U6L6-F1-model_v4	AF-E4U6L6-F1-model_v4_TED01	afdb	end	0
AF-A0A1W1IDS4-F1-model_v4	AF-A0A1W1IDS4-F1-model_v4_TED01	afdb	start	0
AF-A0A1W1IDS4-F1-model_v4	AF-A0A1W1IDS4-F1-model_v4_TED01	afdb	end	0
AF-A0A1W1IDS4-F1-model_v4	AF-A0A1W1IDS4-F1-model_v4_TED01	esm	start	-10
AF-A0A1W1IDS4-F1-model_v4	AF-A0A1W1IDS4-F1-model_v4_TED01	esm	end	0
AF-A0A1E7KBI5-F1-model_v4	AF-A0A1E7KBI5-F1-model_v4_TED01	afdb	start	0
AF-A0A1E7KBI5-F1-model_v4	AF-A0A1E7KBI5-F1-model_v4_TED01	afdb	end	0
AF-A0A1E7KBI5-F1-model_v4	AF-A0A1E7KBI5-F1-model_v4_TED02	afdb	start	0
AF-A0A1E7KBI5-F1-model_v4	AF-A0A1E7KBI5-F1-model_v4_TED02	afdb	end	0
AF-A0A1E7KBI5-F1-model_v4	AF-A0A1E7KBI5-F1-model_v4_TED02	afdb	start	0
AF-A0A1E7KBI5-F1-model_v4	AF-A0A1E7KBI5-F1-model_v4_TED02	afdb	end	0
AF-A0A1E7KBI5-F1-model_v4	AF-A0A1E7KBI5-F1-model_v4_TED03	afdb	start	0
AF-A0A1E7KBI5-F1-model_v4	AF-A0A1E7KBI5-F1-model_v4_TED03	afdb	end	0
AF-A0A1E7KBI5-F1-model_v4	AF-A0A1E7KBI5-F1-model_v4_TED04	afdb	start	0
AF-A0A1E7KBI5-F1-model_v4	AF-A0A1E7KBI5-F1-model_v4_TED04	afdb	end	0
AF-A0A1E7KBI5-F1-model_v4	AF-A0A1E7KBI5-F1-model_v4_TED01	esm	start	-2
AF-A0A1E7KBI5-F1-model_v4	AF-A0A1E7KBI5-F1-model_v4_TED01	esm	end	-1
AF-A0A1E7KBI5-F1-model_v4	AF-A0A1E7KBI5-F1-model_v4_TED02	esm	start	0
AF-A0A1E7KBI5-F1-model_v4	AF-A0A1E7KBI5-F1-model_v4_TED02	esm	end	39
AF-A0A1E7KBI5-F1-model_v4	AF-A0A1E7KBI5-F1-model_v4_TED02	esm	start	31
AF-A0A1E7KBI5-F1-model_v4	AF-A0A1E7KBI5-F1-model_v4_TED02	esm	end	1
AF-A0A1E7KBI5-F1-model_v4	AF-A0A1E7KBI5-F1-model_v4_TED03	esm	start	2
AF-A0A1E7KBI5-F1-model_v4	AF-A0A1E7KBI5-F1-model_v4_TED03	esm	end	0
AF-A0A1E7KBI5-F1-model_v4	AF-A0A1E7KBI5-F1-model_v4_TED04	esm	start	0
AF-A0A1E7KBI5-F1-model_v4	AF-A0A1E7KBI5-F1-model_v4_TED04	esm	end	0
AF-A0A096BFV6-F1-model_v4	AF-A0A096BFV6-F1-model_v4_TED01	afdb	start	0
AF-A0A096BFV6-F1-model_v4	AF-A0A096BFV6-F1-model_v4_TED01	afdb	end	0
AF-A0A096BFV6-F1-model_v4	AF-A0A096BFV6-F1-model_v4_TED02	afdb	start	0
AF-A0A096BFV6-F1-model_v4	AF-A0A096BFV6-F1-model_v4_TED02	afdb	end	0
AF-A0A096BFV6-F1-model_v4	AF-A0A096BFV6-F1-model_v4_TED01	esm	start	0
AF-A0A096BFV6-F1-model_v4	AF-A0A096BFV6-F1-model_v4_TED01	esm	end	-1
AF-A0A096BFV6-F1-model_v4	AF-A0A096BFV6-F1-model_v4_TED02	esm	start	-1
AF-A0A096BFV6-F1-model_v4	AF-A0A096BFV6-F1-model_v4_TED02	esm	end	0
AF-A0A2T5LMW0-F1-model_v4	AF-A0A2T5LMW0-F1-model_v4_TED01	afdb	start	0
AF-A0A2T5LMW0-F1-model_v4	AF-A0A2T5LMW0-F1-model_v4_TED01	afdb	end	0
AF-A0A2T5LMW0-F1-model_v4	AF-A0A2T5LMW0-F1-model_v4_TED01	esm	start	0
AF-A0A2T5LMW0-F1-model_v4	AF-A0A2T5LMW0-F1-model_v4_TED01	esm	end	-1
AF-D1A1F9-F1-model_v4	AF-D1A1F9-F1-model_v4_TED01	afdb	start	0
AF-D1A1F9-F1-model_v4	AF-D1A1F9-F1-model_v4_TED01	afdb	end	0
AF-D1A1F9-F1-model_v4	AF-D1A1F9-F1-model_v4_TED01	esm	start	0
AF-D1A1F9-F1-model_v4	AF-D1A1F9-F1-model_v4_TED01	esm	end	-1
AF-A0A5B8UKZ6-F1-model_v4	AF-A0A5B8UKZ6-F1-model_v4_TED01	afdb	start	0
AF-A0A5B8UKZ6-F1-model_v4	AF-A0A5B8UKZ6-F1-model_v4_TED01	afdb	end	0
AF-A0A5B8UKZ6-F1-model_v4	AF-A0A5B8UKZ6-F1-model_v4_TED01	afdb	start	0
AF-A0A5B8UKZ6-F1-model_v4	AF-A0A5B8UKZ6-F1-model_v4_TED01	afdb	end	0
AF-A0A5B8UKZ6-F1-model_v4	AF-A0A5B8UKZ6-F1-model_v4_TED01	esm	start	0
AF-A0A5B8UKZ6-F1-model_v4	AF-A0A5B8UKZ6-F1-model_v4_TED01	esm	end	-109
AF-A0A5B8UKZ6-F1-model_v4	AF-A0A5B8UKZ6-F1-model_v4_TED01	esm	start	-122
AF-A0A5B8UKZ6-F1-model_v4	AF-A0A5B8UKZ6-F1-model_v4_TED01	esm	end	0
AF-A0A4Y3KS94-F1-model_v4	AF-A0A4Y3KS94-F1-model_v4_TED01	afdb	start	0
AF-A0A4Y3KS94-F1-model_v4	AF-A0A4Y3KS94-F1-model_v4_TED01	afdb	end	0
AF-A0A4Y3KS94-F1-model_v4	AF-A0A4Y3KS94-F1-model_v4_TED01	esm	start	0
AF-A0A4Y3KS94-F1-model_v4	AF-A0A4Y3KS94-F1-model_v4_TED01	esm	end	0
AF-A0A554RTL8-F1-model_v4	AF-A0A554RTL8-F1-model_v4_TED01	afdb	start	0
AF-A0A554RTL8-F1-model_v4	AF-A0A554RTL8-F1-model_v4_TED01	afdb	end	0
AF-A0A554RTL8-F1-model_v4	AF-A0A554RTL8-F1-model_v4_TED01	esm	start	-6
AF-A0A554RTL8-F1-model_v4	AF-A0A554RTL8-F1-model_v4_TED01	esm	end	0
AF-A0A0S8JDF4-F1-model_v4	AF-A0A0S8JDF4-F1-model_v4_TED01	afdb	start	0
AF-A0A0S8JDF4-F1-model_v4	AF-A0A0S8JDF4-F1-model_v4_TED01	afdb	end	0
AF-A0A0S8JDF4-F1-model_v4	AF-A0A0S8JDF4-F1-model_v4_TED01	afdb	start	-127
AF-A0A0S8JDF4-F1-model_v4	AF-A0A0S8JDF4-F1-model_v4_TED01	afdb	end	-148
AF-A0A0S8JDF4-F1-model_v4	AF-A0A0S8JDF4-F1-model_v4_TED02	afdb	start	0
AF-A0A0S8JDF4-F1-model_v4	AF-A0A0S8JDF4-F1-model_v4_TED02	afdb	end	5
AF-A0A0S8JDF4-F1-model_v4	AF-A0A0S8JDF4-F1-model_v4_TED01	esm	start	0
AF-A0A0S8JDF4-F1-model_v4	AF-A0A0S8JDF4-F1-model_v4_TED01	esm	end	0
AF-A0A0S8JDF4-F1-model_v4	AF-A0A0S8JDF4-F1-model_v4_TED01	esm	start	-127
AF-A0A0S8JDF4-F1-model_v4	AF-A0A0S8JDF4-F1-model_v4_TED01	esm	end	-148
AF-A0A0S8JDF4-F1-model_v4	AF-A0A0S8JDF4-F1-model_v4_TED02	esm	start	0
AF-A0A0S8JDF4-F1-model_v4	AF-A0A0S8JDF4-F1-model_v4_TED02	esm	end	2
AF-A0A6L8RLG1-F1-model_v4	AF-A0A6L8RLG1-F1-model_v4_TED01	afdb	start	0
AF-A0A6L8RLG1-F1-model_v4	AF-A0A6L8RLG1-F1-model_v4_TED01	afdb	end	0
AF-A0A6L8RLG1-F1-model_v4	AF-A0A6L8RLG1-F1-model_v4_TED01	esm	start	0
AF-A0A6L8RLG1-F1-model_v4	AF-A0A6L8RLG1-F1-model_v4_TED01	esm	end	6
AF-A0A2U4Y0H0-F1-model_v4	AF-A0A2U4Y0H0-F1-model_v4_TED01	afdb	start	0
AF-A0A2U4Y0H0-F1-model_v4	AF-A0A2U4Y0H0-F1-model_v4_TED01	afdb	end	0
AF-A0A2U4Y0H0-F1-model_v4	AF-A0A2U4Y0H0-F1-model_v4_TED01	esm	start	0
AF-A0A2U4Y0H0-F1-model_v4	AF-A0A2U4Y0H0-F1-model_v4_TED01	esm	end	0
AF-A0A2B8BAY0-F1-model_v4	AF-A0A2B8BAY0-F1-model_v4_TED01	afdb	start	0
AF-A0A2B8BAY0-F1-model_v4	AF-A0A2B8BAY0-F1-model_v4_TED01	afdb	end	0
AF-A0A2B8BAY0-F1-model_v4	AF-A0A2B8BAY0-F1-model_v4_TED01	esm	start	-1
AF-A0A2B8BAY0-F1-model_v4	AF-A0A2B8BAY0-F1-model_v4_TED01	esm	end	-9
AF-A0A0A7KEU4-F1-model_v4	AF-A0A0A7KEU4-F1-model_v4_TED01	afdb	start	0
AF-A0A0A7KEU4-F1-model_v4	AF-A0A0A7KEU4-F1-model_v4_TED01	afdb	end	0
AF-A0A0A7KEU4-F1-model_v4	AF-A0A0A7KEU4-F1-model_v4_TED01	esm	start	4
AF-A0A0A7KEU4-F1-model_v4	AF-A0A0A7KEU4-F1-model_v4_TED01	esm	end	0
AF-A0A6B3QFP3-F1-model_v4	AF-A0A6B3QFP3-F1-model_v4_TED01	afdb	start	0
AF-A0A6B3QFP3-F1-model_v4	AF-A0A6B3QFP3-F1-model_v4_TED01	afdb	end	0
AF-A0A6B3QFP3-F1-model_v4	AF-A0A6B3QFP3-F1-model_v4_TED01	esm	start	0
AF-A0A6B3QFP3-F1-model_v4	AF-A0A6B3QFP3-F1-model_v4_TED01	esm	end	-1
AF-T0KWG7-F1-model_v4	AF-T0KWG7-F1-model_v4_TED01	afdb	start	0
AF-T0KWG7-F1-model_v4	AF-T0KWG7-F1-model_v4_TED01	afdb	end	0
AF-T0KWG7-F1-model_v4	AF-T0KWG7-F1-model_v4_TED01	afdb	start	0
AF-T0KWG7-F1-model_v4	AF-T0KWG7-F1-model_v4_TED01	afdb	end	0
AF-T0KWG7-F1-model_v4	AF-T0KWG7-F1-model_v4_TED02	afdb	start	0
AF-T0KWG7-F1-model_v4	AF-T0KWG7-F1-model_v4_TED02	afdb	end	0
AF-T0KWG7-F1-model_v4	AF-T0KWG7-F1-model_v4_TED02	afdb	start	0
AF-T0KWG7-F1-model_v4	AF-T0KWG7-F1-model_v4_TED02	afdb	end	0
AF-T0KWG7-F1-model_v4	AF-T0KWG7-F1-model_v4_TED03	afdb	start	0
AF-T0KWG7-F1-model_v4	AF-T0KWG7-F1-model_v4_TED03	afdb	end	0
AF-T0KWG7-F1-model_v4	AF-T0KWG7-F1-model_v4_TED03	afdb	start	0
AF-T0KWG7-F1-model_v4	AF-T0KWG7-F1-model_v4_TED03	afdb	end	0
AF-T0KWG7-F1-model_v4	AF-T0KWG7-F1-model_v4_TED01	esm	start	1
AF-T0KWG7-F1-model_v4	AF-T0KWG7-F1-model_v4_TED01	esm	end	2
AF-T0KWG7-F1-model_v4	AF-T0KWG7-F1-model_v4_TED01	esm	start	0
AF-T0KWG7-F1-model_v4	AF-T0KWG7-F1-model_v4_TED01	esm	end	-5
AF-T0KWG7-F1-model_v4	AF-T0KWG7-F1-model_v4_TED02	esm	start	0
AF-T0KWG7-F1-model_v4	AF-T0KWG7-F1-model_v4_TED02	esm	end	-1
AF-T0KWG7-F1-model_v4	AF-T0KWG7-F1-model_v4_TED02	esm	start	-2
AF-T0KWG7-F1-model_v4	AF-T0KWG7-F1-model_v4_TED02	esm	end	0
AF-T0KWG7-F1-model_v4	AF-T0KWG7-F1-model_v4_TED03	esm	start	-2
AF-T0KWG7-F1-model_v4	AF-T0KWG7-F1-model_v4_TED03	esm	end	1
AF-T0KWG7-F1-model_v4	AF-T0KWG7-F1-model_v4_TED03	esm	start	-1
AF-T0KWG7-F1-model_v4	AF-T0KWG7-F1-model_v4_TED03	esm	end	0
AF-A0A1D1XQM2-F1-model_v4	AF-A0A1D1XQM2-F1-model_v4_TED01	afdb	start	0
AF-A0A1D1XQM2-F1-model_v4	AF-A0A1D1XQM2-F1-model_v4_TED01	afdb	end	0
AF-A0A1D1XQM2-F1-model_v4	AF-A0A1D1XQM2-F1-model_v4_TED02	afdb	start	0
AF-A0A1D1XQM2-F1-model_v4	AF-A0A1D1XQM2-F1-model_v4_TED02	afdb	end	0
AF-A0A1D1XQM2-F1-model_v4	AF-A0A1D1XQM2-F1-model_v4_TED01	esm	start	-2
AF-A0A1D1XQM2-F1-model_v4	AF-A0A1D1XQM2-F1-model_v4_TED01	esm	end	0
AF-A0A1D1XQM2-F1-model_v4	AF-A0A1D1XQM2-F1-model_v4_TED02	esm	start	0
AF-A0A1D1XQM2-F1-model_v4	AF-A0A1D1XQM2-F1-model_v4_TED02	esm	end	0
AF-A0A3P8YG40-F1-model_v4	AF-A0A3P8YG40-F1-model_v4_TED01	afdb	start	0
AF-A0A3P8YG40-F1-model_v4	AF-A0A3P8YG40-F1-model_v4_TED01	afdb	end	0
AF-A0A3P8YG40-F1-model_v4	AF-A0A3P8YG40-F1-model_v4_TED02	afdb	start	0
AF-A0A3P8YG40-F1-model_v4	AF-A0A3P8YG40-F1-model_v4_TED02	afdb	end	0
AF-A0A3P8YG40-F1-model_v4	AF-A0A3P8YG40-F1-model_v4_TED01	esm	start	0
AF-A0A3P8YG40-F1-model_v4	AF-A0A3P8YG40-F1-model_v4_TED01	esm	end	2
AF-A0A3P8YG40-F1-model_v4	AF-A0A3P8YG40-F1-model_v4_TED02	esm	start	8
AF-A0A3P8YG40-F1-model_v4	AF-A0A3P8YG40-F1-model_v4_TED02	esm	end	0
AF-A0A1D8CZE8-F1-model_v4	AF-A0A1D8CZE8-F1-model_v4_TED01	afdb	start	0
AF-A0A1D8CZE8-F1-model_v4	AF-A0A1D8CZE8-F1-model_v4_TED01	afdb	end	0
AF-A0A1D8CZE8-F1-model_v4	AF-A0A1D8CZE8-F1-model_v4_TED01	esm	start	0
AF-A0A1D8CZE8-F1-model_v4	AF-A0A1D8CZE8-F1-model_v4_TED01	esm	end	0
AF-A0A2N6T0F9-F1-model_v4	AF-A0A2N6T0F9-F1-model_v4_TED01	afdb	start	0
AF-A0A2N6T0F9-F1-model_v4	AF-A0A2N6T0F9-F1-model_v4_TED01	afdb	end	0
AF-A0A8B6D1G4-F1-model_v4	AF-A0A8B6D1G4-F1-model_v4_TED01	afdb	start	0
AF-A0A8B6D1G4-F1-model_v4	AF-A0A8B6D1G4-F1-model_v4_TED01	afdb	end	0
AF-A0A8B6D1G4-F1-model_v4	AF-A0A8B6D1G4-F1-model_v4_TED01	afdb	start	0
AF-A0A8B6D1G4-F1-model_v4	AF-A0A8B6D1G4-F1-model_v4_TED01	afdb	end	0
AF-A0A8B6D1G4-F1-model_v4	AF-A0A8B6D1G4-F1-model_v4_TED02	afdb	start	0
AF-A0A8B6D1G4-F1-model_v4	AF-A0A8B6D1G4-F1-model_v4_TED02	afdb	end	0
AF-A0A8B6D1G4-F1-model_v4	AF-A0A8B6D1G4-F1-model_v4_TED01	esm	start	-17
AF-A0A8B6D1G4-F1-model_v4	AF-A0A8B6D1G4-F1-model_v4_TED01	esm	end	-36
AF-A0A8B6D1G4-F1-model_v4	AF-A0A8B6D1G4-F1-model_v4_TED01	esm	start	-45
AF-A0A8B6D1G4-F1-model_v4	AF-A0A8B6D1G4-F1-model_v4_TED01	esm	end	1
AF-A0A8B6D1G4-F1-model_v4	AF-A0A8B6D1G4-F1-model_v4_TED02	esm	start	3
AF-A0A8B6D1G4-F1-model_v4	AF-A0A8B6D1G4-F1-model_v4_TED02	esm	end	12
AF-A0A6C1S3N0-F1-model_v4	AF-A0A6C1S3N0-F1-model_v4_TED01	afdb	start	0
AF-A0A6C1S3N0-F1-model_v4	AF-A0A6C1S3N0-F1-model_v4_TED01	afdb	end	0
AF-A0A6C1S3N0-F1-model_v4	AF-A0A6C1S3N0-F1-model_v4_TED01	esm	start	-2
AF-A0A6C1S3N0-F1-model_v4	AF-A0A6C1S3N0-F1-model_v4_TED01	esm	end	-1
AF-A0A1I5VFZ6-F1-model_v4	AF-A0A1I5VFZ6-F1-model_v4_TED01	afdb	start	0
AF-A0A1I5VFZ6-F1-model_v4	AF-A0A1I5VFZ6-F1-model_v4_TED01	afdb	end	0
AF-A0A117NRQ3-F1-model_v4	AF-A0A117NRQ3-F1-model_v4_TED01	afdb	start	0
AF-A0A117NRQ3-F1-model_v4	AF-A0A117NRQ3-F1-model_v4_TED01	afdb	end	0
AF-A0A117NRQ3-F1-model_v4	AF-A0A117NRQ3-F1-model_v4_TED01	esm	start	0
AF-A0A117NRQ3-F1-model_v4	AF-A0A117NRQ3-F1-model_v4_TED01	esm	end	0
AF-M5FE95-F1-model_v4	AF-M5FE95-F1-model_v4_TED01	afdb	start	0
AF-M5FE95-F1-model_v4	AF-M5FE95-F1-model_v4_TED01	afdb	end	0
AF-M5FE95-F1-model_v4	AF-M5FE95-F1-model_v4_TED02	afdb	start	0
AF-M5FE95-F1-model_v4	AF-M5FE95-F1-model_v4_TED02	afdb	end	0
AF-M5FE95-F1-model_v4	AF-M5FE95-F1-model_v4_TED01	esm	start	-5
AF-M5FE95-F1-model_v4	AF-M5FE95-F1-model_v4_TED01	esm	end	0
AF-M5FE95-F1-model_v4	AF-M5FE95-F1-model_v4_TED02	esm	start	-5
AF-M5FE95-F1-model_v4	AF-M5FE95-F1-model_v4_TED02	esm	end	0
AF-A0A147HZJ2-F1-model_v4	AF-A0A147HZJ2-F1-model_v4_TED01	afdb	start	0
AF-A0A147HZJ2-F1-model_v4	AF-A0A147HZJ2-F1-model_v4_TED01	afdb	end	0
AF-A0A147HZJ2-F1-model_v4	AF-A0A147HZJ2-F1-model_v4_TED01	esm	start	1
AF-A0A147HZJ2-F1-model_v4	AF-A0A147HZJ2-F1-model_v4_TED01	esm	end	0
AF-A0A4R2KDB4-F1-model_v4	AF-A0A4R2KDB4-F1-model_v4_TED01	afdb	start	0
AF-A0A4R2KDB4-F1-model_v4	AF-A0A4R2KDB4-F1-model_v4_TED01	afdb	end	0
AF-A0A4R2KDB4-F1-model_v4	AF-A0A4R2KDB4-F1-model_v4_TED02	afdb	start	0
AF-A0A4R2KDB4-F1-model_v4	AF-A0A4R2KDB4-F1-model_v4_TED02	afdb	end	0
AF-A0A4R2KDB4-F1-model_v4	AF-A0A4R2KDB4-F1-model_v4_TED03	afdb	start	0
AF-A0A4R2KDB4-F1-model_v4	AF-A0A4R2KDB4-F1-model_v4_TED03	afdb	end	0
AF-A0A4R2KDB4-F1-model_v4	AF-A0A4R2KDB4-F1-model_v4_TED01	esm	start	0
AF-A0A4R2KDB4-F1-model_v4	AF-A0A4R2KDB4-F1-model_v4_TED01	esm	end	15
AF-A0A4R2KDB4-F1-model_v4	AF-A0A4R2KDB4-F1-model_v4_TED02	esm	start	-9
AF-A0A4R2KDB4-F1-model_v4	AF-A0A4R2KDB4-F1-model_v4_TED02	esm	end	0
AF-A0A4R2KDB4-F1-model_v4	AF-A0A4R2KDB4-F1-model_v4_TED03	esm	start	0
AF-A0A4R2KDB4-F1-model_v4	AF-A0A4R2KDB4-F1-model_v4_TED03	esm	end	0
AF-A0A4Q0PAJ8-F1-model_v4	AF-A0A4Q0PAJ8-F1-model_v4_TED01	afdb	start	0
AF-A0A4Q0PAJ8-F1-model_v4	AF-A0A4Q0PAJ8-F1-model_v4_TED01	afdb	end	0
AF-A0A4Q0PAJ8-F1-model_v4	AF-A0A4Q0PAJ8-F1-model_v4_TED02	afdb	start	0
AF-A0A4Q0PAJ8-F1-model_v4	AF-A0A4Q0PAJ8-F1-model_v4_TED02	afdb	end	0
AF-A0A4Q0PAJ8-F1-model_v4	AF-A0A4Q0PAJ8-F1-model_v4_TED01	esm	start	0
AF-A0A4Q0PAJ8-F1-model_v4	AF-A0A4Q0PAJ8-F1-model_v4_TED01	esm	end	0
AF-A0A4Q0PAJ8-F1-model_v4	AF-A0A4Q0PAJ8-F1-model_v4_TED02	esm	start	0
AF-A0A4Q0PAJ8-F1-model_v4	AF-A0A4Q0PAJ8-F1-model_v4_TED02	esm	end	-3
AF-A0A6M7UFV7-F1-model_v4	AF-A0A6M7UFV7-F1-model_v4_TED01	afdb	start	0
AF-A0A6M7UFV7-F1-model_v4	AF-A0A6M7UFV7-F1-model_v4_TED01	afdb	end	0
AF-A0A6M7UFV7-F1-model_v4	AF-A0A6M7UFV7-F1-model_v4_TED01	afdb	start	0
AF-A0A6M7UFV7-F1-model_v4	AF-A0A6M7UFV7-F1-model_v4_TED01	afdb	end	0
AF-A0A6M7UFV7-F1-model_v4	AF-A0A6M7UFV7-F1-model_v4_TED01	afdb	start	0
AF-A0A6M7UFV7-F1-model_v4	AF-A0A6M7UFV7-F1-model_v4_TED01	afdb	end	0
AF-A0A6A8HVJ3-F1-model_v4	AF-A0A6A8HVJ3-F1-model_v4_TED01	afdb	start	0
AF-A0A6A8HVJ3-F1-model_v4	AF-A0A6A8HVJ3-F1-model_v4_TED01	afdb	end	0
AF-A0A6A8HVJ3-F1-model_v4	AF-A0A6A8HVJ3-F1-model_v4_TED01	esm	start	0
AF-A0A6A8HVJ3-F1-model_v4	AF-A0A6A8HVJ3-F1-model_v4_TED01	esm	end	0
AF-A0A537IW03-F1-model_v4	AF-A0A537IW03-F1-model_v4_TED01	afdb	start	0
AF-A0A537IW03-F1-model_v4	AF-A0A537IW03-F1-model_v4_TED01	afdb	end	0
AF-A0A537IW03-F1-model_v4	AF-A0A537IW03-F1-model_v4_TED01	esm	start	0
AF-A0A537IW03-F1-model_v4	AF-A0A537IW03-F1-model_v4_TED01	esm	end	0
AF-A0A0B5HFW1-F1-model_v4	AF-A0A0B5HFW1-F1-model_v4_TED01	afdb	start	0
AF-A0A0B5HFW1-F1-model_v4	AF-A0A0B5HFW1-F1-model_v4_TED01	afdb	end	0
AF-A0A0B5HFW1-F1-model_v4	AF-A0A0B5HFW1-F1-model_v4_TED02	afdb	start	0
AF-A0A0B5HFW1-F1-model_v4	AF-A0A0B5HFW1-F1-model_v4_TED02	afdb	end	0
AF-A0A0B5HFW1-F1-model_v4	AF-A0A0B5HFW1-F1-model_v4_TED01	esm	start	0
AF-A0A0B5HFW1-F1-model_v4	AF-A0A0B5HFW1-F1-model_v4_TED01	esm	end	-1
AF-A0A0B5HFW1-F1-model_v4	AF-A0A0B5HFW1-F1-model_v4_TED02	esm	start	-2
AF-A0A0B5HFW1-F1-model_v4	AF-A0A0B5HFW1-F1-model_v4_TED02	esm	end	-3
AF-A0A0D3N9S4-F1-model_v4	AF-A0A0D3N9S4-F1-model_v4_TED01	afdb	start	0
AF-A0A0D3N9S4-F1-model_v4	AF-A0A0D3N9S4-F1-model_v4_TED01	afdb	end	0
AF-A0A0D3N9S4-F1-model_v4	AF-A0A0D3N9S4-F1-model_v4_TED01	esm	start	-3
AF-A0A0D3N9S4-F1-model_v4	AF-A0A0D3N9S4-F1-model_v4_TED01	esm	end	4
AF-A0A7H8M0R4-F1-model_v4	AF-A0A7H8M0R4-F1-model_v4_TED01	afdb	start	0
AF-A0A7H8M0R4-F1-model_v4	AF-A0A7H8M0R4-F1-model_v4_TED01	afdb	end	0
AF-A0A7H8M0R4-F1-model_v4	AF-A0A7H8M0R4-F1-model_v4_TED01	esm	start	0
AF-A0A7H8M0R4-F1-model_v4	AF-A0A7H8M0R4-F1-model_v4_TED01	esm	end	1
AF-F3AZR4-F1-model_v4	AF-F3AZR4-F1-model_v4_TED01	afdb	start	0
AF-F3AZR4-F1-model_v4	AF-F3AZR4-F1-model_v4_TED01	afdb	end	0
AF-F3AZR4-F1-model_v4	AF-F3AZR4-F1-model_v4_TED01	afdb	start	0
AF-F3AZR4-F1-model_v4	AF-F3AZR4-F1-model_v4_TED01	afdb	end	0
AF-F3AZR4-F1-model_v4	AF-F3AZR4-F1-model_v4_TED02	afdb	start	0
AF-F3AZR4-F1-model_v4	AF-F3AZR4-F1-model_v4_TED02	afdb	end	0
AF-F3AZR4-F1-model_v4	AF-F3AZR4-F1-model_v4_TED02	afdb	start	0
AF-F3AZR4-F1-model_v4	AF-F3AZR4-F1-model_v4_TED02	afdb	end	0
AF-F3AZR4-F1-model_v4	AF-F3AZR4-F1-model_v4_TED03	afdb	start	0
AF-F3AZR4-F1-model_v4	AF-F3AZR4-F1-model_v4_TED03	afdb	end	0
AF-F3AZR4-F1-model_v4	AF-F3AZR4-F1-model_v4_TED01	esm	start	0
AF-F3AZR4-F1-model_v4	AF-F3AZR4-F1-model_v4_TED01	esm	end	-91
AF-F3AZR4-F1-model_v4	AF-F3AZR4-F1-model_v4_TED01	esm	start	105
AF-F3AZR4-F1-model_v4	AF-F3AZR4-F1-model_v4_TED01	esm	end	-3
AF-F3AZR4-F1-model_v4	AF-F3AZR4-F1-model_v4_TED02	esm	start	-16
AF-F3AZR4-F1-model_v4	AF-F3AZR4-F1-model_v4_TED02	esm	end	0
AF-F3AZR4-F1-model_v4	AF-F3AZR4-F1-model_v4_TED02	esm	start	1
AF-F3AZR4-F1-model_v4	AF-F3AZR4-F1-model_v4_TED02	esm	end	5
AF-F3AZR4-F1-model_v4	AF-F3AZR4-F1-model_v4_TED03	esm	start	0
AF-F3AZR4-F1-model_v4	AF-F3AZR4-F1-model_v4_TED03	esm	end	0
AF-A0A6A5KJH9-F1-model_v4	AF-A0A6A5KJH9-F1-model_v4_TED01	afdb	start	0
AF-A0A6A5KJH9-F1-model_v4	AF-A0A6A5KJH9-F1-model_v4_TED01	afdb	end	0
AF-A0A6A5KJH9-F1-model_v4	AF-A0A6A5KJH9-F1-model_v4_TED02	afdb	start	0
AF-A0A6A5KJH9-F1-model_v4	AF-A0A6A5KJH9-F1-model_v4_TED02	afdb	end	0
AF-A0A6A5KJH9-F1-model_v4	AF-A0A6A5KJH9-F1-model_v4_TED01	esm	start	0
AF-A0A6A5KJH9-F1-model_v4	AF-A0A6A5KJH9-F1-model_v4_TED01	esm	end	0
AF-A0A6A5KJH9-F1-model_v4	AF-A0A6A5KJH9-F1-model_v4_TED02	esm	start	0
AF-A0A6A5KJH9-F1-model_v4	AF-A0A6A5KJH9-F1-model_v4_TED02	esm	end	0
AF-A0A0F9HYX4-F1-model_v4	AF-A0A0F9HYX4-F1-model_v4_TED01	afdb	start	0
AF-A0A0F9HYX4-F1-model_v4	AF-A0A0F9HYX4-F1-model_v4_TED01	afdb	end	0
AF-A0A0F9HYX4-F1-model_v4	AF-A0A0F9HYX4-F1-model_v4_TED02	afdb	start	0
AF-A0A0F9HYX4-F1-model_v4	AF-A0A0F9HYX4-F1-model_v4_TED02	afdb	end	0
AF-A0A0F9HYX4-F1-model_v4	AF-A0A0F9HYX4-F1-model_v4_TED01	esm	start	2
AF-A0A0F9HYX4-F1-model_v4	AF-A0A0F9HYX4-F1-model_v4_TED01	esm	end	34
AF-A0A090T0D0-F1-model_v4	AF-A0A090T0D0-F1-model_v4_TED01	afdb	start	0
AF-A0A090T0D0-F1-model_v4	AF-A0A090T0D0-F1-model_v4_TED01	afdb	end	0
AF-A0A090T0D0-F1-model_v4	AF-A0A090T0D0-F1-model_v4_TED01	afdb	start	0
AF-A0A090T0D0-F1-model_v4	AF-A0A090T0D0-F1-model_v4_TED01	afdb	end	0
AF-A0A090T0D0-F1-model_v4	AF-A0A090T0D0-F1-model_v4_TED01	esm	start	1
AF-A0A090T0D0-F1-model_v4	AF-A0A090T0D0-F1-model_v4_TED01	esm	end	2
AF-A0A090T0D0-F1-model_v4	AF-A0A090T0D0-F1-model_v4_TED01	esm	start	3
AF-A0A090T0D0-F1-model_v4	AF-A0A090T0D0-F1-model_v4_TED01	esm	end	5
AF-A0A6B3EST9-F1-model_v4	AF-A0A6B3EST9-F1-model_v4_TED01	afdb	start	0
AF-A0A6B3EST9-F1-model_v4	AF-A0A6B3EST9-F1-model_v4_TED01	afdb	end	0
AF-A0A6B3EST9-F1-model_v4	AF-A0A6B3EST9-F1-model_v4_TED01	esm	start	-8
AF-A0A6B3EST9-F1-model_v4	AF-A0A6B3EST9-F1-model_v4_TED01	esm	end	10
AF-A0A315SW88-F1-model_v4	AF-A0A315SW88-F1-model_v4_TED01	afdb	start	0
AF-A0A315SW88-F1-model_v4	AF-A0A315SW88-F1-model_v4_TED01	afdb	end	0
AF-A0A315SW88-F1-model_v4	AF-A0A315SW88-F1-model_v4_TED02	afdb	start	0
AF-A0A315SW88-F1-model_v4	AF-A0A315SW88-F1-model_v4_TED02	afdb	end	0
AF-A0A315SW88-F1-model_v4	AF-A0A315SW88-F1-model_v4_TED01	esm	start	0
AF-A0A315SW88-F1-model_v4	AF-A0A315SW88-F1-model_v4_TED01	esm	end	-12
AF-A0A315SW88-F1-model_v4	AF-A0A315SW88-F1-model_v4_TED02	esm	start	0
AF-A0A315SW88-F1-model_v4	AF-A0A315SW88-F1-model_v4_TED02	esm	end	0
AF-A0A1Y5GLH8-F1-model_v4	AF-A0A1Y5GLH8-F1-model_v4_TED01	afdb	start	0
AF-A0A1Y5GLH8-F1-model_v4	AF-A0A1Y5GLH8-F1-model_v4_TED01	afdb	end	0
AF-A0A1Y5GLH8-F1-model_v4	AF-A0A1Y5GLH8-F1-model_v4_TED01	afdb	start	0
AF-A0A1Y5GLH8-F1-model_v4	AF-A0A1Y5GLH8-F1-model_v4_TED01	afdb	end	0
AF-A0A1Y5GLH8-F1-model_v4	AF-A0A1Y5GLH8-F1-model_v4_TED02	afdb	start	0
AF-A0A1Y5GLH8-F1-model_v4	AF-A0A1Y5GLH8-F1-model_v4_TED02	afdb	end	0
AF-A0A1Y5GLH8-F1-model_v4	AF-A0A1Y5GLH8-F1-model_v4_TED01	esm	start	7
AF-A0A1Y5GLH8-F1-model_v4	AF-A0A1Y5GLH8-F1-model_v4_TED01	esm	end	0
AF-A0A1Y5GLH8-F1-model_v4	AF-A0A1Y5GLH8-F1-model_v4_TED01	esm	start	1
AF-A0A1Y5GLH8-F1-model_v4	AF-A0A1Y5GLH8-F1-model_v4_TED01	esm	end	0
AF-A0A1Y5GLH8-F1-model_v4	AF-A0A1Y5GLH8-F1-model_v4_TED02	esm	start	0
AF-A0A1Y5GLH8-F1-model_v4	AF-A0A1Y5GLH8-F1-model_v4_TED02	esm	end	0
AF-A0A6J4E9M4-F1-model_v4	AF-A0A6J4E9M4-F1-model_v4_TED01	afdb	start	0
AF-A0A6J4E9M4-F1-model_v4	AF-A0A6J4E9M4-F1-model_v4_TED01	afdb	end	0
AF-A0A6J4E9M4-F1-model_v4	AF-A0A6J4E9M4-F1-model_v4_TED02	afdb	start	0
AF-A0A6J4E9M4-F1-model_v4	AF-A0A6J4E9M4-F1-model_v4_TED02	afdb	end	0
AF-A0A6J4E9M4-F1-model_v4	AF-A0A6J4E9M4-F1-model_v4_TED02	afdb	start	0
AF-A0A6J4E9M4-F1-model_v4	AF-A0A6J4E9M4-F1-model_v4_TED02	afdb	end	0
AF-A0A6J4E9M4-F1-model_v4	AF-A0A6J4E9M4-F1-model_v4_TED03	afdb	start	0
AF-A0A6J4E9M4-F1-model_v4	AF-A0A6J4E9M4-F1-model_v4_TED03	afdb	end	0
AF-A0A6J4E9M4-F1-model_v4	AF-A0A6J4E9M4-F1-model_v4_TED01	esm	start	0
AF-A0A6J4E9M4-F1-model_v4	AF-A0A6J4E9M4-F1-model_v4_TED01	esm	end	20
AF-A0A6J4E9M4-F1-model_v4	AF-A0A6J4E9M4-F1-model_v4_TED02	esm	start	4
AF-A0A6J4E9M4-F1-model_v4	AF-A0A6J4E9M4-F1-model_v4_TED02	esm	end	12
AF-A0A6J4E9M4-F1-model_v4	AF-A0A6J4E9M4-F1-model_v4_TED02	esm	start	-5
AF-A0A6J4E9M4-F1-model_v4	AF-A0A6J4E9M4-F1-model_v4_TED02	esm	end	0
AF-A0A6J4E9M4-F1-model_v4	AF-A0A6J4E9M4-F1-model_v4_TED03	esm	start	0
AF-A0A6J4E9M4-F1-model_v4	AF-A0A6J4E9M4-F1-model_v4_TED03	esm	end	1
AF-A0A2G4IWQ0-F1-model_v4	AF-A0A2G4IWQ0-F1-model_v4_TED01	afdb	start	0
AF-A0A2G4IWQ0-F1-model_v4	AF-A0A2G4IWQ0-F1-model_v4_TED01	afdb	end	0
AF-A0A2G4IWQ0-F1-model_v4	AF-A0A2G4IWQ0-F1-model_v4_TED02	afdb	start	0
AF-A0A2G4IWQ0-F1-model_v4	AF-A0A2G4IWQ0-F1-model_v4_TED02	afdb	end	0
AF-A0A5C3P064-F1-model_v4	AF-A0A5C3P064-F1-model_v4_TED01	afdb	start	0
AF-A0A5C3P064-F1-model_v4	AF-A0A5C3P064-F1-model_v4_TED01	afdb	end	0
AF-A0A5C3P064-F1-model_v4	AF-A0A5C3P064-F1-model_v4_TED01	afdb	start	0
AF-A0A5C3P064-F1-model_v4	AF-A0A5C3P064-F1-model_v4_TED01	afdb	end	0
AF-A0A5C3P064-F1-model_v4	AF-A0A5C3P064-F1-model_v4_TED01	esm	start	19
AF-A0A5C3P064-F1-model_v4	AF-A0A5C3P064-F1-model_v4_TED01	esm	end	4
AF-A0A5C3P064-F1-model_v4	AF-A0A5C3P064-F1-model_v4_TED01	esm	start	2
AF-A0A5C3P064-F1-model_v4	AF-A0A5C3P064-F1-model_v4_TED01	esm	end	-7
AF-A0A7W7Z0U7-F1-model_v4	AF-A0A7W7Z0U7-F1-model_v4_TED01	afdb	start	0
AF-A0A7W7Z0U7-F1-model_v4	AF-A0A7W7Z0U7-F1-model_v4_TED01	afdb	end	0
AF-A0A7W7Z0U7-F1-model_v4	AF-A0A7W7Z0U7-F1-model_v4_TED02	afdb	start	0
AF-A0A7W7Z0U7-F1-model_v4	AF-A0A7W7Z0U7-F1-model_v4_TED02	afdb	end	0
AF-A0A7W7Z0U7-F1-model_v4	AF-A0A7W7Z0U7-F1-model_v4_TED03	afdb	start	0
AF-A0A7W7Z0U7-F1-model_v4	AF-A0A7W7Z0U7-F1-model_v4_TED03	afdb	end	0
AF-A0A7W7Z0U7-F1-model_v4	AF-A0A7W7Z0U7-F1-model_v4_TED01	esm	start	0
AF-A0A7W7Z0U7-F1-model_v4	AF-A0A7W7Z0U7-F1-model_v4_TED01	esm	end	-3
AF-A0A7W7Z0U7-F1-model_v4	AF-A0A7W7Z0U7-F1-model_v4_TED02	esm	start	0
AF-A0A7W7Z0U7-F1-model_v4	AF-A0A7W7Z0U7-F1-model_v4_TED02	esm	end	0
AF-A0A7W7Z0U7-F1-model_v4	AF-A0A7W7Z0U7-F1-model_v4_TED03	esm	start	0
AF-A0A7W7Z0U7-F1-model_v4	AF-A0A7W7Z0U7-F1-model_v4_TED03	esm	end	0
AF-A0A1I0V129-F1-model_v4	AF-A0A1I0V129-F1-model_v4_TED01	afdb	start	0
AF-A0A1I0V129-F1-model_v4	AF-A0A1I0V129-F1-model_v4_TED01	afdb	end	0
AF-A0A1I0V129-F1-model_v4	AF-A0A1I0V129-F1-model_v4_TED02	afdb	start	0
AF-A0A1I0V129-F1-model_v4	AF-A0A1I0V129-F1-model_v4_TED02	afdb	end	0
AF-A0A1I0V129-F1-model_v4	AF-A0A1I0V129-F1-model_v4_TED01	esm	start	0
AF-A0A1I0V129-F1-model_v4	AF-A0A1I0V129-F1-model_v4_TED01	esm	end	3
AF-A0A1I0V129-F1-model_v4	AF-A0A1I0V129-F1-model_v4_TED02	esm	start	-5
AF-A0A1I0V129-F1-model_v4	AF-A0A1I0V129-F1-model_v4_TED02	esm	end	1
AF-A0A5B0ANM8-F1-model_v4	AF-A0A5B0ANM8-F1-model_v4_TED01	afdb	start	0
AF-A0A5B0ANM8-F1-model_v4	AF-A0A5B0ANM8-F1-model_v4_TED01	afdb	end	0
AF-A0A5B0ANM8-F1-model_v4	AF-A0A5B0ANM8-F1-model_v4_TED01	afdb	start	0
AF-A0A5B0ANM8-F1-model_v4	AF-A0A5B0ANM8-F1-model_v4_TED01	afdb	end	0
AF-A0A5B0ANM8-F1-model_v4	AF-A0A5B0ANM8-F1-model_v4_TED02	afdb	start	0
AF-A0A5B0ANM8-F1-model_v4	AF-A0A5B0ANM8-F1-model_v4_TED02	afdb	end	0
AF-A0A5B0ANM8-F1-model_v4	AF-A0A5B0ANM8-F1-model_v4_TED03	afdb	start	0
AF-A0A5B0ANM8-F1-model_v4	AF-A0A5B0ANM8-F1-model_v4_TED03	afdb	end	0
AF-A0A5B0ANM8-F1-model_v4	AF-A0A5B0ANM8-F1-model_v4_TED04	afdb	start	0
AF-A0A5B0ANM8-F1-model_v4	AF-A0A5B0ANM8-F1-model_v4_TED04	afdb	end	0
AF-A0A5B0ANM8-F1-model_v4	AF-A0A5B0ANM8-F1-model_v4_TED01	esm	start	173
AF-A0A5B0ANM8-F1-model_v4	AF-A0A5B0ANM8-F1-model_v4_TED01	esm	end	165
AF-A0A5B0ANM8-F1-model_v4	AF-A0A5B0ANM8-F1-model_v4_TED01	esm	start	7
AF-A0A5B0ANM8-F1-model_v4	AF-A0A5B0ANM8-F1-model_v4_TED01	esm	end	0
AF-A0A5B0ANM8-F1-model_v4	AF-A0A5B0ANM8-F1-model_v4_TED02	esm	start	0
AF-A0A5B0ANM8-F1-model_v4	AF-A0A5B0ANM8-F1-model_v4_TED02	esm	end	0
AF-A0A5B0ANM8-F1-model_v4	AF-A0A5B0ANM8-F1-model_v4_TED03	esm	start	0
AF-A0A5B0ANM8-F1-model_v4	AF-A0A5B0ANM8-F1-model_v4_TED03	esm	end	0
AF-A0A5B0ANM8-F1-model_v4	AF-A0A5B0ANM8-F1-model_v4_TED04	esm	start	-2
AF-A0A5B0ANM8-F1-model_v4	AF-A0A5B0ANM8-F1-model_v4_TED04	esm	end	0
AF-A0A1V4BUG4-F1-model_v4	AF-A0A1V4BUG4-F1-model_v4_TED01	afdb	start	0
AF-A0A1V4BUG4-F1-model_v4	AF-A0A1V4BUG4-F1-model_v4_TED01	afdb	end	0
AF-A0A1V4BUG4-F1-model_v4	AF-A0A1V4BUG4-F1-model_v4_TED01	esm	start	-13
AF-A0A1V4BUG4-F1-model_v4	AF-A0A1V4BUG4-F1-model_v4_TED01	esm	end	17
AF-G4Z6Y1-F1-model_v4	AF-G4Z6Y1-F1-model_v4_TED01	afdb	start	0
AF-G4Z6Y1-F1-model_v4	AF-G4Z6Y1-F1-model_v4_TED01	afdb	end	0
AF-G4Z6Y1-F1-model_v4	AF-G4Z6Y1-F1-model_v4_TED01	esm	start	2
AF-G4Z6Y1-F1-model_v4	AF-G4Z6Y1-F1-model_v4_TED01	esm	end	0
AF-A0A840BN61-F1-model_v4	AF-A0A840BN61-F1-model_v4_TED01	afdb	start	0
AF-A0A840BN61-F1-model_v4	AF-A0A840BN61-F1-model_v4_TED01	afdb	end	0
AF-A0A840BN61-F1-model_v4	AF-A0A840BN61-F1-model_v4_TED01	afdb	start	0
AF-A0A840BN61-F1-model_v4	AF-A0A840BN61-F1-model_v4_TED01	afdb	end	0
AF-A0A840BN61-F1-model_v4	AF-A0A840BN61-F1-model_v4_TED01	esm	start	34
AF-A0A840BN61-F1-model_v4	AF-A0A840BN61-F1-model_v4_TED01	esm	end	20
AF-A0A840BN61-F1-model_v4	AF-A0A840BN61-F1-model_v4_TED01	esm	start	12
AF-A0A840BN61-F1-model_v4	AF-A0A840BN61-F1-model_v4_TED01	esm	end	6
AF-A0A836KRQ1-F1-model_v4	AF-A0A836KRQ1-F1-model_v4_TED01	afdb	start	0
AF-A0A836KRQ1-F1-model_v4	AF-A0A836KRQ1-F1-model_v4_TED01	afdb	end	0
AF-A0A836KRQ1-F1-model_v4	AF-A0A836KRQ1-F1-model_v4_TED01	esm	start	0
AF-A0A836KRQ1-F1-model_v4	AF-A0A836KRQ1-F1-model_v4_TED01	esm	end	0
AF-A0A0N4UGS7-F1-model_v4	AF-A0A0N4UGS7-F1-model_v4_TED01	afdb	start	0
AF-A0A0N4UGS7-F1-model_v4	AF-A0A0N4UGS7-F1-model_v4_TED01	afdb	end	0
AF-A0A0N4UGS7-F1-model_v4	AF-A0A0N4UGS7-F1-model_v4_TED02	afdb	start	0
AF-A0A0N4UGS7-F1-model_v4	AF-A0A0N4UGS7-F1-model_v4_TED02	afdb	end	-1
AF-A0A0N4UGS7-F1-model_v4	AF-A0A0N4UGS7-F1-model_v4_TED01	esm	start	1
AF-A0A0N4UGS7-F1-model_v4	AF-A0A0N4UGS7-F1-model_v4_TED01	esm	end	0
AF-A0A0N4UGS7-F1-model_v4	AF-A0A0N4UGS7-F1-model_v4_TED02	esm	start	0
AF-A0A0N4UGS7-F1-model_v4	AF-A0A0N4UGS7-F1-model_v4_TED02	esm	end	0
AF-A0A6J3YSD3-F1-model_v4	AF-A0A6J3YSD3-F1-model_v4_TED01	afdb	start	0
AF-A0A6J3YSD3-F1-model_v4	AF-A0A6J3YSD3-F1-model_v4_TED01	afdb	end	0
AF-A0A6J3YSD3-F1-model_v4	AF-A0A6J3YSD3-F1-model_v4_TED01	esm	start	0
AF-A0A6J3YSD3-F1-model_v4	AF-A0A6J3YSD3-F1-model_v4_TED01	esm	end	0
AF-A0A2U1B6I2-F1-model_v4	AF-A0A2U1B6I2-F1-model_v4_TED01	afdb	start	0
AF-A0A2U1B6I2-F1-model_v4	AF-A0A2U1B6I2-F1-model_v4_TED01	afdb	end	0
AF-A0A2U1B6I2-F1-model_v4	AF-A0A2U1B6I2-F1-model_v4_TED01	afdb	start	0
AF-A0A2U1B6I2-F1-model_v4	AF-A0A2U1B6I2-F1-model_v4_TED01	afdb	end	0
AF-A0A2U1B6I2-F1-model_v4	AF-A0A2U1B6I2-F1-model_v4_TED01	esm	start	0
AF-A0A2U1B6I2-F1-model_v4	AF-A0A2U1B6I2-F1-model_v4_TED01	esm	end	4
AF-A0A2U1B6I2-F1-model_v4	AF-A0A2U1B6I2-F1-model_v4_TED01	esm	start	-5
AF-A0A2U1B6I2-F1-model_v4	AF-A0A2U1B6I2-F1-model_v4_TED01	esm	end	1
AF-A0A0A8EQ00-F1-model_v4	AF-A0A0A8EQ00-F1-model_v4_TED01	afdb	start	0
AF-A0A0A8EQ00-F1-model_v4	AF-A0A0A8EQ00-F1-model_v4_TED01	afdb	end	0
AF-A0A0A8EQ00-F1-model_v4	AF-A0A0A8EQ00-F1-model_v4_TED01	afdb	start	0
AF-A0A0A8EQ00-F1-model_v4	AF-A0A0A8EQ00-F1-model_v4_TED01	afdb	end	0
AF-A0A0A8EQ00-F1-model_v4	AF-A0A0A8EQ00-F1-model_v4_TED01	afdb	start	0
AF-A0A0A8EQ00-F1-model_v4	AF-A0A0A8EQ00-F1-model_v4_TED01	afdb	end	0
AF-A0A0A8EQ00-F1-model_v4	AF-A0A0A8EQ00-F1-model_v4_TED01	esm	start	3
AF-A0A0A8EQ00-F1-model_v4	AF-A0A0A8EQ00-F1-model_v4_TED01	esm	end	1
AF-A0A0A8EQ00-F1-model_v4	AF-A0A0A8EQ00-F1-model_v4_TED01	esm	start	0
AF-A0A0A8EQ00-F1-model_v4	AF-A0A0A8EQ00-F1-model_v4_TED01	esm	end	-42
AF-A0A0A8EQ00-F1-model_v4	AF-A0A0A8EQ00-F1-model_v4_TED01	esm	start	-73
AF-A0A0A8EQ00-F1-model_v4	AF-A0A0A8EQ00-F1-model_v4_TED01	esm	end	7
AF-E6WZL3-F1-model_v4	AF-E6WZL3-F1-model_v4_TED01	afdb	start	0
AF-E6WZL3-F1-model_v4	AF-E6WZL3-F1-model_v4_TED01	afdb	end	0
AF-E6WZL3-F1-model_v4	AF-E6WZL3-F1-model_v4_TED02	afdb	start	0
AF-E6WZL3-F1-model_v4	AF-E6WZL3-F1-model_v4_TED02	afdb	end	0
AF-E6WZL3-F1-model_v4	AF-E6WZL3-F1-model_v4_TED03	afdb	start	0
AF-E6WZL3-F1-model_v4	AF-E6WZL3-F1-model_v4_TED03	afdb	end	0
AF-E6WZL3-F1-model_v4	AF-E6WZL3-F1-model_v4_TED01	esm	start	3
AF-E6WZL3-F1-model_v4	AF-E6WZL3-F1-model_v4_TED01	esm	end	0
AF-E6WZL3-F1-model_v4	AF-E6WZL3-F1-model_v4_TED02	esm	start	-1
AF-E6WZL3-F1-model_v4	AF-E6WZL3-F1-model_v4_TED02	esm	end	0
AF-E6WZL3-F1-model_v4	AF-E6WZL3-F1-model_v4_TED03	esm	start	0
AF-E6WZL3-F1-model_v4	AF-E6WZL3-F1-model_v4_TED03	esm	end	0
AF-A0A5B1BUM6-F1-model_v4	AF-A0A5B1BUM6-F1-model_v4_TED01	afdb	start	0
AF-A0A5B1BUM6-F1-model_v4	AF-A0A5B1BUM6-F1-model_v4_TED01	afdb	end	0
AF-A0A5B1BUM6-F1-model_v4	AF-A0A5B1BUM6-F1-model_v4_TED01	esm	start	5
AF-A0A5B1BUM6-F1-model_v4	AF-A0A5B1BUM6-F1-model_v4_TED01	esm	end	2
AF-A0A396GH09-F1-model_v4	AF-A0A396GH09-F1-model_v4_TED01	afdb	start	0
AF-A0A396GH09-F1-model_v4	AF-A0A396GH09-F1-model_v4_TED01	afdb	end	0
AF-A0A396GH09-F1-model_v4	AF-A0A396GH09-F1-model_v4_TED01	afdb	start	0
AF-A0A396GH09-F1-model_v4	AF-A0A396GH09-F1-model_v4_TED01	afdb	end	0
AF-A0A396GH09-F1-model_v4	AF-A0A396GH09-F1-model_v4_TED02	afdb	start	0
AF-A0A396GH09-F1-model_v4	AF-A0A396GH09-F1-model_v4_TED02	afdb	end	0
AF-A0A396GH09-F1-model_v4	AF-A0A396GH09-F1-model_v4_TED02	afdb	start	0
AF-A0A396GH09-F1-model_v4	AF-A0A396GH09-F1-model_v4_TED02	afdb	end	0
AF-A0A396GH09-F1-model_v4	AF-A0A396GH09-F1-model_v4_TED02	esm	start	-36
AF-A0A396GH09-F1-model_v4	AF-A0A396GH09-F1-model_v4_TED02	esm	end	-80
AF-A0A396GH09-F1-model_v4	AF-A0A396GH09-F1-model_v4_TED02	esm	start	91
AF-A0A396GH09-F1-model_v4	AF-A0A396GH09-F1-model_v4_TED02	esm	end	3
AF-A0A1D3JQW4-F1-model_v4	AF-A0A1D3JQW4-F1-model_v4_TED01	afdb	start	0
AF-A0A1D3JQW4-F1-model_v4	AF-A0A1D3JQW4-F1-model_v4_TED01	afdb	end	0
AF-A0A2V7WHB6-F1-model_v4	AF-A0A2V7WHB6-F1-model_v4_TED01	afdb	start	0
AF-A0A2V7WHB6-F1-model_v4	AF-A0A2V7WHB6-F1-model_v4_TED01	afdb	end	0
AF-A0A2V7WHB6-F1-model_v4	AF-A0A2V7WHB6-F1-model_v4_TED02	afdb	start	0
AF-A0A2V7WHB6-F1-model_v4	AF-A0A2V7WHB6-F1-model_v4_TED02	afdb	end	0
AF-A0A2V7WHB6-F1-model_v4	AF-A0A2V7WHB6-F1-model_v4_TED01	esm	start	1
AF-A0A2V7WHB6-F1-model_v4	AF-A0A2V7WHB6-F1-model_v4_TED01	esm	end	-3
AF-A0A2V7WHB6-F1-model_v4	AF-A0A2V7WHB6-F1-model_v4_TED02	esm	start	0
AF-A0A2V7WHB6-F1-model_v4	AF-A0A2V7WHB6-F1-model_v4_TED02	esm	end	1
AF-A0A2G3K5M2-F1-model_v4	AF-A0A2G3K5M2-F1-model_v4_TED01	afdb	start	0
AF-A0A2G3K5M2-F1-model_v4	AF-A0A2G3K5M2-F1-model_v4_TED01	afdb	end	0
AF-A0A2G3K5M2-F1-model_v4	AF-A0A2G3K5M2-F1-model_v4_TED02	afdb	start	0
AF-A0A2G3K5M2-F1-model_v4	AF-A0A2G3K5M2-F1-model_v4_TED02	afdb	end	0
AF-A0A2G3K5M2-F1-model_v4	AF-A0A2G3K5M2-F1-model_v4_TED03	afdb	start	0
AF-A0A2G3K5M2-F1-model_v4	AF-A0A2G3K5M2-F1-model_v4_TED03	afdb	end	0
AF-A0A2G3K5M2-F1-model_v4	AF-A0A2G3K5M2-F1-model_v4_TED01	esm	start	0
AF-A0A2G3K5M2-F1-model_v4	AF-A0A2G3K5M2-F1-model_v4_TED01	esm	end	2
AF-A0A2G3K5M2-F1-model_v4	AF-A0A2G3K5M2-F1-model_v4_TED02	esm	start	0
AF-A0A2G3K5M2-F1-model_v4	AF-A0A2G3K5M2-F1-model_v4_TED02	esm	end	0
AF-A0A2G3K5M2-F1-model_v4	AF-A0A2G3K5M2-F1-model_v4_TED03	esm	start	2
AF-A0A2G3K5M2-F1-model_v4	AF-A0A2G3K5M2-F1-model_v4_TED03	esm	end	0
AF-A0A5N5HTQ6-F1-model_v4	AF-A0A5N5HTQ6-F1-model_v4_TED01	afdb	start	0
AF-A0A5N5HTQ6-F1-model_v4	AF-A0A5N5HTQ6-F1-model_v4_TED01	afdb	end	0
AF-A0A5N5HTQ6-F1-model_v4	AF-A0A5N5HTQ6-F1-model_v4_TED01	esm	start	-8
AF-A0A5N5HTQ6-F1-model_v4	AF-A0A5N5HTQ6-F1-model_v4_TED01	esm	end	-5
AF-A0A0B2QNL9-F1-model_v4	AF-A0A0B2QNL9-F1-model_v4_TED01	afdb	start	0
AF-A0A0B2QNL9-F1-model_v4	AF-A0A0B2QNL9-F1-model_v4_TED01	afdb	end	0
AF-A0A0B2QNL9-F1-model_v4	AF-A0A0B2QNL9-F1-model_v4_TED01	esm	start	1
AF-A0A0B2QNL9-F1-model_v4	AF-A0A0B2QNL9-F1-model_v4_TED01	esm	end	0
AF-A0A7X8MFW6-F1-model_v4	AF-A0A7X8MFW6-F1-model_v4_TED01	afdb	start	0
AF-A0A7X8MFW6-F1-model_v4	AF-A0A7X8MFW6-F1-model_v4_TED01	afdb	end	0
AF-A0A7X8MFW6-F1-model_v4	AF-A0A7X8MFW6-F1-model_v4_TED01	esm	start	-2
AF-A0A7X8MFW6-F1-model_v4	AF-A0A7X8MFW6-F1-model_v4_TED01	esm	end	-1
AF-A0A5M6C9I5-F1-model_v4	AF-A0A5M6C9I5-F1-model_v4_TED01	afdb	start	0
AF-A0A5M6C9I5-F1-model_v4	AF-A0A5M6C9I5-F1-model_v4_TED01	afdb	end	0
AF-A0A5M6C9I5-F1-model_v4	AF-A0A5M6C9I5-F1-model_v4_TED01	esm	start	-1
AF-A0A5M6C9I5-F1-model_v4	AF-A0A5M6C9I5-F1-model_v4_TED01	esm	end	-4
AF-A0A1X9IRX0-F1-model_v4	AF-A0A1X9IRX0-F1-model_v4_TED01	afdb	start	0
AF-A0A1X9IRX0-F1-model_v4	AF-A0A1X9IRX0-F1-model_v4_TED01	afdb	end	0
AF-A0A1X9IRX0-F1-model_v4	AF-A0A1X9IRX0-F1-model_v4_TED01	afdb	start	0
AF-A0A1X9IRX0-F1-model_v4	AF-A0A1X9IRX0-F1-model_v4_TED01	afdb	end	0
AF-A0A1X9IRX0-F1-model_v4	AF-A0A1X9IRX0-F1-model_v4_TED01	esm	start	-50
AF-A0A1X9IRX0-F1-model_v4	AF-A0A1X9IRX0-F1-model_v4_TED01	esm	end	97
AF-A0A1X9IRX0-F1-model_v4	AF-A0A1X9IRX0-F1-model_v4_TED01	esm	start	88
AF-A0A1X9IRX0-F1-model_v4	AF-A0A1X9IRX0-F1-model_v4_TED01	esm	end	-1
AF-K2FR07-F1-model_v4	AF-K2FR07-F1-model_v4_TED01	afdb	start	0
AF-K2FR07-F1-model_v4	AF-K2FR07-F1-model_v4_TED01	afdb	end	0
AF-K2FR07-F1-model_v4	AF-K2FR07-F1-model_v4_TED01	esm	start	7
AF-K2FR07-F1-model_v4	AF-K2FR07-F1-model_v4_TED01	esm	end	-13
AF-A0A3D5JYP9-F1-model_v4	AF-A0A3D5JYP9-F1-model_v4_TED01	afdb	start	0
AF-A0A3D5JYP9-F1-model_v4	AF-A0A3D5JYP9-F1-model_v4_TED01	afdb	end	0
AF-A0A3D5JYP9-F1-model_v4	AF-A0A3D5JYP9-F1-model_v4_TED01	afdb	start	0
AF-A0A3D5JYP9-F1-model_v4	AF-A0A3D5JYP9-F1-model_v4_TED01	afdb	end	0
AF-A0A3D5JYP9-F1-model_v4	AF-A0A3D5JYP9-F1-model_v4_TED01	esm	start	99
AF-A0A3D5JYP9-F1-model_v4	AF-A0A3D5JYP9-F1-model_v4_TED01	esm	end	78
AF-A0A3D5JYP9-F1-model_v4	AF-A0A3D5JYP9-F1-model_v4_TED01	esm	start	3
AF-A0A3D5JYP9-F1-model_v4	AF-A0A3D5JYP9-F1-model_v4_TED01	esm	end	-1
AF-A0A1I7IBT8-F1-model_v4	AF-A0A1I7IBT8-F1-model_v4_TED01	afdb	start	0
AF-A0A1I7IBT8-F1-model_v4	AF-A0A1I7IBT8-F1-model_v4_TED01	afdb	end	0
AF-A0A1I7IBT8-F1-model_v4	AF-A0A1I7IBT8-F1-model_v4_TED02	afdb	start	0
AF-A0A1I7IBT8-F1-model_v4	AF-A0A1I7IBT8-F1-model_v4_TED02	afdb	end	0
AF-A0A1I7IBT8-F1-model_v4	AF-A0A1I7IBT8-F1-model_v4_TED01	esm	start	0
AF-A0A1I7IBT8-F1-model_v4	AF-A0A1I7IBT8-F1-model_v4_TED01	esm	end	0
AF-A0A1I7IBT8-F1-model_v4	AF-A0A1I7IBT8-F1-model_v4_TED02	esm	start	18
AF-A0A1I7IBT8-F1-model_v4	AF-A0A1I7IBT8-F1-model_v4_TED02	esm	end	-20
AF-A0A413WG58-F1-model_v4	AF-A0A413WG58-F1-model_v4_TED01	afdb	start	0
AF-A0A413WG58-F1-model_v4	AF-A0A413WG58-F1-model_v4_TED01	afdb	end	0
AF-A0A413WG58-F1-model_v4	AF-A0A413WG58-F1-model_v4_TED01	esm	start	0
AF-A0A413WG58-F1-model_v4	AF-A0A413WG58-F1-model_v4_TED01	esm	end	11
AF-A0A7L4I1Z7-F1-model_v4	AF-A0A7L4I1Z7-F1-model_v4_TED01	afdb	start	0
AF-A0A7L4I1Z7-F1-model_v4	AF-A0A7L4I1Z7-F1-model_v4_TED01	afdb	end	0
AF-A0A7L4I1Z7-F1-model_v4	AF-A0A7L4I1Z7-F1-model_v4_TED01	esm	start	0
AF-A0A7L4I1Z7-F1-model_v4	AF-A0A7L4I1Z7-F1-model_v4_TED01	esm	end	0
AF-A0A7X0EUC6-F1-model_v4	AF-A0A7X0EUC6-F1-model_v4_TED01	afdb	start	0
AF-A0A7X0EUC6-F1-model_v4	AF-A0A7X0EUC6-F1-model_v4_TED01	afdb	end	0
AF-A0A7X0EUC6-F1-model_v4	AF-A0A7X0EUC6-F1-model_v4_TED02	afdb	start	0
AF-A0A7X0EUC6-F1-model_v4	AF-A0A7X0EUC6-F1-model_v4_TED02	afdb	end	0
AF-A0A7X0EUC6-F1-model_v4	AF-A0A7X0EUC6-F1-model_v4_TED01	esm	start	1
AF-A0A7X0EUC6-F1-model_v4	AF-A0A7X0EUC6-F1-model_v4_TED01	esm	end	0
AF-A0A7X0EUC6-F1-model_v4	AF-A0A7X0EUC6-F1-model_v4_TED02	esm	start	-3
AF-A0A7X0EUC6-F1-model_v4	AF-A0A7X0EUC6-F1-model_v4_TED02	esm	end	0
AF-A0A258RUT1-F1-model_v4	AF-A0A258RUT1-F1-model_v4_TED01	afdb	start	0
AF-A0A258RUT1-F1-model_v4	AF-A0A258RUT1-F1-model_v4_TED01	afdb	end	0
AF-A0A258RUT1-F1-model_v4	AF-A0A258RUT1-F1-model_v4_TED01	esm	start	-6
AF-A0A258RUT1-F1-model_v4	AF-A0A258RUT1-F1-model_v4_TED01	esm	end	0
AF-A0A2K5IEN6-F1-model_v4	AF-A0A2K5IEN6-F1-model_v4_TED01	afdb	start	0
AF-A0A2K5IEN6-F1-model_v4	AF-A0A2K5IEN6-F1-model_v4_TED01	afdb	end	0
AF-A0A2K5IEN6-F1-model_v4	AF-A0A2K5IEN6-F1-model_v4_TED01	esm	start	5
AF-A0A2K5IEN6-F1-model_v4	AF-A0A2K5IEN6-F1-model_v4_TED01	esm	end	-5
AF-D7A1D8-F1-model_v4	AF-D7A1D8-F1-model_v4_TED01	afdb	start	0
AF-D7A1D8-F1-model_v4	AF-D7A1D8-F1-model_v4_TED01	afdb	end	0
AF-D7A1D8-F1-model_v4	AF-D7A1D8-F1-model_v4_TED01	esm	start	8
AF-D7A1D8-F1-model_v4	AF-D7A1D8-F1-model_v4_TED01	esm	end	6
AF-X0AXE3-F1-model_v4	AF-X0AXE3-F1-model_v4_TED01	afdb	start	0
AF-X0AXE3-F1-model_v4	AF-X0AXE3-F1-model_v4_TED01	afdb	end	0
AF-X0AXE3-F1-model_v4	AF-X0AXE3-F1-model_v4_TED01	afdb	start	0
AF-X0AXE3-F1-model_v4	AF-X0AXE3-F1-model_v4_TED01	afdb	end	0
AF-X0AXE3-F1-model_v4	AF-X0AXE3-F1-model_v4_TED02	afdb	start	0
AF-X0AXE3-F1-model_v4	AF-X0AXE3-F1-model_v4_TED02	afdb	end	0
AF-X0AXE3-F1-model_v4	AF-X0AXE3-F1-model_v4_TED01	esm	start	14
AF-X0AXE3-F1-model_v4	AF-X0AXE3-F1-model_v4_TED01	esm	end	9
AF-X0AXE3-F1-model_v4	AF-X0AXE3-F1-model_v4_TED01	esm	start	-1
AF-X0AXE3-F1-model_v4	AF-X0AXE3-F1-model_v4_TED01	esm	end	2
AF-X0AXE3-F1-model_v4	AF-X0AXE3-F1-model_v4_TED02	esm	start	-5
AF-X0AXE3-F1-model_v4	AF-X0AXE3-F1-model_v4_TED02	esm	end	0
AF-A0A091XC84-F1-model_v4	AF-A0A091XC84-F1-model_v4_TED01	afdb	start	0
AF-A0A091XC84-F1-model_v4	AF-A0A091XC84-F1-model_v4_TED01	afdb	end	0
AF-A0A091XC84-F1-model_v4	AF-A0A091XC84-F1-model_v4_TED01	esm	start	10
AF-A0A091XC84-F1-model_v4	AF-A0A091XC84-F1-model_v4_TED01	esm	end	0
AF-A0A2T3XPA9-F1-model_v4	AF-A0A2T3XPA9-F1-model_v4_TED01	afdb	start	0
AF-A0A2T3XPA9-F1-model_v4	AF-A0A2T3XPA9-F1-model_v4_TED01	afdb	end	0
AF-A0A2T3XPA9-F1-model_v4	AF-A0A2T3XPA9-F1-model_v4_TED01	afdb	start	0
AF-A0A2T3XPA9-F1-model_v4	AF-A0A2T3XPA9-F1-model_v4_TED01	afdb	end	0
AF-A0A2T3XPA9-F1-model_v4	AF-A0A2T3XPA9-F1-model_v4_TED01	esm	start	0
AF-A0A2T3XPA9-F1-model_v4	AF-A0A2T3XPA9-F1-model_v4_TED01	esm	end	-16
AF-A0A2T3XPA9-F1-model_v4	AF-A0A2T3XPA9-F1-model_v4_TED01	esm	start	-34
AF-A0A2T3XPA9-F1-model_v4	AF-A0A2T3XPA9-F1-model_v4_TED01	esm	end	-56
AF-R8WKI3-F1-model_v4	AF-R8WKI3-F1-model_v4_TED01	afdb	start	0
AF-R8WKI3-F1-model_v4	AF-R8WKI3-F1-model_v4_TED01	afdb	end	0
AF-R8WKI3-F1-model_v4	AF-R8WKI3-F1-model_v4_TED02	afdb	start	0
AF-R8WKI3-F1-model_v4	AF-R8WKI3-F1-model_v4_TED02	afdb	end	0
AF-R8WKI3-F1-model_v4	AF-R8WKI3-F1-model_v4_TED01	esm	start	-2
AF-R8WKI3-F1-model_v4	AF-R8WKI3-F1-model_v4_TED01	esm	end	0
AF-R8WKI3-F1-model_v4	AF-R8WKI3-F1-model_v4_TED02	esm	start	1
AF-R8WKI3-F1-model_v4	AF-R8WKI3-F1-model_v4_TED02	esm	end	0
AF-A0A1H7ADK2-F1-model_v4	AF-A0A1H7ADK2-F1-model_v4_TED01	afdb	start	0
AF-A0A1H7ADK2-F1-model_v4	AF-A0A1H7ADK2-F1-model_v4_TED01	afdb	end	0
AF-A0A1H7ADK2-F1-model_v4	AF-A0A1H7ADK2-F1-model_v4_TED01	esm	start	-9
AF-A0A1H7ADK2-F1-model_v4	AF-A0A1H7ADK2-F1-model_v4_TED01	esm	end	0
AF-A0A0H2Y2M4-F1-model_v4	AF-A0A0H2Y2M4-F1-model_v4_TED01	afdb	start	1
AF-A0A0H2Y2M4-F1-model_v4	AF-A0A0H2Y2M4-F1-model_v4_TED01	afdb	end	0
AF-A0A0H2Y2M4-F1-model_v4	AF-A0A0H2Y2M4-F1-model_v4_TED01	afdb	start	0
AF-A0A0H2Y2M4-F1-model_v4	AF-A0A0H2Y2M4-F1-model_v4_TED01	afdb	end	0
AF-A0A0H2Y2M4-F1-model_v4	AF-A0A0H2Y2M4-F1-model_v4_TED02	afdb	start	0
AF-A0A0H2Y2M4-F1-model_v4	AF-A0A0H2Y2M4-F1-model_v4_TED02	afdb	end	0
AF-A0A0H2Y2M4-F1-model_v4	AF-A0A0H2Y2M4-F1-model_v4_TED01	esm	start	0
AF-A0A0H2Y2M4-F1-model_v4	AF-A0A0H2Y2M4-F1-model_v4_TED01	esm	end	0
AF-A0A0H2Y2M4-F1-model_v4	AF-A0A0H2Y2M4-F1-model_v4_TED01	esm	start	-7
AF-A0A0H2Y2M4-F1-model_v4	AF-A0A0H2Y2M4-F1-model_v4_TED01	esm	end	0
AF-A0A0H2Y2M4-F1-model_v4	AF-A0A0H2Y2M4-F1-model_v4_TED02	esm	start	0
AF-A0A0H2Y2M4-F1-model_v4	AF-A0A0H2Y2M4-F1-model_v4_TED02	esm	end	0
AF-A0A2X2URU3-F1-model_v4	AF-A0A2X2URU3-F1-model_v4_TED01	afdb	start	0
AF-A0A2X2URU3-F1-model_v4	AF-A0A2X2URU3-F1-model_v4_TED01	afdb	end	0
AF-A0A2X2URU3-F1-model_v4	AF-A0A2X2URU3-F1-model_v4_TED02	afdb	start	0
AF-A0A2X2URU3-F1-model_v4	AF-A0A2X2URU3-F1-model_v4_TED02	afdb	end	0
AF-A0A2X2URU3-F1-model_v4	AF-A0A2X2URU3-F1-model_v4_TED01	esm	start	0
AF-A0A2X2URU3-F1-model_v4	AF-A0A2X2URU3-F1-model_v4_TED01	esm	end	0
AF-A0A2X2URU3-F1-model_v4	AF-A0A2X2URU3-F1-model_v4_TED02	esm	start	-1
AF-A0A2X2URU3-F1-model_v4	AF-A0A2X2URU3-F1-model_v4_TED02	esm	end	-3
AF-A0A388KLQ2-F1-model_v4	AF-A0A388KLQ2-F1-model_v4_TED01	afdb	start	0
AF-A0A388KLQ2-F1-model_v4	AF-A0A388KLQ2-F1-model_v4_TED01	afdb	end	0
AF-A0A388KLQ2-F1-model_v4	AF-A0A388KLQ2-F1-model_v4_TED01	esm	start	1
AF-A0A388KLQ2-F1-model_v4	AF-A0A388KLQ2-F1-model_v4_TED01	esm	end	14
AF-A0A7U3UQR1-F1-model_v4	AF-A0A7U3UQR1-F1-model_v4_TED01	afdb	start	0
AF-A0A7U3UQR1-F1-model_v4	AF-A0A7U3UQR1-F1-model_v4_TED01	afdb	end	0
AF-A0A7U3UQR1-F1-model_v4	AF-A0A7U3UQR1-F1-model_v4_TED01	afdb	start	0
AF-A0A7U3UQR1-F1-model_v4	AF-A0A7U3UQR1-F1-model_v4_TED01	afdb	end	0
AF-A0A7U3UQR1-F1-model_v4	AF-A0A7U3UQR1-F1-model_v4_TED02	afdb	start	0
AF-A0A7U3UQR1-F1-model_v4	AF-A0A7U3UQR1-F1-model_v4_TED02	afdb	end	0
AF-A0A7U3UQR1-F1-model_v4	AF-A0A7U3UQR1-F1-model_v4_TED02	afdb	start	0
AF-A0A7U3UQR1-F1-model_v4	AF-A0A7U3UQR1-F1-model_v4_TED02	afdb	end	0
AF-A0A7U3UQR1-F1-model_v4	AF-A0A7U3UQR1-F1-model_v4_TED01	esm	start	-1
AF-A0A7U3UQR1-F1-model_v4	AF-A0A7U3UQR1-F1-model_v4_TED01	esm	end	0
AF-A0A7U3UQR1-F1-model_v4	AF-A0A7U3UQR1-F1-model_v4_TED01	esm	start	1
AF-A0A7U3UQR1-F1-model_v4	AF-A0A7U3UQR1-F1-model_v4_TED01	esm	end	-3
AF-A0A7U3UQR1-F1-model_v4	AF-A0A7U3UQR1-F1-model_v4_TED02	esm	start	0
AF-A0A7U3UQR1-F1-model_v4	AF-A0A7U3UQR1-F1-model_v4_TED02	esm	end	1
AF-A0A7U3UQR1-F1-model_v4	AF-A0A7U3UQR1-F1-model_v4_TED02	esm	start	0
AF-A0A7U3UQR1-F1-model_v4	AF-A0A7U3UQR1-F1-model_v4_TED02	esm	end	0
AF-B8DQ52-F1-model_v4	AF-B8DQ52-F1-model_v4_TED01	afdb	start	0
AF-B8DQ52-F1-model_v4	AF-B8DQ52-F1-model_v4_TED01	afdb	end	0
AF-B8DQ52-F1-model_v4	AF-B8DQ52-F1-model_v4_TED02	afdb	start	0
AF-B8DQ52-F1-model_v4	AF-B8DQ52-F1-model_v4_TED02	afdb	end	0
AF-B8DQ52-F1-model_v4	AF-B8DQ52-F1-model_v4_TED02	afdb	start	0
AF-B8DQ52-F1-model_v4	AF-B8DQ52-F1-model_v4_TED02	afdb	end	0
AF-B8DQ52-F1-model_v4	AF-B8DQ52-F1-model_v4_TED01	esm	start	0
AF-B8DQ52-F1-model_v4	AF-B8DQ52-F1-model_v4_TED01	esm	end	-1
AF-B8DQ52-F1-model_v4	AF-B8DQ52-F1-model_v4_TED02	esm	start	116
AF-B8DQ52-F1-model_v4	AF-B8DQ52-F1-model_v4_TED02	esm	end	99
AF-B8DQ52-F1-model_v4	AF-B8DQ52-F1-model_v4_TED02	esm	start	88
AF-B8DQ52-F1-model_v4	AF-B8DQ52-F1-model_v4_TED02	esm	end	7
AF-A0A2V9PFL2-F1-model_v4	AF-A0A2V9PFL2-F1-model_v4_TED01	afdb	start	0
AF-A0A2V9PFL2-F1-model_v4	AF-A0A2V9PFL2-F1-model_v4_TED01	afdb	end	0
AF-A0A2V9PFL2-F1-model_v4	AF-A0A2V9PFL2-F1-model_v4_TED02	afdb	start	0
AF-A0A2V9PFL2-F1-model_v4	AF-A0A2V9PFL2-F1-model_v4_TED02	afdb	end	0
AF-A0A2V9PFL2-F1-model_v4	AF-A0A2V9PFL2-F1-model_v4_TED03	afdb	start	0
AF-A0A2V9PFL2-F1-model_v4	AF-A0A2V9PFL2-F1-model_v4_TED03	afdb	end	0
AF-A0A2V9PFL2-F1-model_v4	AF-A0A2V9PFL2-F1-model_v4_TED02	esm	start	-1
AF-A0A2V9PFL2-F1-model_v4	AF-A0A2V9PFL2-F1-model_v4_TED02	esm	end	-6
AF-A0A2V9PFL2-F1-model_v4	AF-A0A2V9PFL2-F1-model_v4_TED03	esm	start	2
AF-A0A2V9PFL2-F1-model_v4	AF-A0A2V9PFL2-F1-model_v4_TED03	esm	end	2
AF-A0A515D395-F1-model_v4	AF-A0A515D395-F1-model_v4_TED01	afdb	start	0
AF-A0A515D395-F1-model_v4	AF-A0A515D395-F1-model_v4_TED01	afdb	end	0
AF-A0A515D395-F1-model_v4	AF-A0A515D395-F1-model_v4_TED01	afdb	start	0
AF-A0A515D395-F1-model_v4	AF-A0A515D395-F1-model_v4_TED01	afdb	end	0
AF-A0A515D395-F1-model_v4	AF-A0A515D395-F1-model_v4_TED02	afdb	start	0
AF-A0A515D395-F1-model_v4	AF-A0A515D395-F1-model_v4_TED02	afdb	end	0
AF-A0A515D395-F1-model_v4	AF-A0A515D395-F1-model_v4_TED01	esm	start	0
AF-A0A515D395-F1-model_v4	AF-A0A515D395-F1-model_v4_TED01	esm	end	0
AF-A0A515D395-F1-model_v4	AF-A0A515D395-F1-model_v4_TED01	esm	start	0
AF-A0A515D395-F1-model_v4	AF-A0A515D395-F1-model_v4_TED01	esm	end	0
AF-A0A515D395-F1-model_v4	AF-A0A515D395-F1-model_v4_TED02	esm	start	0
AF-A0A515D395-F1-model_v4	AF-A0A515D395-F1-model_v4_TED02	esm	end	0
AF-A0A1I4EP76-F1-model_v4	AF-A0A1I4EP76-F1-model_v4_TED01	afdb	start	0
AF-A0A1I4EP76-F1-model_v4	AF-A0A1I4EP76-F1-model_v4_TED01	afdb	end	0
AF-A0A1I4EP76-F1-model_v4	AF-A0A1I4EP76-F1-model_v4_TED01	esm	start	-34
AF-A0A1I4EP76-F1-model_v4	AF-A0A1I4EP76-F1-model_v4_TED01	esm	end	0
AF-A0A1A6C637-F1-model_v4	AF-A0A1A6C637-F1-model_v4_TED01	afdb	start	0
AF-A0A1A6C637-F1-model_v4	AF-A0A1A6C637-F1-model_v4_TED01	afdb	end	0
AF-A0A1A6C637-F1-model_v4	AF-A0A1A6C637-F1-model_v4_TED01	esm	start	0
AF-A0A1A6C637-F1-model_v4	AF-A0A1A6C637-F1-model_v4_TED01	esm	end	0
AF-A0A2T0MGY2-F1-model_v4	AF-A0A2T0MGY2-F1-model_v4_TED01	afdb	start	0
AF-A0A2T0MGY2-F1-model_v4	AF-A0A2T0MGY2-F1-model_v4_TED01	afdb	end	0
AF-A0A2T0MGY2-F1-model_v4	AF-A0A2T0MGY2-F1-model_v4_TED02	afdb	start	0
AF-A0A2T0MGY2-F1-model_v4	AF-A0A2T0MGY2-F1-model_v4_TED02	afdb	end	0
AF-A0A2T0MGY2-F1-model_v4	AF-A0A2T0MGY2-F1-model_v4_TED03	afdb	start	0
AF-A0A2T0MGY2-F1-model_v4	AF-A0A2T0MGY2-F1-model_v4_TED03	afdb	end	0
AF-A0A2T0MGY2-F1-model_v4	AF-A0A2T0MGY2-F1-model_v4_TED04	afdb	start	0
AF-A0A2T0MGY2-F1-model_v4	AF-A0A2T0MGY2-F1-model_v4_TED04	afdb	end	0
AF-A0A2T0MGY2-F1-model_v4	AF-A0A2T0MGY2-F1-model_v4_TED01	esm	start	2
AF-A0A2T0MGY2-F1-model_v4	AF-A0A2T0MGY2-F1-model_v4_TED01	esm	end	2
AF-A0A2T0MGY2-F1-model_v4	AF-A0A2T0MGY2-F1-model_v4_TED02	esm	start	-1
AF-A0A2T0MGY2-F1-model_v4	AF-A0A2T0MGY2-F1-model_v4_TED02	esm	end	0
AF-A0A2T0MGY2-F1-model_v4	AF-A0A2T0MGY2-F1-model_v4_TED03	esm	start	0
AF-A0A2T0MGY2-F1-model_v4	AF-A0A2T0MGY2-F1-model_v4_TED03	esm	end	-1
AF-A0A2T0MGY2-F1-model_v4	AF-A0A2T0MGY2-F1-model_v4_TED04	esm	start	-5
AF-A0A2T0MGY2-F1-model_v4	AF-A0A2T0MGY2-F1-model_v4_TED04	esm	end	0
AF-A0A1M4YQ65-F1-model_v4	AF-A0A1M4YQ65-F1-model_v4_TED01	afdb	start	0
AF-A0A1M4YQ65-F1-model_v4	AF-A0A1M4YQ65-F1-model_v4_TED01	afdb	end	0
AF-A0A1M4YQ65-F1-model_v4	AF-A0A1M4YQ65-F1-model_v4_TED02	afdb	start	0
AF-A0A1M4YQ65-F1-model_v4	AF-A0A1M4YQ65-F1-model_v4_TED02	afdb	end	0
AF-A0A1M4YQ65-F1-model_v4	AF-A0A1M4YQ65-F1-model_v4_TED01	esm	start	0
AF-A0A1M4YQ65-F1-model_v4	AF-A0A1M4YQ65-F1-model_v4_TED01	esm	end	0
AF-A0A1M4YQ65-F1-model_v4	AF-A0A1M4YQ65-F1-model_v4_TED02	esm	start	0
AF-A0A1M4YQ65-F1-model_v4	AF-A0A1M4YQ65-F1-model_v4_TED02	esm	end	-1
AF-A1CN69-F1-model_v4	AF-A1CN69-F1-model_v4_TED01	afdb	start	0
AF-A1CN69-F1-model_v4	AF-A1CN69-F1-model_v4_TED01	afdb	end	0
AF-A1CN69-F1-model_v4	AF-A1CN69-F1-model_v4_TED01	afdb	start	0
AF-A1CN69-F1-model_v4	AF-A1CN69-F1-model_v4_TED01	afdb	end	0
AF-A1CN69-F1-model_v4	AF-A1CN69-F1-model_v4_TED02	afdb	start	0
AF-A1CN69-F1-model_v4	AF-A1CN69-F1-model_v4_TED02	afdb	end	0
AF-A1CN69-F1-model_v4	AF-A1CN69-F1-model_v4_TED01	esm	start	0
AF-A1CN69-F1-model_v4	AF-A1CN69-F1-model_v4_TED01	esm	end	0
AF-A1CN69-F1-model_v4	AF-A1CN69-F1-model_v4_TED01	esm	start	-1
AF-A1CN69-F1-model_v4	AF-A1CN69-F1-model_v4_TED01	esm	end	0
AF-A1CN69-F1-model_v4	AF-A1CN69-F1-model_v4_TED02	esm	start	-10
AF-A1CN69-F1-model_v4	AF-A1CN69-F1-model_v4_TED02	esm	end	0
AF-A0A7S2QGL1-F1-model_v4	AF-A0A7S2QGL1-F1-model_v4_TED01	afdb	start	0
AF-A0A7S2QGL1-F1-model_v4	AF-A0A7S2QGL1-F1-model_v4_TED01	afdb	end	0
AF-A0A7S2QGL1-F1-model_v4	AF-A0A7S2QGL1-F1-model_v4_TED01	esm	start	19
AF-A0A7S2QGL1-F1-model_v4	AF-A0A7S2QGL1-F1-model_v4_TED01	esm	end	0
AF-F9T9R6-F1-model_v4	AF-F9T9R6-F1-model_v4_TED01	afdb	start	0
AF-F9T9R6-F1-model_v4	AF-F9T9R6-F1-model_v4_TED01	afdb	end	0
AF-F9T9R6-F1-model_v4	AF-F9T9R6-F1-model_v4_TED01	afdb	start	0
AF-F9T9R6-F1-model_v4	AF-F9T9R6-F1-model_v4_TED01	afdb	end	0
AF-F9T9R6-F1-model_v4	AF-F9T9R6-F1-model_v4_TED02	afdb	start	0
AF-F9T9R6-F1-model_v4	AF-F9T9R6-F1-model_v4_TED02	afdb	end	0
AF-F9T9R6-F1-model_v4	AF-F9T9R6-F1-model_v4_TED01	esm	start	0
AF-F9T9R6-F1-model_v4	AF-F9T9R6-F1-model_v4_TED01	esm	end	-1
AF-F9T9R6-F1-model_v4	AF-F9T9R6-F1-model_v4_TED01	esm	start	0
AF-F9T9R6-F1-model_v4	AF-F9T9R6-F1-model_v4_TED01	esm	end	0
AF-F9T9R6-F1-model_v4	AF-F9T9R6-F1-model_v4_TED02	esm	start	0
AF-F9T9R6-F1-model_v4	AF-F9T9R6-F1-model_v4_TED02	esm	end	-3
AF-A0A524N2J7-F1-model_v4	AF-A0A524N2J7-F1-model_v4_TED01	afdb	start	0
AF-A0A524N2J7-F1-model_v4	AF-A0A524N2J7-F1-model_v4_TED01	afdb	end	0
AF-A0A524N2J7-F1-model_v4	AF-A0A524N2J7-F1-model_v4_TED01	esm	start	0
AF-A0A524N2J7-F1-model_v4	AF-A0A524N2J7-F1-model_v4_TED01	esm	end	2
AF-A0A7K4UT26-F1-model_v4	AF-A0A7K4UT26-F1-model_v4_TED01	afdb	start	0
AF-A0A7K4UT26-F1-model_v4	AF-A0A7K4UT26-F1-model_v4_TED01	afdb	end	0
AF-A0A7K4UT26-F1-model_v4	AF-A0A7K4UT26-F1-model_v4_TED02	afdb	start	0
AF-A0A7K4UT26-F1-model_v4	AF-A0A7K4UT26-F1-model_v4_TED02	afdb	end	0
AF-A0A7K4UT26-F1-model_v4	AF-A0A7K4UT26-F1-model_v4_TED01	esm	start	-4
AF-A0A7K4UT26-F1-model_v4	AF-A0A7K4UT26-F1-model_v4_TED01	esm	end	4
AF-A0A7K4UT26-F1-model_v4	AF-A0A7K4UT26-F1-model_v4_TED02	esm	start	0
AF-A0A7K4UT26-F1-model_v4	AF-A0A7K4UT26-F1-model_v4_TED02	esm	end	2
AF-A0A833VQ77-F1-model_v4	AF-A0A833VQ77-F1-model_v4_TED01	afdb	start	0
AF-A0A833VQ77-F1-model_v4	AF-A0A833VQ77-F1-model_v4_TED01	afdb	end	0
AF-A0A833VQ77-F1-model_v4	AF-A0A833VQ77-F1-model_v4_TED01	esm	start	0
AF-A0A833VQ77-F1-model_v4	AF-A0A833VQ77-F1-model_v4_TED01	esm	end	4
AF-A0A0M8SXT8-F1-model_v4	AF-A0A0M8SXT8-F1-model_v4_TED01	afdb	start	0
AF-A0A0M8SXT8-F1-model_v4	AF-A0A0M8SXT8-F1-model_v4_TED01	afdb	end	0
AF-A0A0M8SXT8-F1-model_v4	AF-A0A0M8SXT8-F1-model_v4_TED01	esm	start	134
AF-A0A0M8SXT8-F1-model_v4	AF-A0A0M8SXT8-F1-model_v4_TED01	esm	end	0
AF-A0A353KSU5-F1-model_v4	AF-A0A353KSU5-F1-model_v4_TED01	afdb	start	0
AF-A0A353KSU5-F1-model_v4	AF-A0A353KSU5-F1-model_v4_TED01	afdb	end	0
AF-A0A353KSU5-F1-model_v4	AF-A0A353KSU5-F1-model_v4_TED01	esm	start	0
AF-A0A353KSU5-F1-model_v4	AF-A0A353KSU5-F1-model_v4_TED01	esm	end	0
AF-A0A1Y1XL65-F1-model_v4	AF-A0A1Y1XL65-F1-model_v4_TED01	afdb	start	0
AF-A0A1Y1XL65-F1-model_v4	AF-A0A1Y1XL65-F1-model_v4_TED01	afdb	end	0
AF-A0A7K7JQH7-F1-model_v4	AF-A0A7K7JQH7-F1-model_v4_TED01	afdb	start	0
AF-A0A7K7JQH7-F1-model_v4	AF-A0A7K7JQH7-F1-model_v4_TED01	afdb	end	0
AF-A0A7K7JQH7-F1-model_v4	AF-A0A7K7JQH7-F1-model_v4_TED02	afdb	start	0
AF-A0A7K7JQH7-F1-model_v4	AF-A0A7K7JQH7-F1-model_v4_TED02	afdb	end	0
AF-A0A7K7JQH7-F1-model_v4	AF-A0A7K7JQH7-F1-model_v4_TED01	esm	start	0
AF-A0A7K7JQH7-F1-model_v4	AF-A0A7K7JQH7-F1-model_v4_TED01	esm	end	0
AF-A0A7K7JQH7-F1-model_v4	AF-A0A7K7JQH7-F1-model_v4_TED02	esm	start	1
AF-A0A7K7JQH7-F1-model_v4	AF-A0A7K7JQH7-F1-model_v4_TED02	esm	end	1
AF-A0A3D0TGS0-F1-model_v4	AF-A0A3D0TGS0-F1-model_v4_TED01	esm	start	-8
AF-A0A3D0TGS0-F1-model_v4	AF-A0A3D0TGS0-F1-model_v4_TED01	esm	end	5
AF-A0A6N9YRQ9-F1-model_v4	AF-A0A6N9YRQ9-F1-model_v4_TED01	afdb	start	0
AF-A0A6N9YRQ9-F1-model_v4	AF-A0A6N9YRQ9-F1-model_v4_TED01	afdb	end	0
AF-A0A6N9YRQ9-F1-model_v4	AF-A0A6N9YRQ9-F1-model_v4_TED02	afdb	start	0
AF-A0A6N9YRQ9-F1-model_v4	AF-A0A6N9YRQ9-F1-model_v4_TED02	afdb	end	0
AF-A0A6N9YRQ9-F1-model_v4	AF-A0A6N9YRQ9-F1-model_v4_TED02	afdb	start	0
AF-A0A6N9YRQ9-F1-model_v4	AF-A0A6N9YRQ9-F1-model_v4_TED02	afdb	end	0
AF-A0A6N9YRQ9-F1-model_v4	AF-A0A6N9YRQ9-F1-model_v4_TED03	afdb	start	0
AF-A0A6N9YRQ9-F1-model_v4	AF-A0A6N9YRQ9-F1-model_v4_TED03	afdb	end	0
AF-A0A6N9YRQ9-F1-model_v4	AF-A0A6N9YRQ9-F1-model_v4_TED04	afdb	start	0
AF-A0A6N9YRQ9-F1-model_v4	AF-A0A6N9YRQ9-F1-model_v4_TED04	afdb	end	0
AF-A0A6N9YRQ9-F1-model_v4	AF-A0A6N9YRQ9-F1-model_v4_TED01	esm	start	0
AF-A0A6N9YRQ9-F1-model_v4	AF-A0A6N9YRQ9-F1-model_v4_TED01	esm	end	0
AF-A0A6N9YRQ9-F1-model_v4	AF-A0A6N9YRQ9-F1-model_v4_TED02	esm	start	0
AF-A0A6N9YRQ9-F1-model_v4	AF-A0A6N9YRQ9-F1-model_v4_TED02	esm	end	-50
AF-A0A6N9YRQ9-F1-model_v4	AF-A0A6N9YRQ9-F1-model_v4_TED02	esm	start	-89
AF-A0A6N9YRQ9-F1-model_v4	AF-A0A6N9YRQ9-F1-model_v4_TED02	esm	end	-2
AF-A0A6N9YRQ9-F1-model_v4	AF-A0A6N9YRQ9-F1-model_v4_TED03	esm	start	0
AF-A0A6N9YRQ9-F1-model_v4	AF-A0A6N9YRQ9-F1-model_v4_TED03	esm	end	-1
AF-A0A6N9YRQ9-F1-model_v4	AF-A0A6N9YRQ9-F1-model_v4_TED04	esm	start	0
AF-A0A6N9YRQ9-F1-model_v4	AF-A0A6N9YRQ9-F1-model_v4_TED04	esm	end	0
AF-A0A1S2LPS3-F1-model_v4	AF-A0A1S2LPS3-F1-model_v4_TED01	afdb	start	0
AF-A0A1S2LPS3-F1-model_v4	AF-A0A1S2LPS3-F1-model_v4_TED01	afdb	end	0
AF-A0A1S2LPS3-F1-model_v4	AF-A0A1S2LPS3-F1-model_v4_TED02	afdb	start	0
AF-A0A1S2LPS3-F1-model_v4	AF-A0A1S2LPS3-F1-model_v4_TED02	afdb	end	0
AF-A0A1S2LPS3-F1-model_v4	AF-A0A1S2LPS3-F1-model_v4_TED01	esm	start	-2
AF-A0A1S2LPS3-F1-model_v4	AF-A0A1S2LPS3-F1-model_v4_TED01	esm	end	1
AF-A0A1S2LPS3-F1-model_v4	AF-A0A1S2LPS3-F1-model_v4_TED02	esm	start	0
AF-A0A1S2LPS3-F1-model_v4	AF-A0A1S2LPS3-F1-model_v4_TED02	esm	end	0
AF-A0A1V3MTQ1-F1-model_v4	AF-A0A1V3MTQ1-F1-model_v4_TED01	afdb	start	0
AF-A0A1V3MTQ1-F1-model_v4	AF-A0A1V3MTQ1-F1-model_v4_TED01	afdb	end	0
AF-A0A1V3MTQ1-F1-model_v4	AF-A0A1V3MTQ1-F1-model_v4_TED01	esm	start	0
AF-A0A1V3MTQ1-F1-model_v4	AF-A0A1V3MTQ1-F1-model_v4_TED01	esm	end	0
AF-A0A848KY74-F1-model_v4	AF-A0A848KY74-F1-model_v4_TED01	afdb	start	0
AF-A0A848KY74-F1-model_v4	AF-A0A848KY74-F1-model_v4_TED01	afdb	end	0
AF-A0A848KY74-F1-model_v4	AF-A0A848KY74-F1-model_v4_TED02	afdb	start	0
AF-A0A848KY74-F1-model_v4	AF-A0A848KY74-F1-model_v4_TED02	afdb	end	0
AF-A0A848KY74-F1-model_v4	AF-A0A848KY74-F1-model_v4_TED03	afdb	start	0
AF-A0A848KY74-F1-model_v4	AF-A0A848KY74-F1-model_v4_TED03	afdb	end	0
AF-A0A848KY74-F1-model_v4	AF-A0A848KY74-F1-model_v4_TED01	esm	start	0
AF-A0A848KY74-F1-model_v4	AF-A0A848KY74-F1-model_v4_TED01	esm	end	0
AF-A0A848KY74-F1-model_v4	AF-A0A848KY74-F1-model_v4_TED02	esm	start	0
AF-A0A848KY74-F1-model_v4	AF-A0A848KY74-F1-model_v4_TED02	esm	end	-1
AF-A0A848KY74-F1-model_v4	AF-A0A848KY74-F1-model_v4_TED03	esm	start	0
AF-A0A848KY74-F1-model_v4	AF-A0A848KY74-F1-model_v4_TED03	esm	end	1
AF-A0A519HBC0-F1-model_v4	AF-A0A519HBC0-F1-model_v4_TED01	afdb	start	0
AF-A0A519HBC0-F1-model_v4	AF-A0A519HBC0-F1-model_v4_TED01	afdb	end	0
AF-A0A519HBC0-F1-model_v4	AF-A0A519HBC0-F1-model_v4_TED01	esm	start	1
AF-A0A519HBC0-F1-model_v4	AF-A0A519HBC0-F1-model_v4_TED01	esm	end	-10
AF-A0A1C3U4Q9-F1-model_v4	AF-A0A1C3U4Q9-F1-model_v4_TED01	afdb	start	0
AF-A0A1C3U4Q9-F1-model_v4	AF-A0A1C3U4Q9-F1-model_v4_TED01	afdb	end	0
AF-A0A1C3U4Q9-F1-model_v4	AF-A0A1C3U4Q9-F1-model_v4_TED01	afdb	start	0
AF-A0A1C3U4Q9-F1-model_v4	AF-A0A1C3U4Q9-F1-model_v4_TED01	afdb	end	0
AF-A0A1C3U4Q9-F1-model_v4	AF-A0A1C3U4Q9-F1-model_v4_TED01	afdb	start	0
AF-A0A1C3U4Q9-F1-model_v4	AF-A0A1C3U4Q9-F1-model_v4_TED01	afdb	end	0
AF-A0A1C3U4Q9-F1-model_v4	AF-A0A1C3U4Q9-F1-model_v4_TED01	esm	start	-6
AF-A0A1C3U4Q9-F1-model_v4	AF-A0A1C3U4Q9-F1-model_v4_TED01	esm	end	52
AF-A0A1C3U4Q9-F1-model_v4	AF-A0A1C3U4Q9-F1-model_v4_TED01	esm	start	-3
AF-A0A1C3U4Q9-F1-model_v4	AF-A0A1C3U4Q9-F1-model_v4_TED01	esm	end	-1
AF-A0A1C3U4Q9-F1-model_v4	AF-A0A1C3U4Q9-F1-model_v4_TED01	esm	start	0
AF-A0A1C3U4Q9-F1-model_v4	AF-A0A1C3U4Q9-F1-model_v4_TED01	esm	end	1
AF-A0A355UI37-F1-model_v4	AF-A0A355UI37-F1-model_v4_TED01	afdb	start	0
AF-A0A355UI37-F1-model_v4	AF-A0A355UI37-F1-model_v4_TED01	afdb	end	0
AF-A0A355UI37-F1-model_v4	AF-A0A355UI37-F1-model_v4_TED02	afdb	start	0
AF-A0A355UI37-F1-model_v4	AF-A0A355UI37-F1-model_v4_TED02	afdb	end	0
AF-A0A355UI37-F1-model_v4	AF-A0A355UI37-F1-model_v4_TED01	esm	start	0
AF-A0A355UI37-F1-model_v4	AF-A0A355UI37-F1-model_v4_TED01	esm	end	2
AF-A0A355UI37-F1-model_v4	AF-A0A355UI37-F1-model_v4_TED02	esm	start	0
AF-A0A355UI37-F1-model_v4	AF-A0A355UI37-F1-model_v4_TED02	esm	end	-5
AF-A0A654DRR0-F1-model_v4	AF-A0A654DRR0-F1-model_v4_TED01	afdb	start	0
AF-A0A654DRR0-F1-model_v4	AF-A0A654DRR0-F1-model_v4_TED01	afdb	end	0
AF-A0A654DRR0-F1-model_v4	AF-A0A654DRR0-F1-model_v4_TED01	afdb	start	0
AF-A0A654DRR0-F1-model_v4	AF-A0A654DRR0-F1-model_v4_TED01	afdb	end	0
AF-A0A654DRR0-F1-model_v4	AF-A0A654DRR0-F1-model_v4_TED01	esm	start	-3
AF-A0A654DRR0-F1-model_v4	AF-A0A654DRR0-F1-model_v4_TED01	esm	end	1
AF-A0A654DRR0-F1-model_v4	AF-A0A654DRR0-F1-model_v4_TED01	esm	start	0
AF-A0A654DRR0-F1-model_v4	AF-A0A654DRR0-F1-model_v4_TED01	esm	end	-1
AF-A0A3M4U2B3-F1-model_v4	AF-A0A3M4U2B3-F1-model_v4_TED01	afdb	start	0
AF-A0A3M4U2B3-F1-model_v4	AF-A0A3M4U2B3-F1-model_v4_TED01	afdb	end	0
AF-A0A3M4U2B3-F1-model_v4	AF-A0A3M4U2B3-F1-model_v4_TED01	esm	start	1
AF-A0A3M4U2B3-F1-model_v4	AF-A0A3M4U2B3-F1-model_v4_TED01	esm	end	0
AF-A0A4R8PM68-F1-model_v4	AF-A0A4R8PM68-F1-model_v4_TED01	afdb	start	0
AF-A0A4R8PM68-F1-model_v4	AF-A0A4R8PM68-F1-model_v4_TED01	afdb	end	0
AF-A0A4R8PM68-F1-model_v4	AF-A0A4R8PM68-F1-model_v4_TED02	afdb	start	0
AF-A0A4R8PM68-F1-model_v4	AF-A0A4R8PM68-F1-model_v4_TED02	afdb	end	0
AF-A0A4R8PM68-F1-model_v4	AF-A0A4R8PM68-F1-model_v4_TED03	afdb	start	0
AF-A0A4R8PM68-F1-model_v4	AF-A0A4R8PM68-F1-model_v4_TED03	afdb	end	0
AF-A0A4R8PM68-F1-model_v4	AF-A0A4R8PM68-F1-model_v4_TED02	esm	start	-3
AF-A0A4R8PM68-F1-model_v4	AF-A0A4R8PM68-F1-model_v4_TED02	esm	end	-8
AF-A0A4R8PM68-F1-model_v4	AF-A0A4R8PM68-F1-model_v4_TED03	esm	start	-1
AF-A0A4R8PM68-F1-model_v4	AF-A0A4R8PM68-F1-model_v4_TED03	esm	end	10
AF-A0A7Y9S425-F1-model_v4	AF-A0A7Y9S425-F1-model_v4_TED01	afdb	start	0
AF-A0A7Y9S425-F1-model_v4	AF-A0A7Y9S425-F1-model_v4_TED01	afdb	end	0
AF-A0A7Y9S425-F1-model_v4	AF-A0A7Y9S425-F1-model_v4_TED02	afdb	start	0
AF-A0A7Y9S425-F1-model_v4	AF-A0A7Y9S425-F1-model_v4_TED02	afdb	end	0
AF-A0A7Y9S425-F1-model_v4	AF-A0A7Y9S425-F1-model_v4_TED01	esm	start	0
AF-A0A7Y9S425-F1-model_v4	AF-A0A7Y9S425-F1-model_v4_TED01	esm	end	1
AF-A0A2D6HUZ7-F1-model_v4	AF-A0A2D6HUZ7-F1-model_v4_TED01	afdb	start	0
AF-A0A2D6HUZ7-F1-model_v4	AF-A0A2D6HUZ7-F1-model_v4_TED01	afdb	end	0
AF-A0A2D6HUZ7-F1-model_v4	AF-A0A2D6HUZ7-F1-model_v4_TED01	esm	start	0
AF-A0A2D6HUZ7-F1-model_v4	AF-A0A2D6HUZ7-F1-model_v4_TED01	esm	end	4
AF-A0A7S1HNL3-F1-model_v4	AF-A0A7S1HNL3-F1-model_v4_TED01	afdb	start	0
AF-A0A7S1HNL3-F1-model_v4	AF-A0A7S1HNL3-F1-model_v4_TED01	afdb	end	0
AF-A0A7S1HNL3-F1-model_v4	AF-A0A7S1HNL3-F1-model_v4_TED01	afdb	start	0
AF-A0A7S1HNL3-F1-model_v4	AF-A0A7S1HNL3-F1-model_v4_TED01	afdb	end	0
AF-A0A7S1HNL3-F1-model_v4	AF-A0A7S1HNL3-F1-model_v4_TED01	esm	start	-49
AF-A0A7S1HNL3-F1-model_v4	AF-A0A7S1HNL3-F1-model_v4_TED01	esm	end	127
AF-A0A7S1HNL3-F1-model_v4	AF-A0A7S1HNL3-F1-model_v4_TED01	esm	start	91
AF-A0A7S1HNL3-F1-model_v4	AF-A0A7S1HNL3-F1-model_v4_TED01	esm	end	2
AF-A0A432K568-F1-model_v4	AF-A0A432K568-F1-model_v4_TED01	afdb	start	0
AF-A0A432K568-F1-model_v4	AF-A0A432K568-F1-model_v4_TED01	afdb	end	0
AF-A0A432K568-F1-model_v4	AF-A0A432K568-F1-model_v4_TED02	afdb	start	0
AF-A0A432K568-F1-model_v4	AF-A0A432K568-F1-model_v4_TED02	afdb	end	0
AF-A0A432K568-F1-model_v4	AF-A0A432K568-F1-model_v4_TED01	esm	start	0
AF-A0A432K568-F1-model_v4	AF-A0A432K568-F1-model_v4_TED01	esm	end	-1
AF-A0A432K568-F1-model_v4	AF-A0A432K568-F1-model_v4_TED02	esm	start	0
AF-A0A432K568-F1-model_v4	AF-A0A432K568-F1-model_v4_TED02	esm	end	0
AF-A0A7S6Z263-F1-model_v4	AF-A0A7S6Z263-F1-model_v4_TED01	afdb	start	0
AF-A0A7S6Z263-F1-model_v4	AF-A0A7S6Z263-F1-model_v4_TED01	afdb	end	0
AF-A0A7S6Z263-F1-model_v4	AF-A0A7S6Z263-F1-model_v4_TED01	afdb	start	0
AF-A0A7S6Z263-F1-model_v4	AF-A0A7S6Z263-F1-model_v4_TED01	afdb	end	0
AF-A0A7S6Z263-F1-model_v4	AF-A0A7S6Z263-F1-model_v4_TED01	esm	start	-5
AF-A0A7S6Z263-F1-model_v4	AF-A0A7S6Z263-F1-model_v4_TED01	esm	end	1
AF-A0A7S6Z263-F1-model_v4	AF-A0A7S6Z263-F1-model_v4_TED01	esm	start	-3
AF-A0A7S6Z263-F1-model_v4	AF-A0A7S6Z263-F1-model_v4_TED01	esm	end	1
AF-A0A4X2L072-F1-model_v4	AF-A0A4X2L072-F1-model_v4_TED01	afdb	start	0
AF-A0A4X2L072-F1-model_v4	AF-A0A4X2L072-F1-model_v4_TED01	afdb	end	0
AF-A0A4X2L072-F1-model_v4	AF-A0A4X2L072-F1-model_v4_TED01	afdb	start	0
AF-A0A4X2L072-F1-model_v4	AF-A0A4X2L072-F1-model_v4_TED01	afdb	end	0
AF-A0A4X2L072-F1-model_v4	AF-A0A4X2L072-F1-model_v4_TED02	afdb	start	0
AF-A0A4X2L072-F1-model_v4	AF-A0A4X2L072-F1-model_v4_TED02	afdb	end	0
AF-A0A4X2L072-F1-model_v4	AF-A0A4X2L072-F1-model_v4_TED02	afdb	start	0
AF-A0A4X2L072-F1-model_v4	AF-A0A4X2L072-F1-model_v4_TED02	afdb	end	0
AF-A0A4X2L072-F1-model_v4	AF-A0A4X2L072-F1-model_v4_TED03	afdb	start	0
AF-A0A4X2L072-F1-model_v4	AF-A0A4X2L072-F1-model_v4_TED03	afdb	end	0
AF-A0A4X2L072-F1-model_v4	AF-A0A4X2L072-F1-model_v4_TED01	esm	start	0
AF-A0A4X2L072-F1-model_v4	AF-A0A4X2L072-F1-model_v4_TED01	esm	end	0
AF-A0A4X2L072-F1-model_v4	AF-A0A4X2L072-F1-model_v4_TED01	esm	start	0
AF-A0A4X2L072-F1-model_v4	AF-A0A4X2L072-F1-model_v4_TED01	esm	end	0
AF-A0A4X2L072-F1-model_v4	AF-A0A4X2L072-F1-model_v4_TED02	esm	start	16
AF-A0A4X2L072-F1-model_v4	AF-A0A4X2L072-F1-model_v4_TED02	esm	end	7
AF-A0A4X2L072-F1-model_v4	AF-A0A4X2L072-F1-model_v4_TED02	esm	start	-6
AF-A0A4X2L072-F1-model_v4	AF-A0A4X2L072-F1-model_v4_TED02	esm	end	0
AF-A0A4X2L072-F1-model_v4	AF-A0A4X2L072-F1-model_v4_TED03	esm	start	0
AF-A0A4X2L072-F1-model_v4	AF-A0A4X2L072-F1-model_v4_TED03	esm	end	4
AF-A0A165CBS4-F1-model_v4	AF-A0A165CBS4-F1-model_v4_TED01	afdb	start	0
AF-A0A165CBS4-F1-model_v4	AF-A0A165CBS4-F1-model_v4_TED01	afdb	end	0
AF-A0A165CBS4-F1-model_v4	AF-A0A165CBS4-F1-model_v4_TED02	afdb	start	0
AF-A0A165CBS4-F1-model_v4	AF-A0A165CBS4-F1-model_v4_TED02	afdb	end	0
AF-A0A165CBS4-F1-model_v4	AF-A0A165CBS4-F1-model_v4_TED01	esm	start	0
AF-A0A165CBS4-F1-model_v4	AF-A0A165CBS4-F1-model_v4_TED01	esm	end	0
AF-A0A165CBS4-F1-model_v4	AF-A0A165CBS4-F1-model_v4_TED02	esm	start	0
AF-A0A165CBS4-F1-model_v4	AF-A0A165CBS4-F1-model_v4_TED02	esm	end	0
AF-A0A371MLF4-F1-model_v4	AF-A0A371MLF4-F1-model_v4_TED01	afdb	start	0
AF-A0A371MLF4-F1-model_v4	AF-A0A371MLF4-F1-model_v4_TED01	afdb	end	0
AF-A0A371MLF4-F1-model_v4	AF-A0A371MLF4-F1-model_v4_TED01	esm	start	0
AF-A0A371MLF4-F1-model_v4	AF-A0A371MLF4-F1-model_v4_TED01	esm	end	-9
AF-A0A815QIH6-F1-model_v4	AF-A0A815QIH6-F1-model_v4_TED01	afdb	start	0
AF-A0A815QIH6-F1-model_v4	AF-A0A815QIH6-F1-model_v4_TED01	afdb	end	0
AF-A0A815QIH6-F1-model_v4	AF-A0A815QIH6-F1-model_v4_TED02	afdb	start	0
AF-A0A815QIH6-F1-model_v4	AF-A0A815QIH6-F1-model_v4_TED02	afdb	end	0
AF-A0A815QIH6-F1-model_v4	AF-A0A815QIH6-F1-model_v4_TED03	afdb	start	0
AF-A0A815QIH6-F1-model_v4	AF-A0A815QIH6-F1-model_v4_TED03	afdb	end	0
AF-A0A815QIH6-F1-model_v4	AF-A0A815QIH6-F1-model_v4_TED01	esm	start	12
AF-A0A815QIH6-F1-model_v4	AF-A0A815QIH6-F1-model_v4_TED01	esm	end	0
AF-A0A815QIH6-F1-model_v4	AF-A0A815QIH6-F1-model_v4_TED02	esm	start	0
AF-A0A815QIH6-F1-model_v4	AF-A0A815QIH6-F1-model_v4_TED02	esm	end	-1
AF-A0A815QIH6-F1-model_v4	AF-A0A815QIH6-F1-model_v4_TED03	esm	start	1
AF-A0A815QIH6-F1-model_v4	AF-A0A815QIH6-F1-model_v4_TED03	esm	end	-5
AF-A0A6H3FAS2-F1-model_v4	AF-A0A6H3FAS2-F1-model_v4_TED01	afdb	start	0
AF-A0A6H3FAS2-F1-model_v4	AF-A0A6H3FAS2-F1-model_v4_TED01	afdb	end	0
AF-A0A6H3FAS2-F1-model_v4	AF-A0A6H3FAS2-F1-model_v4_TED01	esm	start	-18
AF-A0A6H3FAS2-F1-model_v4	AF-A0A6H3FAS2-F1-model_v4_TED01	esm	end	4
AF-A0A838B0E9-F1-model_v4	AF-A0A838B0E9-F1-model_v4_TED01	afdb	start	0
AF-A0A838B0E9-F1-model_v4	AF-A0A838B0E9-F1-model_v4_TED01	afdb	end	0
AF-A0A838B0E9-F1-model_v4	AF-A0A838B0E9-F1-model_v4_TED02	afdb	start	0
AF-A0A838B0E9-F1-model_v4	AF-A0A838B0E9-F1-model_v4_TED02	afdb	end	0
AF-A0A838B0E9-F1-model_v4	AF-A0A838B0E9-F1-model_v4_TED01	esm	start	-1
AF-A0A838B0E9-F1-model_v4	AF-A0A838B0E9-F1-model_v4_TED01	esm	end	0
AF-A0A838B0E9-F1-model_v4	AF-A0A838B0E9-F1-model_v4_TED02	esm	start	-1
AF-A0A838B0E9-F1-model_v4	AF-A0A838B0E9-F1-model_v4_TED02	esm	end	0
AF-A0A7T5CKH9-F1-model_v4	AF-A0A7T5CKH9-F1-model_v4_TED01	afdb	start	0
AF-A0A7T5CKH9-F1-model_v4	AF-A0A7T5CKH9-F1-model_v4_TED01	afdb	end	0
AF-A0A7T5CKH9-F1-model_v4	AF-A0A7T5CKH9-F1-model_v4_TED01	esm	start	0
AF-A0A7T5CKH9-F1-model_v4	AF-A0A7T5CKH9-F1-model_v4_TED01	esm	end	-2
AF-A0A377R264-F1-model_v4	AF-A0A377R264-F1-model_v4_TED01	afdb	start	0
AF-A0A377R264-F1-model_v4	AF-A0A377R264-F1-model_v4_TED01	afdb	end	0
AF-A0A377R264-F1-model_v4	AF-A0A377R264-F1-model_v4_TED01	afdb	start	0
AF-A0A377R264-F1-model_v4	AF-A0A377R264-F1-model_v4_TED01	afdb	end	0
AF-A0A377R264-F1-model_v4	AF-A0A377R264-F1-model_v4_TED02	afdb	start	0
AF-A0A377R264-F1-model_v4	AF-A0A377R264-F1-model_v4_TED02	afdb	end	0
AF-A0A377R264-F1-model_v4	AF-A0A377R264-F1-model_v4_TED01	esm	start	0
AF-A0A377R264-F1-model_v4	AF-A0A377R264-F1-model_v4_TED01	esm	end	0
AF-A0A377R264-F1-model_v4	AF-A0A377R264-F1-model_v4_TED01	esm	start	0
AF-A0A377R264-F1-model_v4	AF-A0A377R264-F1-model_v4_TED01	esm	end	0
AF-A0A377R264-F1-model_v4	AF-A0A377R264-F1-model_v4_TED02	esm	start	0
AF-A0A377R264-F1-model_v4	AF-A0A377R264-F1-model_v4_TED02	esm	end	0
AF-A0A3P8ZCT7-F1-model_v4	AF-A0A3P8ZCT7-F1-model_v4_TED01	afdb	start	0
AF-A0A3P8ZCT7-F1-model_v4	AF-A0A3P8ZCT7-F1-model_v4_TED01	afdb	end	0
AF-A0A3P8ZCT7-F1-model_v4	AF-A0A3P8ZCT7-F1-model_v4_TED02	afdb	start	0
AF-A0A3P8ZCT7-F1-model_v4	AF-A0A3P8ZCT7-F1-model_v4_TED02	afdb	end	8
AF-A0A3P8ZCT7-F1-model_v4	AF-A0A3P8ZCT7-F1-model_v4_TED01	esm	start	0
AF-A0A3P8ZCT7-F1-model_v4	AF-A0A3P8ZCT7-F1-model_v4_TED01	esm	end	1
AF-A0A3P8ZCT7-F1-model_v4	AF-A0A3P8ZCT7-F1-model_v4_TED02	esm	start	0
AF-A0A3P8ZCT7-F1-model_v4	AF-A0A3P8ZCT7-F1-model_v4_TED02	esm	end	15
AF-A0A1F0XXS9-F1-model_v4	AF-A0A1F0XXS9-F1-model_v4_TED01	afdb	start	0
AF-A0A1F0XXS9-F1-model_v4	AF-A0A1F0XXS9-F1-model_v4_TED01	afdb	end	0
AF-A0A1F0XXS9-F1-model_v4	AF-A0A1F0XXS9-F1-model_v4_TED01	esm	start	0
AF-A0A1F0XXS9-F1-model_v4	AF-A0A1F0XXS9-F1-model_v4_TED01	esm	end	-8
AF-G1V957-F1-model_v4	AF-G1V957-F1-model_v4_TED01	afdb	start	0
AF-G1V957-F1-model_v4	AF-G1V957-F1-model_v4_TED01	afdb	end	0
AF-G1V957-F1-model_v4	AF-G1V957-F1-model_v4_TED01	esm	start	0
AF-G1V957-F1-model_v4	AF-G1V957-F1-model_v4_TED01	esm	end	0
AF-J4K8B1-F1-model_v4	AF-J4K8B1-F1-model_v4_TED01	afdb	start	0
AF-J4K8B1-F1-model_v4	AF-J4K8B1-F1-model_v4_TED01	afdb	end	0
AF-J4K8B1-F1-model_v4	AF-J4K8B1-F1-model_v4_TED02	afdb	start	0
AF-J4K8B1-F1-model_v4	AF-J4K8B1-F1-model_v4_TED02	afdb	end	0
AF-J4K8B1-F1-model_v4	AF-J4K8B1-F1-model_v4_TED01	esm	start	2
AF-J4K8B1-F1-model_v4	AF-J4K8B1-F1-model_v4_TED01	esm	end	1
AF-J4K8B1-F1-model_v4	AF-J4K8B1-F1-model_v4_TED02	esm	start	-10
AF-J4K8B1-F1-model_v4	AF-J4K8B1-F1-model_v4_TED02	esm	end	-3
AF-A0A752ZYP4-F1-model_v4	AF-A0A752ZYP4-F1-model_v4_TED01	afdb	start	0
AF-A0A752ZYP4-F1-model_v4	AF-A0A752ZYP4-F1-model_v4_TED01	afdb	end	0
AF-A0A752ZYP4-F1-model_v4	AF-A0A752ZYP4-F1-model_v4_TED01	esm	start	0
AF-A0A752ZYP4-F1-model_v4	AF-A0A752ZYP4-F1-model_v4_TED01	esm	end	-9
AF-A0A072P2J9-F1-model_v4	AF-A0A072P2J9-F1-model_v4_TED01	afdb	start	0
AF-A0A072P2J9-F1-model_v4	AF-A0A072P2J9-F1-model_v4_TED01	afdb	end	0
AF-A0A072P2J9-F1-model_v4	AF-A0A072P2J9-F1-model_v4_TED02	afdb	start	0
AF-A0A072P2J9-F1-model_v4	AF-A0A072P2J9-F1-model_v4_TED02	afdb	end	0
AF-A0A072P2J9-F1-model_v4	AF-A0A072P2J9-F1-model_v4_TED01	esm	start	0
AF-A0A072P2J9-F1-model_v4	AF-A0A072P2J9-F1-model_v4_TED01	esm	end	0
AF-A0A072P2J9-F1-model_v4	AF-A0A072P2J9-F1-model_v4_TED02	esm	start	0
AF-A0A072P2J9-F1-model_v4	AF-A0A072P2J9-F1-model_v4_TED02	esm	end	56
AF-A0A6J1LGK2-F1-model_v4	AF-A0A6J1LGK2-F1-model_v4_TED01	afdb	start	0
AF-A0A6J1LGK2-F1-model_v4	AF-A0A6J1LGK2-F1-model_v4_TED01	afdb	end	0
AF-A0A6J1LGK2-F1-model_v4	AF-A0A6J1LGK2-F1-model_v4_TED01	afdb	start	0
AF-A0A6J1LGK2-F1-model_v4	AF-A0A6J1LGK2-F1-model_v4_TED01	afdb	end	0
AF-A0A6J1LGK2-F1-model_v4	AF-A0A6J1LGK2-F1-model_v4_TED02	afdb	start	0
AF-A0A6J1LGK2-F1-model_v4	AF-A0A6J1LGK2-F1-model_v4_TED02	afdb	end	0
AF-A0A6J1LGK2-F1-model_v4	AF-A0A6J1LGK2-F1-model_v4_TED01	esm	start	0
AF-A0A6J1LGK2-F1-model_v4	AF-A0A6J1LGK2-F1-model_v4_TED01	esm	end	0
AF-A0A6J1LGK2-F1-model_v4	AF-A0A6J1LGK2-F1-model_v4_TED01	esm	start	-1
AF-A0A6J1LGK2-F1-model_v4	AF-A0A6J1LGK2-F1-model_v4_TED01	esm	end	2
AF-A0A6J1LGK2-F1-model_v4	AF-A0A6J1LGK2-F1-model_v4_TED02	esm	start	1
AF-A0A6J1LGK2-F1-model_v4	AF-A0A6J1LGK2-F1-model_v4_TED02	esm	end	-7
AF-A0A3E3IC47-F1-model_v4	AF-A0A3E3IC47-F1-model_v4_TED01	afdb	start	0
AF-A0A3E3IC47-F1-model_v4	AF-A0A3E3IC47-F1-model_v4_TED01	afdb	end	0
AF-A0A3E3IC47-F1-model_v4	AF-A0A3E3IC47-F1-model_v4_TED01	afdb	start	0
AF-A0A3E3IC47-F1-model_v4	AF-A0A3E3IC47-F1-model_v4_TED01	afdb	end	0
AF-A0A3E3IC47-F1-model_v4	AF-A0A3E3IC47-F1-model_v4_TED02	afdb	start	0
AF-A0A3E3IC47-F1-model_v4	AF-A0A3E3IC47-F1-model_v4_TED02	afdb	end	0
AF-A0A3E3IC47-F1-model_v4	AF-A0A3E3IC47-F1-model_v4_TED01	esm	start	-2
AF-A0A3E3IC47-F1-model_v4	AF-A0A3E3IC47-F1-model_v4_TED01	esm	end	6
AF-A0A3E3IC47-F1-model_v4	AF-A0A3E3IC47-F1-model_v4_TED01	esm	start	0
AF-A0A3E3IC47-F1-model_v4	AF-A0A3E3IC47-F1-model_v4_TED01	esm	end	3
AF-A0A3E3IC47-F1-model_v4	AF-A0A3E3IC47-F1-model_v4_TED02	esm	start	0
AF-A0A3E3IC47-F1-model_v4	AF-A0A3E3IC47-F1-model_v4_TED02	esm	end	1
AF-Q8VV18-F1-model_v4	AF-Q8VV18-F1-model_v4_TED01	afdb	start	0
AF-Q8VV18-F1-model_v4	AF-Q8VV18-F1-model_v4_TED01	afdb	end	0
AF-Q8VV18-F1-model_v4	AF-Q8VV18-F1-model_v4_TED02	afdb	start	0
AF-Q8VV18-F1-model_v4	AF-Q8VV18-F1-model_v4_TED02	afdb	end	0
AF-Q8VV18-F1-model_v4	AF-Q8VV18-F1-model_v4_TED01	esm	start	33
AF-Q8VV18-F1-model_v4	AF-Q8VV18-F1-model_v4_TED01	esm	end	-2
AF-Q8VV18-F1-model_v4	AF-Q8VV18-F1-model_v4_TED02	esm	start	-4
AF-Q8VV18-F1-model_v4	AF-Q8VV18-F1-model_v4_TED02	esm	end	0
AF-L2GWL3-F1-model_v4	AF-L2GWL3-F1-model_v4_TED01	afdb	start	0
AF-L2GWL3-F1-model_v4	AF-L2GWL3-F1-model_v4_TED01	afdb	end	0
AF-L2GWL3-F1-model_v4	AF-L2GWL3-F1-model_v4_TED01	afdb	start	0
AF-L2GWL3-F1-model_v4	AF-L2GWL3-F1-model_v4_TED01	afdb	end	0
AF-L2GWL3-F1-model_v4	AF-L2GWL3-F1-model_v4_TED01	esm	start	0
AF-L2GWL3-F1-model_v4	AF-L2GWL3-F1-model_v4_TED01	esm	end	0
AF-L2GWL3-F1-model_v4	AF-L2GWL3-F1-model_v4_TED01	esm	start	-2
AF-L2GWL3-F1-model_v4	AF-L2GWL3-F1-model_v4_TED01	esm	end	0
AF-A0A2X0N282-F1-model_v4	AF-A0A2X0N282-F1-model_v4_TED01	afdb	start	0
AF-A0A2X0N282-F1-model_v4	AF-A0A2X0N282-F1-model_v4_TED01	afdb	end	0
AF-A0A2X0N282-F1-model_v4	AF-A0A2X0N282-F1-model_v4_TED02	afdb	start	0
AF-A0A2X0N282-F1-model_v4	AF-A0A2X0N282-F1-model_v4_TED02	afdb	end	0
AF-A0A2X0N282-F1-model_v4	AF-A0A2X0N282-F1-model_v4_TED01	esm	start	-4
AF-A0A2X0N282-F1-model_v4	AF-A0A2X0N282-F1-model_v4_TED01	esm	end	2
AF-A0A2X0N282-F1-model_v4	AF-A0A2X0N282-F1-model_v4_TED02	esm	start	0
AF-A0A2X0N282-F1-model_v4	AF-A0A2X0N282-F1-model_v4_TED02	esm	end	1
AF-Q4WUU4-F1-model_v4	AF-Q4WUU4-F1-model_v4_TED01	afdb	start	0
AF-Q4WUU4-F1-model_v4	AF-Q4WUU4-F1-model_v4_TED01	afdb	end	0
AF-Q4WUU4-F1-model_v4	AF-Q4WUU4-F1-model_v4_TED01	esm	start	0
AF-Q4WUU4-F1-model_v4	AF-Q4WUU4-F1-model_v4_TED01	esm	end	1
AF-A0A851IMG0-F1-model_v4	AF-A0A851IMG0-F1-model_v4_TED01	afdb	start	0
AF-A0A851IMG0-F1-model_v4	AF-A0A851IMG0-F1-model_v4_TED01	afdb	end	0
AF-A0A851IMG0-F1-model_v4	AF-A0A851IMG0-F1-model_v4_TED02	afdb	start	0
AF-A0A851IMG0-F1-model_v4	AF-A0A851IMG0-F1-model_v4_TED02	afdb	end	0
AF-A0A851IMG0-F1-model_v4	AF-A0A851IMG0-F1-model_v4_TED01	esm	start	-15
AF-A0A851IMG0-F1-model_v4	AF-A0A851IMG0-F1-model_v4_TED01	esm	end	-4
AF-A0A851IMG0-F1-model_v4	AF-A0A851IMG0-F1-model_v4_TED02	esm	start	0
AF-A0A851IMG0-F1-model_v4	AF-A0A851IMG0-F1-model_v4_TED02	esm	end	1
AF-A0A4R7ZIS5-F1-model_v4	AF-A0A4R7ZIS5-F1-model_v4_TED01	afdb	start	0
AF-A0A4R7ZIS5-F1-model_v4	AF-A0A4R7ZIS5-F1-model_v4_TED01	afdb	end	0
AF-A0A4R7ZIS5-F1-model_v4	AF-A0A4R7ZIS5-F1-model_v4_TED01	esm	start	0
AF-A0A4R7ZIS5-F1-model_v4	AF-A0A4R7ZIS5-F1-model_v4_TED01	esm	end	1
AF-A0A3B3YJD7-F1-model_v4	AF-A0A3B3YJD7-F1-model_v4_TED01	afdb	start	0
AF-A0A3B3YJD7-F1-model_v4	AF-A0A3B3YJD7-F1-model_v4_TED01	afdb	end	0
AF-A0A3B3YJD7-F1-model_v4	AF-A0A3B3YJD7-F1-model_v4_TED02	afdb	start	0
AF-A0A3B3YJD7-F1-model_v4	AF-A0A3B3YJD7-F1-model_v4_TED02	afdb	end	0
AF-A0A3B3YJD7-F1-model_v4	AF-A0A3B3YJD7-F1-model_v4_TED03	afdb	start	0
AF-A0A3B3YJD7-F1-model_v4	AF-A0A3B3YJD7-F1-model_v4_TED03	afdb	end	0
AF-A0A3B3YJD7-F1-model_v4	AF-A0A3B3YJD7-F1-model_v4_TED01	esm	start	4
AF-A0A3B3YJD7-F1-model_v4	AF-A0A3B3YJD7-F1-model_v4_TED01	esm	end	0
AF-A0A3B3YJD7-F1-model_v4	AF-A0A3B3YJD7-F1-model_v4_TED02	esm	start	7
AF-A0A3B3YJD7-F1-model_v4	AF-A0A3B3YJD7-F1-model_v4_TED02	esm	end	-5
AF-A0A3B3YJD7-F1-model_v4	AF-A0A3B3YJD7-F1-model_v4_TED03	esm	start	-8
AF-A0A3B3YJD7-F1-model_v4	AF-A0A3B3YJD7-F1-model_v4_TED03	esm	end	0
AF-A0A0F3LET3-F1-model_v4	AF-A0A0F3LET3-F1-model_v4_TED01	afdb	start	0
AF-A0A0F3LET3-F1-model_v4	AF-A0A0F3LET3-F1-model_v4_TED01	afdb	end	0
AF-A0A0F3LET3-F1-model_v4	AF-A0A0F3LET3-F1-model_v4_TED02	afdb	start	0
AF-A0A0F3LET3-F1-model_v4	AF-A0A0F3LET3-F1-model_v4_TED02	afdb	end	0
AF-A0A0F3LET3-F1-model_v4	AF-A0A0F3LET3-F1-model_v4_TED03	afdb	start	0
AF-A0A0F3LET3-F1-model_v4	AF-A0A0F3LET3-F1-model_v4_TED03	afdb	end	0
AF-A0A0F3LET3-F1-model_v4	AF-A0A0F3LET3-F1-model_v4_TED01	esm	start	0
AF-A0A0F3LET3-F1-model_v4	AF-A0A0F3LET3-F1-model_v4_TED01	esm	end	0
AF-A0A0F3LET3-F1-model_v4	AF-A0A0F3LET3-F1-model_v4_TED02	esm	start	0
AF-A0A0F3LET3-F1-model_v4	AF-A0A0F3LET3-F1-model_v4_TED02	esm	end	-2
AF-A0A0F3LET3-F1-model_v4	AF-A0A0F3LET3-F1-model_v4_TED03	esm	start	0
AF-A0A0F3LET3-F1-model_v4	AF-A0A0F3LET3-F1-model_v4_TED03	esm	end	8
AF-A0A6G0ABT2-F1-model_v4	AF-A0A6G0ABT2-F1-model_v4_TED01	afdb	start	0
AF-A0A6G0ABT2-F1-model_v4	AF-A0A6G0ABT2-F1-model_v4_TED01	afdb	end	0
AF-A0A6G0ABT2-F1-model_v4	AF-A0A6G0ABT2-F1-model_v4_TED01	esm	start	-8
AF-A0A6G0ABT2-F1-model_v4	AF-A0A6G0ABT2-F1-model_v4_TED01	esm	end	0
AF-A0A194PWP3-F1-model_v4	AF-A0A194PWP3-F1-model_v4_TED01	afdb	start	0
AF-A0A194PWP3-F1-model_v4	AF-A0A194PWP3-F1-model_v4_TED01	afdb	end	0
AF-A0A194PWP3-F1-model_v4	AF-A0A194PWP3-F1-model_v4_TED01	esm	start	0
AF-A0A194PWP3-F1-model_v4	AF-A0A194PWP3-F1-model_v4_TED01	esm	end	17
AF-A0A1H1MMY1-F1-model_v4	AF-A0A1H1MMY1-F1-model_v4_TED01	afdb	start	0
AF-A0A1H1MMY1-F1-model_v4	AF-A0A1H1MMY1-F1-model_v4_TED01	afdb	end	0
AF-A0A1H1MMY1-F1-model_v4	AF-A0A1H1MMY1-F1-model_v4_TED01	afdb	start	0
AF-A0A1H1MMY1-F1-model_v4	AF-A0A1H1MMY1-F1-model_v4_TED01	afdb	end	0
AF-A0A1H1MMY1-F1-model_v4	AF-A0A1H1MMY1-F1-model_v4_TED02	afdb	start	0
AF-A0A1H1MMY1-F1-model_v4	AF-A0A1H1MMY1-F1-model_v4_TED02	afdb	end	0
AF-A0A1H1MMY1-F1-model_v4	AF-A0A1H1MMY1-F1-model_v4_TED03	afdb	start	0
AF-A0A1H1MMY1-F1-model_v4	AF-A0A1H1MMY1-F1-model_v4_TED03	afdb	end	0
AF-A0A1H1MMY1-F1-model_v4	AF-A0A1H1MMY1-F1-model_v4_TED01	esm	start	0
AF-A0A1H1MMY1-F1-model_v4	AF-A0A1H1MMY1-F1-model_v4_TED01	esm	end	0
AF-A0A1H1MMY1-F1-model_v4	AF-A0A1H1MMY1-F1-model_v4_TED01	esm	start	-1
AF-A0A1H1MMY1-F1-model_v4	AF-A0A1H1MMY1-F1-model_v4_TED01	esm	end	0
AF-A0A1H1MMY1-F1-model_v4	AF-A0A1H1MMY1-F1-model_v4_TED02	esm	start	0
AF-A0A1H1MMY1-F1-model_v4	AF-A0A1H1MMY1-F1-model_v4_TED02	esm	end	0
AF-A0A1H1MMY1-F1-model_v4	AF-A0A1H1MMY1-F1-model_v4_TED03	esm	start	17
AF-A0A1H1MMY1-F1-model_v4	AF-A0A1H1MMY1-F1-model_v4_TED03	esm	end	2
AF-A0A1J5XC50-F1-model_v4	AF-A0A1J5XC50-F1-model_v4_TED01	afdb	start	0
AF-A0A1J5XC50-F1-model_v4	AF-A0A1J5XC50-F1-model_v4_TED01	afdb	end	0
AF-A0A1J5XC50-F1-model_v4	AF-A0A1J5XC50-F1-model_v4_TED01	afdb	start	0
AF-A0A1J5XC50-F1-model_v4	AF-A0A1J5XC50-F1-model_v4_TED01	afdb	end	0
AF-A0A1J5XC50-F1-model_v4	AF-A0A1J5XC50-F1-model_v4_TED02	afdb	start	0
AF-A0A1J5XC50-F1-model_v4	AF-A0A1J5XC50-F1-model_v4_TED02	afdb	end	0
AF-A0A1J5XC50-F1-model_v4	AF-A0A1J5XC50-F1-model_v4_TED03	afdb	start	0
AF-A0A1J5XC50-F1-model_v4	AF-A0A1J5XC50-F1-model_v4_TED03	afdb	end	0
AF-A0A1J5XC50-F1-model_v4	AF-A0A1J5XC50-F1-model_v4_TED01	esm	start	-1
AF-A0A1J5XC50-F1-model_v4	AF-A0A1J5XC50-F1-model_v4_TED01	esm	end	0
AF-A0A1J5XC50-F1-model_v4	AF-A0A1J5XC50-F1-model_v4_TED01	esm	start	0
AF-A0A1J5XC50-F1-model_v4	AF-A0A1J5XC50-F1-model_v4_TED01	esm	end	0
AF-A0A1J5XC50-F1-model_v4	AF-A0A1J5XC50-F1-model_v4_TED02	esm	start	9
AF-A0A1J5XC50-F1-model_v4	AF-A0A1J5XC50-F1-model_v4_TED02	esm	end	0
AF-A0A1J5XC50-F1-model_v4	AF-A0A1J5XC50-F1-model_v4_TED03	esm	start	0
AF-A0A1J5XC50-F1-model_v4	AF-A0A1J5XC50-F1-model_v4_TED03	esm	end	0
AF-A0A2A7WY25-F1-model_v4	AF-A0A2A7WY25-F1-model_v4_TED01	afdb	start	0
AF-A0A2A7WY25-F1-model_v4	AF-A0A2A7WY25-F1-model_v4_TED01	afdb	end	0
AF-A0A2A7WY25-F1-model_v4	AF-A0A2A7WY25-F1-model_v4_TED01	esm	start	1
AF-A0A2A7WY25-F1-model_v4	AF-A0A2A7WY25-F1-model_v4_TED01	esm	end	0
AF-D7U205-F1-model_v4	AF-D7U205-F1-model_v4_TED01	afdb	start	0
AF-D7U205-F1-model_v4	AF-D7U205-F1-model_v4_TED01	afdb	end	0
AF-D7U205-F1-model_v4	AF-D7U205-F1-model_v4_TED01	esm	start	0
AF-D7U205-F1-model_v4	AF-D7U205-F1-model_v4_TED01	esm	end	-24
AF-A0A7Y4TTR3-F1-model_v4	AF-A0A7Y4TTR3-F1-model_v4_TED01	afdb	start	0
AF-A0A7Y4TTR3-F1-model_v4	AF-A0A7Y4TTR3-F1-model_v4_TED01	afdb	end	0
AF-A0A7Y4TTR3-F1-model_v4	AF-A0A7Y4TTR3-F1-model_v4_TED01	afdb	start	0
AF-A0A7Y4TTR3-F1-model_v4	AF-A0A7Y4TTR3-F1-model_v4_TED01	afdb	end	0
AF-A0A7Y4TTR3-F1-model_v4	AF-A0A7Y4TTR3-F1-model_v4_TED01	esm	start	0
AF-A0A7Y4TTR3-F1-model_v4	AF-A0A7Y4TTR3-F1-model_v4_TED01	esm	end	-13
AF-A0A7Y4TTR3-F1-model_v4	AF-A0A7Y4TTR3-F1-model_v4_TED01	esm	start	0
AF-A0A7Y4TTR3-F1-model_v4	AF-A0A7Y4TTR3-F1-model_v4_TED01	esm	end	-70
AF-A0A2G0YAJ6-F1-model_v4	AF-A0A2G0YAJ6-F1-model_v4_TED01	afdb	start	0
AF-A0A2G0YAJ6-F1-model_v4	AF-A0A2G0YAJ6-F1-model_v4_TED01	afdb	end	0
AF-A0A2G0YAJ6-F1-model_v4	AF-A0A2G0YAJ6-F1-model_v4_TED02	afdb	start	0
AF-A0A2G0YAJ6-F1-model_v4	AF-A0A2G0YAJ6-F1-model_v4_TED02	afdb	end	0
AF-A0A2G0YAJ6-F1-model_v4	AF-A0A2G0YAJ6-F1-model_v4_TED01	esm	start	0
AF-A0A2G0YAJ6-F1-model_v4	AF-A0A2G0YAJ6-F1-model_v4_TED01	esm	end	1
AF-A0A2G0YAJ6-F1-model_v4	AF-A0A2G0YAJ6-F1-model_v4_TED02	esm	start	-2
AF-A0A2G0YAJ6-F1-model_v4	AF-A0A2G0YAJ6-F1-model_v4_TED02	esm	end	0
AF-A0A7L4RE36-F1-model_v4	AF-A0A7L4RE36-F1-model_v4_TED01	afdb	start	0
AF-A0A7L4RE36-F1-model_v4	AF-A0A7L4RE36-F1-model_v4_TED01	afdb	end	0
AF-A0A7L4RE36-F1-model_v4	AF-A0A7L4RE36-F1-model_v4_TED02	afdb	start	0
AF-A0A7L4RE36-F1-model_v4	AF-A0A7L4RE36-F1-model_v4_TED02	afdb	end	0
AF-A0A4Y3WNG4-F1-model_v4	AF-A0A4Y3WNG4-F1-model_v4_TED01	afdb	start	0
AF-A0A4Y3WNG4-F1-model_v4	AF-A0A4Y3WNG4-F1-model_v4_TED01	afdb	end	0
AF-A0A4Y3WNG4-F1-model_v4	AF-A0A4Y3WNG4-F1-model_v4_TED01	afdb	start	0
AF-A0A4Y3WNG4-F1-model_v4	AF-A0A4Y3WNG4-F1-model_v4_TED01	afdb	end	0
AF-A0A4Y3WNG4-F1-model_v4	AF-A0A4Y3WNG4-F1-model_v4_TED01	afdb	start	0
AF-A0A4Y3WNG4-F1-model_v4	AF-A0A4Y3WNG4-F1-model_v4_TED01	afdb	end	0
AF-A0A4Y3WNG4-F1-model_v4	AF-A0A4Y3WNG4-F1-model_v4_TED02	afdb	start	0
AF-A0A4Y3WNG4-F1-model_v4	AF-A0A4Y3WNG4-F1-model_v4_TED02	afdb	end	0
AF-A0A4Y3WNG4-F1-model_v4	AF-A0A4Y3WNG4-F1-model_v4_TED02	afdb	start	0
AF-A0A4Y3WNG4-F1-model_v4	AF-A0A4Y3WNG4-F1-model_v4_TED02	afdb	end	0
AF-A0A4Y3WNG4-F1-model_v4	AF-A0A4Y3WNG4-F1-model_v4_TED01	esm	start	-2
AF-A0A4Y3WNG4-F1-model_v4	AF-A0A4Y3WNG4-F1-model_v4_TED01	esm	end	7
AF-A0A4Y3WNG4-F1-model_v4	AF-A0A4Y3WNG4-F1-model_v4_TED01	esm	start	0
AF-A0A4Y3WNG4-F1-model_v4	AF-A0A4Y3WNG4-F1-model_v4_TED01	esm	end	1
AF-A0A4Y3WNG4-F1-model_v4	AF-A0A4Y3WNG4-F1-model_v4_TED01	esm	start	-1
AF-A0A4Y3WNG4-F1-model_v4	AF-A0A4Y3WNG4-F1-model_v4_TED01	esm	end	12
AF-A0A4Y3WNG4-F1-model_v4	AF-A0A4Y3WNG4-F1-model_v4_TED02	esm	start	0
AF-A0A4Y3WNG4-F1-model_v4	AF-A0A4Y3WNG4-F1-model_v4_TED02	esm	end	0
AF-A0A4Y3WNG4-F1-model_v4	AF-A0A4Y3WNG4-F1-model_v4_TED02	esm	start	0
AF-A0A4Y3WNG4-F1-model_v4	AF-A0A4Y3WNG4-F1-model_v4_TED02	esm	end	-2
AF-A0A0P1FVT3-F1-model_v4	AF-A0A0P1FVT3-F1-model_v4_TED01	afdb	start	0
AF-A0A0P1FVT3-F1-model_v4	AF-A0A0P1FVT3-F1-model_v4_TED01	afdb	end	0
AF-A0A0P1FVT3-F1-model_v4	AF-A0A0P1FVT3-F1-model_v4_TED02	afdb	start	0
AF-A0A0P1FVT3-F1-model_v4	AF-A0A0P1FVT3-F1-model_v4_TED02	afdb	end	0
AF-A0A0P1FVT3-F1-model_v4	AF-A0A0P1FVT3-F1-model_v4_TED03	afdb	start	0
AF-A0A0P1FVT3-F1-model_v4	AF-A0A0P1FVT3-F1-model_v4_TED03	afdb	end	0
AF-A0A0P1FVT3-F1-model_v4	AF-A0A0P1FVT3-F1-model_v4_TED04	afdb	start	0
AF-A0A0P1FVT3-F1-model_v4	AF-A0A0P1FVT3-F1-model_v4_TED04	afdb	end	0
AF-A0A0P1FVT3-F1-model_v4	AF-A0A0P1FVT3-F1-model_v4_TED05	afdb	start	0
AF-A0A0P1FVT3-F1-model_v4	AF-A0A0P1FVT3-F1-model_v4_TED05	afdb	end	0
AF-A0A0P1FVT3-F1-model_v4	AF-A0A0P1FVT3-F1-model_v4_TED06	afdb	start	0
AF-A0A0P1FVT3-F1-model_v4	AF-A0A0P1FVT3-F1-model_v4_TED06	afdb	end	0
AF-A0A0P1FVT3-F1-model_v4	AF-A0A0P1FVT3-F1-model_v4_TED07	afdb	start	0
AF-A0A0P1FVT3-F1-model_v4	AF-A0A0P1FVT3-F1-model_v4_TED07	afdb	end	0
AF-A0A0P1FVT3-F1-model_v4	AF-A0A0P1FVT3-F1-model_v4_TED01	esm	start	6
AF-A0A0P1FVT3-F1-model_v4	AF-A0A0P1FVT3-F1-model_v4_TED01	esm	end	2
AF-A0A0P1FVT3-F1-model_v4	AF-A0A0P1FVT3-F1-model_v4_TED02	esm	start	-4
AF-A0A0P1FVT3-F1-model_v4	AF-A0A0P1FVT3-F1-model_v4_TED02	esm	end	-1
AF-A0A0P1FVT3-F1-model_v4	AF-A0A0P1FVT3-F1-model_v4_TED03	esm	start	0
AF-A0A0P1FVT3-F1-model_v4	AF-A0A0P1FVT3-F1-model_v4_TED03	esm	end	0
AF-A0A0P1FVT3-F1-model_v4	AF-A0A0P1FVT3-F1-model_v4_TED04	esm	start	4
AF-A0A0P1FVT3-F1-model_v4	AF-A0A0P1FVT3-F1-model_v4_TED04	esm	end	0
AF-A0A0P1FVT3-F1-model_v4	AF-A0A0P1FVT3-F1-model_v4_TED05	esm	start	0
AF-A0A0P1FVT3-F1-model_v4	AF-A0A0P1FVT3-F1-model_v4_TED05	esm	end	2
AF-A0A0P1FVT3-F1-model_v4	AF-A0A0P1FVT3-F1-model_v4_TED06	esm	start	0
AF-A0A0P1FVT3-F1-model_v4	AF-A0A0P1FVT3-F1-model_v4_TED06	esm	end	0
AF-A0A0P1FVT3-F1-model_v4	AF-A0A0P1FVT3-F1-model_v4_TED07	esm	start	0
AF-A0A0P1FVT3-F1-model_v4	AF-A0A0P1FVT3-F1-model_v4_TED07	esm	end	0
AF-A0A529NF24-F1-model_v4	AF-A0A529NF24-F1-model_v4_TED01	afdb	start	0
AF-A0A529NF24-F1-model_v4	AF-A0A529NF24-F1-model_v4_TED01	afdb	end	0
AF-A0A529NF24-F1-model_v4	AF-A0A529NF24-F1-model_v4_TED02	afdb	start	0
AF-A0A529NF24-F1-model_v4	AF-A0A529NF24-F1-model_v4_TED02	afdb	end	0
AF-A0A529NF24-F1-model_v4	AF-A0A529NF24-F1-model_v4_TED01	esm	start	-5
AF-A0A529NF24-F1-model_v4	AF-A0A529NF24-F1-model_v4_TED01	esm	end	0
AF-A0A529NF24-F1-model_v4	AF-A0A529NF24-F1-model_v4_TED02	esm	start	-5
AF-A0A529NF24-F1-model_v4	AF-A0A529NF24-F1-model_v4_TED02	esm	end	3
AF-A0A1E3BE78-F1-model_v4	AF-A0A1E3BE78-F1-model_v4_TED01	afdb	start	0
AF-A0A1E3BE78-F1-model_v4	AF-A0A1E3BE78-F1-model_v4_TED01	afdb	end	0
AF-A0A1E3BE78-F1-model_v4	AF-A0A1E3BE78-F1-model_v4_TED01	afdb	start	0
AF-A0A1E3BE78-F1-model_v4	AF-A0A1E3BE78-F1-model_v4_TED01	afdb	end	0
AF-A0A1E3BE78-F1-model_v4	AF-A0A1E3BE78-F1-model_v4_TED02	afdb	start	0
AF-A0A1E3BE78-F1-model_v4	AF-A0A1E3BE78-F1-model_v4_TED02	afdb	end	0
AF-A0A1E3BE78-F1-model_v4	AF-A0A1E3BE78-F1-model_v4_TED02	afdb	start	0
AF-A0A1E3BE78-F1-model_v4	AF-A0A1E3BE78-F1-model_v4_TED02	afdb	end	0
AF-A0A1E3BE78-F1-model_v4	AF-A0A1E3BE78-F1-model_v4_TED01	esm	start	0
AF-A0A1E3BE78-F1-model_v4	AF-A0A1E3BE78-F1-model_v4_TED01	esm	end	0
AF-A0A1E3BE78-F1-model_v4	AF-A0A1E3BE78-F1-model_v4_TED01	esm	start	1
AF-A0A1E3BE78-F1-model_v4	AF-A0A1E3BE78-F1-model_v4_TED01	esm	end	0
AF-A0A1E3BE78-F1-model_v4	AF-A0A1E3BE78-F1-model_v4_TED02	esm	start	-9
AF-A0A1E3BE78-F1-model_v4	AF-A0A1E3BE78-F1-model_v4_TED02	esm	end	1
AF-A0A1E3BE78-F1-model_v4	AF-A0A1E3BE78-F1-model_v4_TED02	esm	start	3
AF-A0A1E3BE78-F1-model_v4	AF-A0A1E3BE78-F1-model_v4_TED02	esm	end	0
AF-A0A3A5VS80-F1-model_v4	AF-A0A3A5VS80-F1-model_v4_TED01	afdb	start	0
AF-A0A3A5VS80-F1-model_v4	AF-A0A3A5VS80-F1-model_v4_TED01	afdb	end	0
AF-A0A3A5VS80-F1-model_v4	AF-A0A3A5VS80-F1-model_v4_TED01	afdb	start	0
AF-A0A3A5VS80-F1-model_v4	AF-A0A3A5VS80-F1-model_v4_TED01	afdb	end	0
AF-A0A3A5VS80-F1-model_v4	AF-A0A3A5VS80-F1-model_v4_TED01	afdb	start	0
AF-A0A3A5VS80-F1-model_v4	AF-A0A3A5VS80-F1-model_v4_TED01	afdb	end	0
AF-A0A3A5VS80-F1-model_v4	AF-A0A3A5VS80-F1-model_v4_TED02	afdb	start	0
AF-A0A3A5VS80-F1-model_v4	AF-A0A3A5VS80-F1-model_v4_TED02	afdb	end	0
AF-A0A3A5VS80-F1-model_v4	AF-A0A3A5VS80-F1-model_v4_TED03	afdb	start	0
AF-A0A3A5VS80-F1-model_v4	AF-A0A3A5VS80-F1-model_v4_TED03	afdb	end	0
AF-A0A3A5VS80-F1-model_v4	AF-A0A3A5VS80-F1-model_v4_TED04	afdb	start	0
AF-A0A3A5VS80-F1-model_v4	AF-A0A3A5VS80-F1-model_v4_TED04	afdb	end	0
AF-A0A3A5VS80-F1-model_v4	AF-A0A3A5VS80-F1-model_v4_TED05	afdb	start	0
AF-A0A3A5VS80-F1-model_v4	AF-A0A3A5VS80-F1-model_v4_TED05	afdb	end	0
AF-A0A3A5VS80-F1-model_v4	AF-A0A3A5VS80-F1-model_v4_TED06	afdb	start	0
AF-A0A3A5VS80-F1-model_v4	AF-A0A3A5VS80-F1-model_v4_TED06	afdb	end	0
AF-A0A3A5VS80-F1-model_v4	AF-A0A3A5VS80-F1-model_v4_TED03	esm	start	1
AF-A0A3A5VS80-F1-model_v4	AF-A0A3A5VS80-F1-model_v4_TED03	esm	end	0
AF-A0A3A5VS80-F1-model_v4	AF-A0A3A5VS80-F1-model_v4_TED04	esm	start	0
AF-A0A3A5VS80-F1-model_v4	AF-A0A3A5VS80-F1-model_v4_TED04	esm	end	2
AF-A0A3A5VS80-F1-model_v4	AF-A0A3A5VS80-F1-model_v4_TED05	esm	start	0
AF-A0A3A5VS80-F1-model_v4	AF-A0A3A5VS80-F1-model_v4_TED05	esm	end	0
AF-A0A3A5VS80-F1-model_v4	AF-A0A3A5VS80-F1-model_v4_TED06	esm	start	-8
AF-A0A3A5VS80-F1-model_v4	AF-A0A3A5VS80-F1-model_v4_TED06	esm	end	0
AF-A0A7J0FWB5-F1-model_v4	AF-A0A7J0FWB5-F1-model_v4_TED01	afdb	start	0
AF-A0A7J0FWB5-F1-model_v4	AF-A0A7J0FWB5-F1-model_v4_TED01	afdb	end	0
AF-A0A7J0FWB5-F1-model_v4	AF-A0A7J0FWB5-F1-model_v4_TED02	afdb	start	0
AF-A0A7J0FWB5-F1-model_v4	AF-A0A7J0FWB5-F1-model_v4_TED02	afdb	end	0
AF-A0A7J0FWB5-F1-model_v4	AF-A0A7J0FWB5-F1-model_v4_TED02	afdb	start	0
AF-A0A7J0FWB5-F1-model_v4	AF-A0A7J0FWB5-F1-model_v4_TED02	afdb	end	0
AF-A0A7J0FWB5-F1-model_v4	AF-A0A7J0FWB5-F1-model_v4_TED01	esm	start	0
AF-A0A7J0FWB5-F1-model_v4	AF-A0A7J0FWB5-F1-model_v4_TED01	esm	end	0
AF-A0A7J0FWB5-F1-model_v4	AF-A0A7J0FWB5-F1-model_v4_TED02	esm	start	-2
AF-A0A7J0FWB5-F1-model_v4	AF-A0A7J0FWB5-F1-model_v4_TED02	esm	end	41
AF-A0A7J0FWB5-F1-model_v4	AF-A0A7J0FWB5-F1-model_v4_TED02	esm	start	26
AF-A0A7J0FWB5-F1-model_v4	AF-A0A7J0FWB5-F1-model_v4_TED02	esm	end	1
AF-A0A535PET1-F1-model_v4	AF-A0A535PET1-F1-model_v4_TED01	afdb	start	0
AF-A0A535PET1-F1-model_v4	AF-A0A535PET1-F1-model_v4_TED01	afdb	end	0
AF-A0A535PET1-F1-model_v4	AF-A0A535PET1-F1-model_v4_TED02	afdb	start	0
AF-A0A535PET1-F1-model_v4	AF-A0A535PET1-F1-model_v4_TED02	afdb	end	0
AF-A0A535PET1-F1-model_v4	AF-A0A535PET1-F1-model_v4_TED03	afdb	start	0
AF-A0A535PET1-F1-model_v4	AF-A0A535PET1-F1-model_v4_TED03	afdb	end	0
AF-A0A535PET1-F1-model_v4	AF-A0A535PET1-F1-model_v4_TED01	esm	start	1
AF-A0A535PET1-F1-model_v4	AF-A0A535PET1-F1-model_v4_TED01	esm	end	1
AF-A0A535PET1-F1-model_v4	AF-A0A535PET1-F1-model_v4_TED02	esm	start	0
AF-A0A535PET1-F1-model_v4	AF-A0A535PET1-F1-model_v4_TED02	esm	end	1
AF-A0A535PET1-F1-model_v4	AF-A0A535PET1-F1-model_v4_TED03	esm	start	0
AF-A0A535PET1-F1-model_v4	AF-A0A535PET1-F1-model_v4_TED03	esm	end	0
AF-A0A6M4A5T6-F1-model_v4	AF-A0A6M4A5T6-F1-model_v4_TED01	afdb	start	0
AF-A0A6M4A5T6-F1-model_v4	AF-A0A6M4A5T6-F1-model_v4_TED01	afdb	end	0
AF-A0A6M4A5T6-F1-model_v4	AF-A0A6M4A5T6-F1-model_v4_TED02	afdb	start	0
AF-A0A6M4A5T6-F1-model_v4	AF-A0A6M4A5T6-F1-model_v4_TED02	afdb	end	0
AF-A0A6M4A5T6-F1-model_v4	AF-A0A6M4A5T6-F1-model_v4_TED01	esm	start	12
AF-A0A6M4A5T6-F1-model_v4	AF-A0A6M4A5T6-F1-model_v4_TED01	esm	end	0
AF-A0A6M4A5T6-F1-model_v4	AF-A0A6M4A5T6-F1-model_v4_TED02	esm	start	0
AF-A0A6M4A5T6-F1-model_v4	AF-A0A6M4A5T6-F1-model_v4_TED02	esm	end	0
AF-Q3B1Q3-F1-model_v4	AF-Q3B1Q3-F1-model_v4_TED01	afdb	start	0
AF-Q3B1Q3-F1-model_v4	AF-Q3B1Q3-F1-model_v4_TED01	afdb	end	0
AF-Q3B1Q3-F1-model_v4	AF-Q3B1Q3-F1-model_v4_TED02	afdb	start	0
AF-Q3B1Q3-F1-model_v4	AF-Q3B1Q3-F1-model_v4_TED02	afdb	end	0
AF-Q3B1Q3-F1-model_v4	AF-Q3B1Q3-F1-model_v4_TED01	esm	start	-4
AF-Q3B1Q3-F1-model_v4	AF-Q3B1Q3-F1-model_v4_TED01	esm	end	0
AF-Q3B1Q3-F1-model_v4	AF-Q3B1Q3-F1-model_v4_TED02	esm	start	0
AF-Q3B1Q3-F1-model_v4	AF-Q3B1Q3-F1-model_v4_TED02	esm	end	-30
AF-A0A2E1V4A6-F1-model_v4	AF-A0A2E1V4A6-F1-model_v4_TED01	afdb	start	0
AF-A0A2E1V4A6-F1-model_v4	AF-A0A2E1V4A6-F1-model_v4_TED01	afdb	end	0
AF-A0A2E1V4A6-F1-model_v4	AF-A0A2E1V4A6-F1-model_v4_TED01	afdb	start	0
AF-A0A2E1V4A6-F1-model_v4	AF-A0A2E1V4A6-F1-model_v4_TED01	afdb	end	0
AF-A0A2E1V4A6-F1-model_v4	AF-A0A2E1V4A6-F1-model_v4_TED02	afdb	start	0
AF-A0A2E1V4A6-F1-model_v4	AF-A0A2E1V4A6-F1-model_v4_TED02	afdb	end	0
AF-A0A2E1V4A6-F1-model_v4	AF-A0A2E1V4A6-F1-model_v4_TED01	esm	start	0
AF-A0A2E1V4A6-F1-model_v4	AF-A0A2E1V4A6-F1-model_v4_TED01	esm	end	-1
AF-A0A2E1V4A6-F1-model_v4	AF-A0A2E1V4A6-F1-model_v4_TED01	esm	start	0
AF-A0A2E1V4A6-F1-model_v4	AF-A0A2E1V4A6-F1-model_v4_TED01	esm	end	0
AF-A0A2E1V4A6-F1-model_v4	AF-A0A2E1V4A6-F1-model_v4_TED02	esm	start	-4
AF-A0A2E1V4A6-F1-model_v4	AF-A0A2E1V4A6-F1-model_v4_TED02	esm	end	0
AF-A0A523YNB4-F1-model_v4	AF-A0A523YNB4-F1-model_v4_TED01	afdb	start	0
AF-A0A523YNB4-F1-model_v4	AF-A0A523YNB4-F1-model_v4_TED01	afdb	end	0
AF-A0A523YNB4-F1-model_v4	AF-A0A523YNB4-F1-model_v4_TED02	afdb	start	0
AF-A0A523YNB4-F1-model_v4	AF-A0A523YNB4-F1-model_v4_TED02	afdb	end	0
AF-A0A523YNB4-F1-model_v4	AF-A0A523YNB4-F1-model_v4_TED01	esm	start	0
AF-A0A523YNB4-F1-model_v4	AF-A0A523YNB4-F1-model_v4_TED01	esm	end	0
AF-A0A523YNB4-F1-model_v4	AF-A0A523YNB4-F1-model_v4_TED02	esm	start	-4
AF-A0A523YNB4-F1-model_v4	AF-A0A523YNB4-F1-model_v4_TED02	esm	end	-5
AF-A0A4R4P4P0-F1-model_v4	AF-A0A4R4P4P0-F1-model_v4_TED01	afdb	start	0
AF-A0A4R4P4P0-F1-model_v4	AF-A0A4R4P4P0-F1-model_v4_TED01	afdb	end	0
AF-A0A4R4P4P0-F1-model_v4	AF-A0A4R4P4P0-F1-model_v4_TED02	afdb	start	0
AF-A0A4R4P4P0-F1-model_v4	AF-A0A4R4P4P0-F1-model_v4_TED02	afdb	end	0
AF-A0A4R4P4P0-F1-model_v4	AF-A0A4R4P4P0-F1-model_v4_TED01	esm	start	0
AF-A0A4R4P4P0-F1-model_v4	AF-A0A4R4P4P0-F1-model_v4_TED01	esm	end	0
AF-A0A4R4P4P0-F1-model_v4	AF-A0A4R4P4P0-F1-model_v4_TED02	esm	start	0
AF-A0A4R4P4P0-F1-model_v4	AF-A0A4R4P4P0-F1-model_v4_TED02	esm	end	0
AF-A0A6J1BI78-F1-model_v4	AF-A0A6J1BI78-F1-model_v4_TED01	afdb	start	0
AF-A0A6J1BI78-F1-model_v4	AF-A0A6J1BI78-F1-model_v4_TED01	afdb	end	0
AF-A0A6J1BI78-F1-model_v4	AF-A0A6J1BI78-F1-model_v4_TED01	esm	start	-2
AF-A0A6J1BI78-F1-model_v4	AF-A0A6J1BI78-F1-model_v4_TED01	esm	end	3
AF-A0A6I3KH73-F1-model_v4	AF-A0A6I3KH73-F1-model_v4_TED01	afdb	start	0
AF-A0A6I3KH73-F1-model_v4	AF-A0A6I3KH73-F1-model_v4_TED01	afdb	end	0
AF-A0A6I3KH73-F1-model_v4	AF-A0A6I3KH73-F1-model_v4_TED01	esm	start	-2
AF-A0A6I3KH73-F1-model_v4	AF-A0A6I3KH73-F1-model_v4_TED01	esm	end	4
AF-A0A285RG70-F1-model_v4	AF-A0A285RG70-F1-model_v4_TED01	afdb	start	0
AF-A0A285RG70-F1-model_v4	AF-A0A285RG70-F1-model_v4_TED01	afdb	end	0
AF-A0A285RG70-F1-model_v4	AF-A0A285RG70-F1-model_v4_TED01	afdb	start	0
AF-A0A285RG70-F1-model_v4	AF-A0A285RG70-F1-model_v4_TED01	afdb	end	0
AF-A0A022KYR2-F1-model_v4	AF-A0A022KYR2-F1-model_v4_TED01	afdb	start	0
AF-A0A022KYR2-F1-model_v4	AF-A0A022KYR2-F1-model_v4_TED01	afdb	end	0
AF-A0A022KYR2-F1-model_v4	AF-A0A022KYR2-F1-model_v4_TED02	afdb	start	0
AF-A0A022KYR2-F1-model_v4	AF-A0A022KYR2-F1-model_v4_TED02	afdb	end	0
AF-A0A022KYR2-F1-model_v4	AF-A0A022KYR2-F1-model_v4_TED01	esm	start	1
AF-A0A022KYR2-F1-model_v4	AF-A0A022KYR2-F1-model_v4_TED01	esm	end	161
AF-A0A418KTT9-F1-model_v4	AF-A0A418KTT9-F1-model_v4_TED01	afdb	start	0
AF-A0A418KTT9-F1-model_v4	AF-A0A418KTT9-F1-model_v4_TED01	afdb	end	0
AF-A0A418KTT9-F1-model_v4	AF-A0A418KTT9-F1-model_v4_TED01	esm	start	0
AF-A0A418KTT9-F1-model_v4	AF-A0A418KTT9-F1-model_v4_TED01	esm	end	0
AF-A0A2V7ZMX9-F1-model_v4	AF-A0A2V7ZMX9-F1-model_v4_TED01	afdb	start	0
AF-A0A2V7ZMX9-F1-model_v4	AF-A0A2V7ZMX9-F1-model_v4_TED01	afdb	end	0
AF-A0A2V7ZMX9-F1-model_v4	AF-A0A2V7ZMX9-F1-model_v4_TED01	afdb	start	0
AF-A0A2V7ZMX9-F1-model_v4	AF-A0A2V7ZMX9-F1-model_v4_TED01	afdb	end	0
AF-A0A2V7ZMX9-F1-model_v4	AF-A0A2V7ZMX9-F1-model_v4_TED01	afdb	start	0
AF-A0A2V7ZMX9-F1-model_v4	AF-A0A2V7ZMX9-F1-model_v4_TED01	afdb	end	0
AF-A0A2V7ZMX9-F1-model_v4	AF-A0A2V7ZMX9-F1-model_v4_TED02	afdb	start	0
AF-A0A2V7ZMX9-F1-model_v4	AF-A0A2V7ZMX9-F1-model_v4_TED02	afdb	end	0
AF-A0A2V7ZMX9-F1-model_v4	AF-A0A2V7ZMX9-F1-model_v4_TED02	afdb	start	0
AF-A0A2V7ZMX9-F1-model_v4	AF-A0A2V7ZMX9-F1-model_v4_TED02	afdb	end	0
AF-A0A2V7ZMX9-F1-model_v4	AF-A0A2V7ZMX9-F1-model_v4_TED02	afdb	start	0
AF-A0A2V7ZMX9-F1-model_v4	AF-A0A2V7ZMX9-F1-model_v4_TED02	afdb	end	0
AF-A0A2V7ZMX9-F1-model_v4	AF-A0A2V7ZMX9-F1-model_v4_TED01	esm	start	0
AF-A0A2V7ZMX9-F1-model_v4	AF-A0A2V7ZMX9-F1-model_v4_TED01	esm	end	0
AF-A0A2V7ZMX9-F1-model_v4	AF-A0A2V7ZMX9-F1-model_v4_TED01	esm	start	0
AF-A0A2V7ZMX9-F1-model_v4	AF-A0A2V7ZMX9-F1-model_v4_TED01	esm	end	-1
AF-A0A2V7ZMX9-F1-model_v4	AF-A0A2V7ZMX9-F1-model_v4_TED01	esm	start	-2
AF-A0A2V7ZMX9-F1-model_v4	AF-A0A2V7ZMX9-F1-model_v4_TED01	esm	end	0
AF-A0A265UVA7-F1-model_v4	AF-A0A265UVA7-F1-model_v4_TED01	afdb	start	0
AF-A0A265UVA7-F1-model_v4	AF-A0A265UVA7-F1-model_v4_TED01	afdb	end	0
AF-A0A265UVA7-F1-model_v4	AF-A0A265UVA7-F1-model_v4_TED01	afdb	start	0
AF-A0A265UVA7-F1-model_v4	AF-A0A265UVA7-F1-model_v4_TED01	afdb	end	0
AF-A0A265UVA7-F1-model_v4	AF-A0A265UVA7-F1-model_v4_TED02	afdb	start	0
AF-A0A265UVA7-F1-model_v4	AF-A0A265UVA7-F1-model_v4_TED02	afdb	end	0
AF-A0A265UVA7-F1-model_v4	AF-A0A265UVA7-F1-model_v4_TED01	esm	start	0
AF-A0A265UVA7-F1-model_v4	AF-A0A265UVA7-F1-model_v4_TED01	esm	end	0
AF-A0A265UVA7-F1-model_v4	AF-A0A265UVA7-F1-model_v4_TED01	esm	start	-13
AF-A0A265UVA7-F1-model_v4	AF-A0A265UVA7-F1-model_v4_TED01	esm	end	1
AF-A0A265UVA7-F1-model_v4	AF-A0A265UVA7-F1-model_v4_TED02	esm	start	0
AF-A0A265UVA7-F1-model_v4	AF-A0A265UVA7-F1-model_v4_TED02	esm	end	6
AF-A0A452J0X2-F1-model_v4	AF-A0A452J0X2-F1-model_v4_TED01	afdb	start	0
AF-A0A452J0X2-F1-model_v4	AF-A0A452J0X2-F1-model_v4_TED01	afdb	end	0
AF-A0A452J0X2-F1-model_v4	AF-A0A452J0X2-F1-model_v4_TED01	esm	start	2
AF-A0A452J0X2-F1-model_v4	AF-A0A452J0X2-F1-model_v4_TED01	esm	end	0
AF-A0A4S4FLV4-F1-model_v4	AF-A0A4S4FLV4-F1-model_v4_TED01	afdb	start	0
AF-A0A4S4FLV4-F1-model_v4	AF-A0A4S4FLV4-F1-model_v4_TED01	afdb	end	0
AF-A0A4S4FLV4-F1-model_v4	AF-A0A4S4FLV4-F1-model_v4_TED01	esm	start	-5
AF-A0A4S4FLV4-F1-model_v4	AF-A0A4S4FLV4-F1-model_v4_TED01	esm	end	4
AF-X1P4A3-F1-model_v4	AF-X1P4A3-F1-model_v4_TED01	afdb	start	0
AF-X1P4A3-F1-model_v4	AF-X1P4A3-F1-model_v4_TED01	afdb	end	0
AF-X1P4A3-F1-model_v4	AF-X1P4A3-F1-model_v4_TED01	esm	start	0
AF-X1P4A3-F1-model_v4	AF-X1P4A3-F1-model_v4_TED01	esm	end	0
AF-A0A542UVN6-F1-model_v4	AF-A0A542UVN6-F1-model_v4_TED01	afdb	start	0
AF-A0A542UVN6-F1-model_v4	AF-A0A542UVN6-F1-model_v4_TED01	afdb	end	0
AF-A0A542UVN6-F1-model_v4	AF-A0A542UVN6-F1-model_v4_TED01	afdb	start	0
AF-A0A542UVN6-F1-model_v4	AF-A0A542UVN6-F1-model_v4_TED01	afdb	end	0
AF-A0A542UVN6-F1-model_v4	AF-A0A542UVN6-F1-model_v4_TED02	afdb	start	0
AF-A0A542UVN6-F1-model_v4	AF-A0A542UVN6-F1-model_v4_TED02	afdb	end	0
AF-A0A542UVN6-F1-model_v4	AF-A0A542UVN6-F1-model_v4_TED01	esm	start	0
AF-A0A542UVN6-F1-model_v4	AF-A0A542UVN6-F1-model_v4_TED01	esm	end	0
AF-A0A542UVN6-F1-model_v4	AF-A0A542UVN6-F1-model_v4_TED01	esm	start	1
AF-A0A542UVN6-F1-model_v4	AF-A0A542UVN6-F1-model_v4_TED01	esm	end	-1
AF-A0A542UVN6-F1-model_v4	AF-A0A542UVN6-F1-model_v4_TED02	esm	start	0
AF-A0A542UVN6-F1-model_v4	AF-A0A542UVN6-F1-model_v4_TED02	esm	end	1
AF-A0A7X2IYG6-F1-model_v4	AF-A0A7X2IYG6-F1-model_v4_TED01	afdb	start	0
AF-A0A7X2IYG6-F1-model_v4	AF-A0A7X2IYG6-F1-model_v4_TED01	afdb	end	0
AF-A0A7X2IYG6-F1-model_v4	AF-A0A7X2IYG6-F1-model_v4_TED01	afdb	start	0
AF-A0A7X2IYG6-F1-model_v4	AF-A0A7X2IYG6-F1-model_v4_TED01	afdb	end	0
AF-A0A7X2IYG6-F1-model_v4	AF-A0A7X2IYG6-F1-model_v4_TED01	esm	start	0
AF-A0A7X2IYG6-F1-model_v4	AF-A0A7X2IYG6-F1-model_v4_TED01	esm	end	-3
AF-A0A7X2IYG6-F1-model_v4	AF-A0A7X2IYG6-F1-model_v4_TED01	esm	start	1
AF-A0A7X2IYG6-F1-model_v4	AF-A0A7X2IYG6-F1-model_v4_TED01	esm	end	1
AF-A0A5J4UKQ6-F1-model_v4	AF-A0A5J4UKQ6-F1-model_v4_TED01	afdb	start	0
AF-A0A5J4UKQ6-F1-model_v4	AF-A0A5J4UKQ6-F1-model_v4_TED01	afdb	end	0
AF-A0A5J4UKQ6-F1-model_v4	AF-A0A5J4UKQ6-F1-model_v4_TED01	esm	start	30
AF-A0A5J4UKQ6-F1-model_v4	AF-A0A5J4UKQ6-F1-model_v4_TED01	esm	end	0
AF-A0A2Z6NUR2-F1-model_v4	AF-A0A2Z6NUR2-F1-model_v4_TED01	afdb	start	0
AF-A0A2Z6NUR2-F1-model_v4	AF-A0A2Z6NUR2-F1-model_v4_TED01	afdb	end	0
AF-A0A2Z6NUR2-F1-model_v4	AF-A0A2Z6NUR2-F1-model_v4_TED01	afdb	start	0
AF-A0A2Z6NUR2-F1-model_v4	AF-A0A2Z6NUR2-F1-model_v4_TED01	afdb	end	0
AF-A0A2Z6NUR2-F1-model_v4	AF-A0A2Z6NUR2-F1-model_v4_TED02	afdb	start	0
AF-A0A2Z6NUR2-F1-model_v4	AF-A0A2Z6NUR2-F1-model_v4_TED02	afdb	end	0
AF-A0A2Z6NUR2-F1-model_v4	AF-A0A2Z6NUR2-F1-model_v4_TED01	esm	start	11
AF-A0A2Z6NUR2-F1-model_v4	AF-A0A2Z6NUR2-F1-model_v4_TED01	esm	end	161
AF-A0A2Z6NUR2-F1-model_v4	AF-A0A2Z6NUR2-F1-model_v4_TED01	esm	start	141
AF-A0A2Z6NUR2-F1-model_v4	AF-A0A2Z6NUR2-F1-model_v4_TED01	esm	end	14
AF-A0A2Z6NUR2-F1-model_v4	AF-A0A2Z6NUR2-F1-model_v4_TED02	esm	start	5
AF-A0A2Z6NUR2-F1-model_v4	AF-A0A2Z6NUR2-F1-model_v4_TED02	esm	end	15
AF-A0A813FQL8-F1-model_v4	AF-A0A813FQL8-F1-model_v4_TED01	afdb	start	0
AF-A0A813FQL8-F1-model_v4	AF-A0A813FQL8-F1-model_v4_TED01	afdb	end	0
AF-A0A813FQL8-F1-model_v4	AF-A0A813FQL8-F1-model_v4_TED02	afdb	start	0
AF-A0A813FQL8-F1-model_v4	AF-A0A813FQL8-F1-model_v4_TED02	afdb	end	0
AF-A0A813FQL8-F1-model_v4	AF-A0A813FQL8-F1-model_v4_TED03	afdb	start	0
AF-A0A813FQL8-F1-model_v4	AF-A0A813FQL8-F1-model_v4_TED03	afdb	end	0
AF-A0A813FQL8-F1-model_v4	AF-A0A813FQL8-F1-model_v4_TED01	esm	start	-1
AF-A0A813FQL8-F1-model_v4	AF-A0A813FQL8-F1-model_v4_TED01	esm	end	24
AF-A0A813FQL8-F1-model_v4	AF-A0A813FQL8-F1-model_v4_TED02	esm	start	0
AF-A0A813FQL8-F1-model_v4	AF-A0A813FQL8-F1-model_v4_TED02	esm	end	0
AF-A0A813FQL8-F1-model_v4	AF-A0A813FQL8-F1-model_v4_TED03	esm	start	3
AF-A0A813FQL8-F1-model_v4	AF-A0A813FQL8-F1-model_v4_TED03	esm	end	15
AF-A0A6J0X9F5-F1-model_v4	AF-A0A6J0X9F5-F1-model_v4_TED01	afdb	start	0
AF-A0A6J0X9F5-F1-model_v4	AF-A0A6J0X9F5-F1-model_v4_TED01	afdb	end	0
AF-A0A6J0X9F5-F1-model_v4	AF-A0A6J0X9F5-F1-model_v4_TED01	afdb	start	0
AF-A0A6J0X9F5-F1-model_v4	AF-A0A6J0X9F5-F1-model_v4_TED01	afdb	end	0
AF-A0A6J0X9F5-F1-model_v4	AF-A0A6J0X9F5-F1-model_v4_TED02	afdb	start	0
AF-A0A6J0X9F5-F1-model_v4	AF-A0A6J0X9F5-F1-model_v4_TED02	afdb	end	0
AF-A0A6J0X9F5-F1-model_v4	AF-A0A6J0X9F5-F1-model_v4_TED01	esm	start	0
AF-A0A6J0X9F5-F1-model_v4	AF-A0A6J0X9F5-F1-model_v4_TED01	esm	end	-4
AF-A0A6J0X9F5-F1-model_v4	AF-A0A6J0X9F5-F1-model_v4_TED01	esm	start	0
AF-A0A6J0X9F5-F1-model_v4	AF-A0A6J0X9F5-F1-model_v4_TED01	esm	end	2
AF-A0A6J0X9F5-F1-model_v4	AF-A0A6J0X9F5-F1-model_v4_TED02	esm	start	0
AF-A0A6J0X9F5-F1-model_v4	AF-A0A6J0X9F5-F1-model_v4_TED02	esm	end	2
AF-A0A257Q4E5-F1-model_v4	AF-A0A257Q4E5-F1-model_v4_TED01	afdb	start	0
AF-A0A257Q4E5-F1-model_v4	AF-A0A257Q4E5-F1-model_v4_TED01	afdb	end	0
AF-A0A257Q4E5-F1-model_v4	AF-A0A257Q4E5-F1-model_v4_TED01	esm	start	0
AF-A0A257Q4E5-F1-model_v4	AF-A0A257Q4E5-F1-model_v4_TED01	esm	end	4
AF-A0A2V7BPB6-F1-model_v4	AF-A0A2V7BPB6-F1-model_v4_TED01	afdb	start	0
AF-A0A2V7BPB6-F1-model_v4	AF-A0A2V7BPB6-F1-model_v4_TED01	afdb	end	0
AF-A0A2V7BPB6-F1-model_v4	AF-A0A2V7BPB6-F1-model_v4_TED01	esm	start	0
AF-A0A2V7BPB6-F1-model_v4	AF-A0A2V7BPB6-F1-model_v4_TED01	esm	end	14
AF-M0HI58-F1-model_v4	AF-M0HI58-F1-model_v4_TED01	afdb	start	0
AF-M0HI58-F1-model_v4	AF-M0HI58-F1-model_v4_TED01	afdb	end	0
AF-M0HI58-F1-model_v4	AF-M0HI58-F1-model_v4_TED01	esm	start	0
AF-M0HI58-F1-model_v4	AF-M0HI58-F1-model_v4_TED01	esm	end	0
AF-A0A2W2ME94-F1-model_v4	AF-A0A2W2ME94-F1-model_v4_TED01	afdb	start	0
AF-A0A2W2ME94-F1-model_v4	AF-A0A2W2ME94-F1-model_v4_TED01	afdb	end	0
AF-A0A2W2ME94-F1-model_v4	AF-A0A2W2ME94-F1-model_v4_TED01	esm	start	0
AF-A0A2W2ME94-F1-model_v4	AF-A0A2W2ME94-F1-model_v4_TED01	esm	end	3
AF-A0A7W8AEE1-F1-model_v4	AF-A0A7W8AEE1-F1-model_v4_TED01	afdb	start	0
AF-A0A7W8AEE1-F1-model_v4	AF-A0A7W8AEE1-F1-model_v4_TED01	afdb	end	0
AF-A0A7W8AEE1-F1-model_v4	AF-A0A7W8AEE1-F1-model_v4_TED01	esm	start	0
AF-A0A7W8AEE1-F1-model_v4	AF-A0A7W8AEE1-F1-model_v4_TED01	esm	end	-3
AF-A0A2A4R5M1-F1-model_v4	AF-A0A2A4R5M1-F1-model_v4_TED01	afdb	start	0
AF-A0A2A4R5M1-F1-model_v4	AF-A0A2A4R5M1-F1-model_v4_TED01	afdb	end	0
AF-A0A2A4R5M1-F1-model_v4	AF-A0A2A4R5M1-F1-model_v4_TED02	afdb	start	0
AF-A0A2A4R5M1-F1-model_v4	AF-A0A2A4R5M1-F1-model_v4_TED02	afdb	end	0
AF-A0A2A4R5M1-F1-model_v4	AF-A0A2A4R5M1-F1-model_v4_TED01	esm	start	17
AF-A0A2A4R5M1-F1-model_v4	AF-A0A2A4R5M1-F1-model_v4_TED01	esm	end	-1
AF-A0A3M7MN02-F1-model_v4	AF-A0A3M7MN02-F1-model_v4_TED01	afdb	start	0
AF-A0A3M7MN02-F1-model_v4	AF-A0A3M7MN02-F1-model_v4_TED01	afdb	end	0
AF-A0A3M7MN02-F1-model_v4	AF-A0A3M7MN02-F1-model_v4_TED01	esm	start	-16
AF-A0A3M7MN02-F1-model_v4	AF-A0A3M7MN02-F1-model_v4_TED01	esm	end	2
AF-A0A7K3FXE2-F1-model_v4	AF-A0A7K3FXE2-F1-model_v4_TED01	afdb	start	0
AF-A0A7K3FXE2-F1-model_v4	AF-A0A7K3FXE2-F1-model_v4_TED01	afdb	end	0
AF-A0A7K3FXE2-F1-model_v4	AF-A0A7K3FXE2-F1-model_v4_TED01	esm	start	-14
AF-A0A7K3FXE2-F1-model_v4	AF-A0A7K3FXE2-F1-model_v4_TED01	esm	end	39
AF-U2EBZ4-F1-model_v4	AF-U2EBZ4-F1-model_v4_TED01	afdb	start	0
AF-U2EBZ4-F1-model_v4	AF-U2EBZ4-F1-model_v4_TED01	afdb	end	0
AF-U2EBZ4-F1-model_v4	AF-U2EBZ4-F1-model_v4_TED02	afdb	start	0
AF-U2EBZ4-F1-model_v4	AF-U2EBZ4-F1-model_v4_TED02	afdb	end	0
AF-U2EBZ4-F1-model_v4	AF-U2EBZ4-F1-model_v4_TED01	esm	start	0
AF-U2EBZ4-F1-model_v4	AF-U2EBZ4-F1-model_v4_TED01	esm	end	-2
AF-U2EBZ4-F1-model_v4	AF-U2EBZ4-F1-model_v4_TED02	esm	start	0
AF-U2EBZ4-F1-model_v4	AF-U2EBZ4-F1-model_v4_TED02	esm	end	2
AF-A0A5P9IPF5-F1-model_v4	AF-A0A5P9IPF5-F1-model_v4_TED01	afdb	start	0
AF-A0A5P9IPF5-F1-model_v4	AF-A0A5P9IPF5-F1-model_v4_TED01	afdb	end	0
AF-A0A5P9IPF5-F1-model_v4	AF-A0A5P9IPF5-F1-model_v4_TED02	afdb	start	0
AF-A0A5P9IPF5-F1-model_v4	AF-A0A5P9IPF5-F1-model_v4_TED02	afdb	end	0
AF-A0A5P9IPF5-F1-model_v4	AF-A0A5P9IPF5-F1-model_v4_TED02	afdb	start	0
AF-A0A5P9IPF5-F1-model_v4	AF-A0A5P9IPF5-F1-model_v4_TED02	afdb	end	0
AF-A0A5P9IPF5-F1-model_v4	AF-A0A5P9IPF5-F1-model_v4_TED03	afdb	start	0
AF-A0A5P9IPF5-F1-model_v4	AF-A0A5P9IPF5-F1-model_v4_TED03	afdb	end	0
AF-A0A5P9IPF5-F1-model_v4	AF-A0A5P9IPF5-F1-model_v4_TED01	esm	start	0
AF-A0A5P9IPF5-F1-model_v4	AF-A0A5P9IPF5-F1-model_v4_TED01	esm	end	1
AF-A0A5P9IPF5-F1-model_v4	AF-A0A5P9IPF5-F1-model_v4_TED02	esm	start	1
AF-A0A5P9IPF5-F1-model_v4	AF-A0A5P9IPF5-F1-model_v4_TED02	esm	end	1
AF-A0A5P9IPF5-F1-model_v4	AF-A0A5P9IPF5-F1-model_v4_TED02	esm	start	1
AF-A0A5P9IPF5-F1-model_v4	AF-A0A5P9IPF5-F1-model_v4_TED02	esm	end	0
AF-A0A5P9IPF5-F1-model_v4	AF-A0A5P9IPF5-F1-model_v4_TED03	esm	start	-1
AF-A0A5P9IPF5-F1-model_v4	AF-A0A5P9IPF5-F1-model_v4_TED03	esm	end	0
AF-A0A534LNZ3-F1-model_v4	AF-A0A534LNZ3-F1-model_v4_TED01	afdb	start	0
AF-A0A534LNZ3-F1-model_v4	AF-A0A534LNZ3-F1-model_v4_TED01	afdb	end	0
AF-A0A534LNZ3-F1-model_v4	AF-A0A534LNZ3-F1-model_v4_TED01	esm	start	0
AF-A0A534LNZ3-F1-model_v4	AF-A0A534LNZ3-F1-model_v4_TED01	esm	end	0
AF-A0A661S521-F1-model_v4	AF-A0A661S521-F1-model_v4_TED01	afdb	start	0
AF-A0A661S521-F1-model_v4	AF-A0A661S521-F1-model_v4_TED01	afdb	end	0
AF-A0A661S521-F1-model_v4	AF-A0A661S521-F1-model_v4_TED02	afdb	start	0
AF-A0A661S521-F1-model_v4	AF-A0A661S521-F1-model_v4_TED02	afdb	end	0
AF-A0A661S521-F1-model_v4	AF-A0A661S521-F1-model_v4_TED01	esm	start	0
AF-A0A661S521-F1-model_v4	AF-A0A661S521-F1-model_v4_TED01	esm	end	1
AF-A0A661S521-F1-model_v4	AF-A0A661S521-F1-model_v4_TED02	esm	start	0
AF-A0A661S521-F1-model_v4	AF-A0A661S521-F1-model_v4_TED02	esm	end	0
AF-A0A345NQU6-F1-model_v4	AF-A0A345NQU6-F1-model_v4_TED01	afdb	start	0
AF-A0A345NQU6-F1-model_v4	AF-A0A345NQU6-F1-model_v4_TED01	afdb	end	0
AF-A0A345NQU6-F1-model_v4	AF-A0A345NQU6-F1-model_v4_TED01	esm	start	3
AF-A0A345NQU6-F1-model_v4	AF-A0A345NQU6-F1-model_v4_TED01	esm	end	12
AF-A0A2N3XQS4-F1-model_v4	AF-A0A2N3XQS4-F1-model_v4_TED01	afdb	start	0
AF-A0A2N3XQS4-F1-model_v4	AF-A0A2N3XQS4-F1-model_v4_TED01	afdb	end	0
AF-A0A2N3XQS4-F1-model_v4	AF-A0A2N3XQS4-F1-model_v4_TED02	afdb	start	0
AF-A0A2N3XQS4-F1-model_v4	AF-A0A2N3XQS4-F1-model_v4_TED02	afdb	end	0
AF-A0A2N3XQS4-F1-model_v4	AF-A0A2N3XQS4-F1-model_v4_TED01	esm	start	0
AF-A0A2N3XQS4-F1-model_v4	AF-A0A2N3XQS4-F1-model_v4_TED01	esm	end	68
AF-A0A2N3XQS4-F1-model_v4	AF-A0A2N3XQS4-F1-model_v4_TED02	esm	start	0
AF-A0A2N3XQS4-F1-model_v4	AF-A0A2N3XQS4-F1-model_v4_TED02	esm	end	0
AF-A0A536BJM8-F1-model_v4	AF-A0A536BJM8-F1-model_v4_TED01	afdb	start	0
AF-A0A536BJM8-F1-model_v4	AF-A0A536BJM8-F1-model_v4_TED01	afdb	end	0
AF-A0A536BJM8-F1-model_v4	AF-A0A536BJM8-F1-model_v4_TED01	afdb	start	0
AF-A0A536BJM8-F1-model_v4	AF-A0A536BJM8-F1-model_v4_TED01	afdb	end	0
AF-A0A536BJM8-F1-model_v4	AF-A0A536BJM8-F1-model_v4_TED02	afdb	start	0
AF-A0A536BJM8-F1-model_v4	AF-A0A536BJM8-F1-model_v4_TED02	afdb	end	0
AF-A0A536BJM8-F1-model_v4	AF-A0A536BJM8-F1-model_v4_TED03	afdb	start	0
AF-A0A536BJM8-F1-model_v4	AF-A0A536BJM8-F1-model_v4_TED03	afdb	end	0
AF-A0A536BJM8-F1-model_v4	AF-A0A536BJM8-F1-model_v4_TED01	esm	start	0
AF-A0A536BJM8-F1-model_v4	AF-A0A536BJM8-F1-model_v4_TED01	esm	end	0
AF-A0A536BJM8-F1-model_v4	AF-A0A536BJM8-F1-model_v4_TED01	esm	start	0
AF-A0A536BJM8-F1-model_v4	AF-A0A536BJM8-F1-model_v4_TED01	esm	end	0
AF-A0A536BJM8-F1-model_v4	AF-A0A536BJM8-F1-model_v4_TED02	esm	start	0
AF-A0A536BJM8-F1-model_v4	AF-A0A536BJM8-F1-model_v4_TED02	esm	end	0
AF-A0A536BJM8-F1-model_v4	AF-A0A536BJM8-F1-model_v4_TED03	esm	start	0
AF-A0A536BJM8-F1-model_v4	AF-A0A536BJM8-F1-model_v4_TED03	esm	end	0
AF-A0A6P5XYE0-F1-model_v4	AF-A0A6P5XYE0-F1-model_v4_TED01	afdb	start	0
AF-A0A6P5XYE0-F1-model_v4	AF-A0A6P5XYE0-F1-model_v4_TED01	afdb	end	0
AF-A0A6P5XYE0-F1-model_v4	AF-A0A6P5XYE0-F1-model_v4_TED01	esm	start	0
AF-A0A6P5XYE0-F1-model_v4	AF-A0A6P5XYE0-F1-model_v4_TED01	esm	end	0
AF-A0A401Y8Z3-F1-model_v4	AF-A0A401Y8Z3-F1-model_v4_TED01	afdb	start	0
AF-A0A401Y8Z3-F1-model_v4	AF-A0A401Y8Z3-F1-model_v4_TED01	afdb	end	0
AF-A0A401Y8Z3-F1-model_v4	AF-A0A401Y8Z3-F1-model_v4_TED01	esm	start	0
AF-A0A401Y8Z3-F1-model_v4	AF-A0A401Y8Z3-F1-model_v4_TED01	esm	end	-1
AF-A0A3Q1GTT4-F1-model_v4	AF-A0A3Q1GTT4-F1-model_v4_TED01	afdb	start	0
AF-A0A3Q1GTT4-F1-model_v4	AF-A0A3Q1GTT4-F1-model_v4_TED01	afdb	end	0
AF-A0A3Q1GTT4-F1-model_v4	AF-A0A3Q1GTT4-F1-model_v4_TED01	esm	start	0
AF-A0A3Q1GTT4-F1-model_v4	AF-A0A3Q1GTT4-F1-model_v4_TED01	esm	end	-1
AF-C1JJA5-F1-model_v4	AF-C1JJA5-F1-model_v4_TED01	afdb	start	0
AF-C1JJA5-F1-model_v4	AF-C1JJA5-F1-model_v4_TED01	afdb	end	0
AF-C1JJA5-F1-model_v4	AF-C1JJA5-F1-model_v4_TED02	afdb	start	0
AF-C1JJA5-F1-model_v4	AF-C1JJA5-F1-model_v4_TED02	afdb	end	0
AF-C1JJA5-F1-model_v4	AF-C1JJA5-F1-model_v4_TED01	esm	start	0
AF-C1JJA5-F1-model_v4	AF-C1JJA5-F1-model_v4_TED01	esm	end	-2
AF-C1JJA5-F1-model_v4	AF-C1JJA5-F1-model_v4_TED02	esm	start	0
AF-C1JJA5-F1-model_v4	AF-C1JJA5-F1-model_v4_TED02	esm	end	-1
