chain	our_id	mode	consensus_level	nres	num_segments	plddt	best_iou_with_ted	matched_ted_id
AF-A0A7U4P8C3-F1-model_v4	AF-A0A7U4P8C3-F1-model_v4_TED01	afdb	high	76	1	78.5933	1.0000	AF-A0A7U4P8C3-F1-model_v4_TED01
AF-A0A7U4P8C3-F1-model_v4	AF-A0A7U4P8C3-F1-model_v4_esm_TED01	esm	high	73	1	43.3366	0.9351	AF-A0A7U4P8C3-F1-model_v4_TED01
AF-A0A4Q7ZT14-F1-model_v4	AF-A0A4Q7ZT14-F1-model_v4_TED01	afdb	medium	228	1	79.1778	1.0000	AF-A0A4Q7ZT14-F1-model_v4_TED01
AF-A0A4Q7ZT14-F1-model_v4	AF-A0A4Q7ZT14-F1-model_v4_TED02	afdb	medium	240	2	72.3945	1.0000	AF-A0A4Q7ZT14-F1-model_v4_TED02
AF-A0A4Q7ZT14-F1-model_v4	AF-A0A4Q7ZT14-F1-model_v4_esm_TED01	esm	high	211	1	91.4085	0.9254	AF-A0A4Q7ZT14-F1-model_v4_TED01
AF-A0A4Q7ZT14-F1-model_v4	AF-A0A4Q7ZT14-F1-model_v4_esm_TED02	esm	high	251	2	75.4577	0.9407	AF-A0A4Q7ZT14-F1-model_v4_TED02
AF-A0A4R1MDM0-F1-model_v4	AF-A0A4R1MDM0-F1-model_v4_TED01	afdb	high	40	1	72.4245	1.0000	AF-A0A4R1MDM0-F1-model_v4_TED01
AF-A0A4R1MDM0-F1-model_v4	AF-A0A4R1MDM0-F1-model_v4_esm_TED01	esm	high	39	1	81.8544	0.9750	AF-A0A4R1MDM0-F1-model_v4_TED01
AF-A0A3D8J9A5-F1-model_v4	AF-A0A3D8J9A5-F1-model_v4_TED01	afdb	high	242	2	94.7077	1.0000	AF-A0A3D8J9A5-F1-model_v4_TED01
AF-A0A3D8J9A5-F1-model_v4	AF-A0A3D8J9A5-F1-model_v4_TED02	afdb	high	80	1	90.188	1.0000	AF-A0A3D8J9A5-F1-model_v4_TED02
AF-A0A3D8J9A5-F1-model_v4	AF-A0A3D8J9A5-F1-model_v4_esm_TED01	esm	high	242	2	97.9616	1.0000	AF-A0A3D8J9A5-F1-model_v4_TED01
AF-A0A3D8J9A5-F1-model_v4	AF-A0A3D8J9A5-F1-model_v4_esm_TED02	esm	high	78	1	93.3737	0.9750	AF-A0A3D8J9A5-F1-model_v4_TED02
AF-M3YTJ4-F1-model_v4	AF-M3YTJ4-F1-model_v4_TED01	afdb	high	282	1	97.8106	1.0000	AF-M3YTJ4-F1-model_v4_TED01
AF-M3YTJ4-F1-model_v4	AF-M3YTJ4-F1-model_v4_TED02	afdb	high	166	1	96.3648	1.0000	AF-M3YTJ4-F1-model_v4_TED02
AF-M3YTJ4-F1-model_v4	AF-M3YTJ4-F1-model_v4_esm_TED01	esm	high	290	1	78.2758	0.9724	AF-M3YTJ4-F1-model_v4_TED01
AF-M3YTJ4-F1-model_v4	AF-M3YTJ4-F1-model_v4_esm_TED02	esm	high	143	1	73.1673	0.8284	AF-M3YTJ4-F1-model_v4_TED02
AF-A0A2N2H386-F1-model_v4	AF-A0A2N2H386-F1-model_v4_TED01	afdb	high	119	1	92.1541	1.0000	AF-A0A2N2H386-F1-model_v4_TED01
AF-A0A2N2H386-F1-model_v4	AF-A0A2N2H386-F1-model_v4_esm_TED01	esm	high	119	1	81.9176	1.0000	AF-A0A2N2H386-F1-model_v4_TED01
AF-W4RZV5-F1-model_v4	AF-W4RZV5-F1-model_v4_TED01	afdb	medium	81	1	97.2264	1.0000	AF-W4RZV5-F1-model_v4_TED01
AF-W4RZV5-F1-model_v4	AF-W4RZV5-F1-model_v4_esm_TED01	esm	medium	81	1	85.5028	1.0000	AF-W4RZV5-F1-model_v4_TED01
AF-A0A397E428-F1-model_v4	AF-A0A397E428-F1-model_v4_TED01	afdb	high	125	1	92.213	1.0000	AF-A0A397E428-F1-model_v4_TED01
AF-A0A397E428-F1-model_v4	AF-A0A397E428-F1-model_v4_TED02	afdb	high	91	1	70.7604	1.0000	AF-A0A397E428-F1-model_v4_TED02
AF-A0A397E428-F1-model_v4	AF-A0A397E428-F1-model_v4_esm_TED01	esm	high	136	1	91.2514	0.9191	AF-A0A397E428-F1-model_v4_TED01
AF-A0A397E428-F1-model_v4	AF-A0A397E428-F1-model_v4_esm_TED02	esm	high	93	1	73.2999	0.9785	AF-A0A397E428-F1-model_v4_TED02
AF-A0A1C5N879-F1-model_v4	AF-A0A1C5N879-F1-model_v4_TED01	afdb	medium	53	1	94.2615	1.0000	AF-A0A1C5N879-F1-model_v4_TED01
AF-A0A1C5N879-F1-model_v4	AF-A0A1C5N879-F1-model_v4_esm_TED01	esm	medium	86	1	96.9152	0.6163	AF-A0A1C5N879-F1-model_v4_TED01
AF-A0A4R6GL19-F1-model_v4	AF-A0A4R6GL19-F1-model_v4_TED01	afdb	high	135	1	96.9323	1.0000	AF-A0A4R6GL19-F1-model_v4_TED01
AF-A0A4R6GL19-F1-model_v4	AF-A0A4R6GL19-F1-model_v4_esm_TED01	esm	high	141	1	94.3864	0.9574	AF-A0A4R6GL19-F1-model_v4_TED01
AF-A0A0B5I6Q3-F1-model_v4	AF-A0A0B5I6Q3-F1-model_v4_TED01	afdb	high	163	1	92.5613	1.0000	AF-A0A0B5I6Q3-F1-model_v4_TED01
AF-A0A0B5I6Q3-F1-model_v4	AF-A0A0B5I6Q3-F1-model_v4_TED02	afdb	high	189	1	95.514	1.0000	AF-A0A0B5I6Q3-F1-model_v4_TED02
AF-A0A0B5I6Q3-F1-model_v4	AF-A0A0B5I6Q3-F1-model_v4_esm_TED01	esm	high	152	1	79.1027	0.9325	AF-A0A0B5I6Q3-F1-model_v4_TED01
AF-A0A0B5I6Q3-F1-model_v4	AF-A0A0B5I6Q3-F1-model_v4_esm_TED02	esm	high	189	1	90.6313	1.0000	AF-A0A0B5I6Q3-F1-model_v4_TED02
AF-A0A183JSY1-F1-model_v4	AF-A0A183JSY1-F1-model_v4_TED01	afdb	medium	143	2	82.4406	1.0000	AF-A0A183JSY1-F1-model_v4_TED01
AF-A0A183JSY1-F1-model_v4	AF-A0A183JSY1-F1-model_v4_esm_TED01	esm	medium	150	2	82.8187	0.9276	AF-A0A183JSY1-F1-model_v4_TED01
AF-A0A640T5L1-F1-model_v4	AF-A0A640T5L1-F1-model_v4_TED01	afdb	medium	224	2	96.2661	1.0000	AF-A0A640T5L1-F1-model_v4_TED01
AF-A0A640T5L1-F1-model_v4	AF-A0A640T5L1-F1-model_v4_esm_TED01	esm	medium	234	1	88.3663	0.9573	AF-A0A640T5L1-F1-model_v4_TED01
AF-A0A0H5QQD7-F1-model_v4	AF-A0A0H5QQD7-F1-model_v4_esm_TED01	esm	medium	30	1	42.073	0.3704	AF-A0A0H5QQD7-F1-model_v4_TED01
AF-A1T6L4-F1-model_v4	AF-A1T6L4-F1-model_v4_TED01	afdb	high	262	2	95.2487	1.0000	AF-A1T6L4-F1-model_v4_TED01
AF-A1T6L4-F1-model_v4	AF-A1T6L4-F1-model_v4_esm_TED01	esm	high	268	1	90.5551	0.9776	AF-A1T6L4-F1-model_v4_TED01
AF-A0A814TAU9-F1-model_v4	AF-A0A814TAU9-F1-model_v4_TED01	afdb	medium	96	1	88.3434	1.0000	AF-A0A814TAU9-F1-model_v4_TED01
AF-A0A814TAU9-F1-model_v4	AF-A0A814TAU9-F1-model_v4_TED02	afdb	medium	77	1	80.1547	1.0000	AF-A0A814TAU9-F1-model_v4_TED02
AF-A0A814TAU9-F1-model_v4	AF-A0A814TAU9-F1-model_v4_esm_TED01	esm	medium	97	1	92.1723	0.9897	AF-A0A814TAU9-F1-model_v4_TED01
AF-A0A814TAU9-F1-model_v4	AF-A0A814TAU9-F1-model_v4_esm_TED02	esm	medium	78	1	88.651	0.9872	AF-A0A814TAU9-F1-model_v4_TED02
AF-A0A2Y1TUW8-F1-model_v4	AF-A0A2Y1TUW8-F1-model_v4_TED01	afdb	high	67	1	74.5122	1.0000	AF-A0A2Y1TUW8-F1-model_v4_TED01
AF-A0A2Y1TUW8-F1-model_v4	AF-A0A2Y1TUW8-F1-model_v4_TED02	afdb	high	182	1	91.4704	1.0000	AF-A0A2Y1TUW8-F1-model_v4_TED02
AF-A0A2Y1TUW8-F1-model_v4	AF-A0A2Y1TUW8-F1-model_v4_TED03	afdb	high	165	1	95.477	1.0000	AF-A0A2Y1TUW8-F1-model_v4_TED03
AF-A0A2Y1TUW8-F1-model_v4	AF-A0A2Y1TUW8-F1-model_v4_esm_TED01	esm	high	67	1	83.5958	1.0000	AF-A0A2Y1TUW8-F1-model_v4_TED01
AF-A0A2Y1TUW8-F1-model_v4	AF-A0A2Y1TUW8-F1-model_v4_esm_TED02	esm	high	183	1	82.4217	0.9945	AF-A0A2Y1TUW8-F1-model_v4_TED02
AF-A0A2Y1TUW8-F1-model_v4	AF-A0A2Y1TUW8-F1-model_v4_esm_TED03	esm	medium	165	1	90.1375	1.0000	AF-A0A2Y1TUW8-F1-model_v4_TED03
AF-A0A355G2V5-F1-model_v4	AF-A0A355G2V5-F1-model_v4_TED01	afdb	high	260	2	96.0388	1.0000	AF-A0A355G2V5-F1-model_v4_TED01
AF-A0A355G2V5-F1-model_v4	AF-A0A355G2V5-F1-model_v4_TED02	afdb	high	122	1	95.7727	1.0000	AF-A0A355G2V5-F1-model_v4_TED02
AF-A0A355G2V5-F1-model_v4	AF-A0A355G2V5-F1-model_v4_esm_TED01	esm	high	260	2	97.9143	1.0000	AF-A0A355G2V5-F1-model_v4_TED01
AF-A0A355G2V5-F1-model_v4	AF-A0A355G2V5-F1-model_v4_esm_TED02	esm	high	122	1	96.769	1.0000	AF-A0A355G2V5-F1-model_v4_TED02
AF-A0A7K9KN67-F1-model_v4	AF-A0A7K9KN67-F1-model_v4_TED01	afdb	high	111	1	90.8164	1.0000	AF-A0A7K9KN67-F1-model_v4_TED01
AF-A0A7K9KN67-F1-model_v4	AF-A0A7K9KN67-F1-model_v4_TED02	afdb	high	49	1	88.3443	1.0000	AF-A0A7K9KN67-F1-model_v4_TED02
AF-A0A7K9KN67-F1-model_v4	AF-A0A7K9KN67-F1-model_v4_TED03	afdb	high	53	1	87.5909	1.0000	AF-A0A7K9KN67-F1-model_v4_TED03
AF-A0A7K9KN67-F1-model_v4	AF-A0A7K9KN67-F1-model_v4_TED04	afdb	high	56	2	78.4313	1.0000	AF-A0A7K9KN67-F1-model_v4_TED04
AF-A0A7K9KN67-F1-model_v4	AF-A0A7K9KN67-F1-model_v4_esm_TED01	esm	high	114	1	92.0528	0.9737	AF-A0A7K9KN67-F1-model_v4_TED01
AF-A0A7K9KN67-F1-model_v4	AF-A0A7K9KN67-F1-model_v4_esm_TED02	esm	high	48	1	93.5027	0.9796	AF-A0A7K9KN67-F1-model_v4_TED02
AF-A0A7K9KN67-F1-model_v4	AF-A0A7K9KN67-F1-model_v4_esm_TED03	esm	high	53	1	92.3094	1.0000	AF-A0A7K9KN67-F1-model_v4_TED03
AF-A0A7K9KN67-F1-model_v4	AF-A0A7K9KN67-F1-model_v4_esm_TED04	esm	high	75	2	83.112	0.7467	AF-A0A7K9KN67-F1-model_v4_TED04
AF-A0A3C1CDX7-F1-model_v4	AF-A0A3C1CDX7-F1-model_v4_TED01	afdb	medium	85	1	93.8094	1.0000	AF-A0A3C1CDX7-F1-model_v4_TED01
AF-A0A3C1CDX7-F1-model_v4	AF-A0A3C1CDX7-F1-model_v4_TED02	afdb	medium	61	1	94.1539	1.0000	AF-A0A3C1CDX7-F1-model_v4_TED02
AF-A0A3C1CDX7-F1-model_v4	AF-A0A3C1CDX7-F1-model_v4_esm_TED01	esm	medium	85	1	90.4572	1.0000	AF-A0A3C1CDX7-F1-model_v4_TED01
AF-A0A3C1CDX7-F1-model_v4	AF-A0A3C1CDX7-F1-model_v4_esm_TED02	esm	medium	61	1	89.4428	1.0000	AF-A0A3C1CDX7-F1-model_v4_TED02
AF-A0A6P0PWG2-F1-model_v4	AF-A0A6P0PWG2-F1-model_v4_TED01	afdb	high	115	1	78.1623	1.0000	AF-A0A6P0PWG2-F1-model_v4_TED01
AF-A0A6P0PWG2-F1-model_v4	AF-A0A6P0PWG2-F1-model_v4_esm_TED01	esm	high	109	1	64.6894	0.9478	AF-A0A6P0PWG2-F1-model_v4_TED01
AF-A0A522QHN1-F1-model_v4	AF-A0A522QHN1-F1-model_v4_TED01	afdb	medium	185	1	82.6771	1.0000	AF-A0A522QHN1-F1-model_v4_TED01
AF-A0A522QHN1-F1-model_v4	AF-A0A522QHN1-F1-model_v4_TED02	afdb	high	148	1	83.7776	1.0000	AF-A0A522QHN1-F1-model_v4_TED02
AF-A0A522QHN1-F1-model_v4	AF-A0A522QHN1-F1-model_v4_TED03	afdb	high	80	1	86.9732	1.0000	AF-A0A522QHN1-F1-model_v4_TED03
AF-A0A522QHN1-F1-model_v4	AF-A0A522QHN1-F1-model_v4_TED04	afdb	high	74	1	78.4181	1.0000	AF-A0A522QHN1-F1-model_v4_TED04
AF-A0A522QHN1-F1-model_v4	AF-A0A522QHN1-F1-model_v4_TED05	afdb	high	58	1	78.3503	1.0000	AF-A0A522QHN1-F1-model_v4_TED05
AF-A0A522QHN1-F1-model_v4	AF-A0A522QHN1-F1-model_v4_TED06	afdb	high	75	1	86.0071	1.0000	AF-A0A522QHN1-F1-model_v4_TED06
AF-A0A522QHN1-F1-model_v4	AF-A0A522QHN1-F1-model_v4_esm_TED01	esm	high	152	1	87.8859	0.7644	AF-A0A522QHN1-F1-model_v4_TED01
AF-A0A522QHN1-F1-model_v4	AF-A0A522QHN1-F1-model_v4_esm_TED02	esm	medium	156	1	91.636	0.9487	AF-A0A522QHN1-F1-model_v4_TED02
AF-A0A522QHN1-F1-model_v4	AF-A0A522QHN1-F1-model_v4_esm_TED03	esm	high	75	1	93.2072	0.9867	AF-A0A522QHN1-F1-model_v4_TED04
AF-A0A522QHN1-F1-model_v4	AF-A0A522QHN1-F1-model_v4_esm_TED04	esm	high	60	1	90.663	0.9667	AF-A0A522QHN1-F1-model_v4_TED05
AF-A0A522QHN1-F1-model_v4	AF-A0A522QHN1-F1-model_v4_esm_TED05	esm	high	75	1	90.9093	1.0000	AF-A0A522QHN1-F1-model_v4_TED06
AF-A0A1X2BN23-F1-model_v4	AF-A0A1X2BN23-F1-model_v4_TED01	afdb	medium	131	1	94.7076	1.0000	AF-A0A1X2BN23-F1-model_v4_TED01
AF-A0A1X2BN23-F1-model_v4	AF-A0A1X2BN23-F1-model_v4_esm_TED01	esm	medium	131	1	90.9755	1.0000	AF-A0A1X2BN23-F1-model_v4_TED01
AF-M1WED8-F1-model_v4	AF-M1WED8-F1-model_v4_TED01	afdb	medium	179	1	89.7383	1.0000	AF-M1WED8-F1-model_v4_TED01
AF-M1WED8-F1-model_v4	AF-M1WED8-F1-model_v4_esm_TED01	esm	medium	167	2	80.3078	0.0000	
AF-M1WED8-F1-model_v4	AF-M1WED8-F1-model_v4_esm_TED02	esm	medium	180	1	87.4253	0.9944	AF-M1WED8-F1-model_v4_TED01
AF-A0A1J6XD61-F1-model_v4	AF-A0A1J6XD61-F1-model_v4_TED01	afdb	high	111	1	92.5887	1.0000	AF-A0A1J6XD61-F1-model_v4_TED01
AF-A0A1J6XD61-F1-model_v4	AF-A0A1J6XD61-F1-model_v4_TED02	afdb	high	62	1	89.6424	1.0000	AF-A0A1J6XD61-F1-model_v4_TED02
AF-A0A1J6XD61-F1-model_v4	AF-A0A1J6XD61-F1-model_v4_TED03	afdb	high	67	1	87.3803	1.0000	AF-A0A1J6XD61-F1-model_v4_TED03
AF-A0A1J6XD61-F1-model_v4	AF-A0A1J6XD61-F1-model_v4_TED04	afdb	medium	44	1	79.4043	1.0000	AF-A0A1J6XD61-F1-model_v4_TED04
AF-A0A1J6XD61-F1-model_v4	AF-A0A1J6XD61-F1-model_v4_esm_TED01	esm	high	121	1	87.5627	0.9174	AF-A0A1J6XD61-F1-model_v4_TED01
AF-A0A1J6XD61-F1-model_v4	AF-A0A1J6XD61-F1-model_v4_esm_TED02	esm	high	62	1	76.835	1.0000	AF-A0A1J6XD61-F1-model_v4_TED02
AF-A0A1J6XD61-F1-model_v4	AF-A0A1J6XD61-F1-model_v4_esm_TED03	esm	high	71	1	82.0017	0.9437	AF-A0A1J6XD61-F1-model_v4_TED03
AF-A0A1J6XD61-F1-model_v4	AF-A0A1J6XD61-F1-model_v4_esm_TED04	esm	medium	48	1	83.1502	0.3333	
AF-A0A1J6XD61-F1-model_v4	AF-A0A1J6XD61-F1-model_v4_esm_TED05	esm	medium	40	1	77.826	0.3333	AF-A0A1J6XD61-F1-model_v4_TED04
AF-A0A832HNR7-F1-model_v4	AF-A0A832HNR7-F1-model_v4_TED01	afdb	high	262	1	94.1025	1.0000	AF-A0A832HNR7-F1-model_v4_TED01
AF-A0A832HNR7-F1-model_v4	AF-A0A832HNR7-F1-model_v4_esm_TED01	esm	high	233	1	66.0032	0.8893	AF-A0A832HNR7-F1-model_v4_TED01
AF-A0A7J4JYX4-F1-model_v4	AF-A0A7J4JYX4-F1-model_v4_TED01	afdb	medium	68	1	64.4829	1.0000	AF-A0A7J4JYX4-F1-model_v4_TED01
AF-A0A7J4JYX4-F1-model_v4	AF-A0A7J4JYX4-F1-model_v4_TED02	afdb	medium	111	1	72.7898	1.0000	AF-A0A7J4JYX4-F1-model_v4_TED02
AF-A0A7J4JYX4-F1-model_v4	AF-A0A7J4JYX4-F1-model_v4_esm_TED01	esm	high	147	2	52.7569	0.4913	AF-A0A7J4JYX4-F1-model_v4_TED02
AF-A0A5J6P880-F1-model_v4	AF-A0A5J6P880-F1-model_v4_TED01	afdb	high	84	2	94.078	1.0000	AF-A0A5J6P880-F1-model_v4_TED01
AF-A0A5J6P880-F1-model_v4	AF-A0A5J6P880-F1-model_v4_TED02	afdb	high	174	3	91.8156	1.0000	AF-A0A5J6P880-F1-model_v4_TED02
AF-A0A5J6P880-F1-model_v4	AF-A0A5J6P880-F1-model_v4_TED03	afdb	high	61	1	85.3148	1.0000	AF-A0A5J6P880-F1-model_v4_TED03
AF-A0A5J6P880-F1-model_v4	AF-A0A5J6P880-F1-model_v4_TED04	afdb	high	67	1	86.9875	1.0000	AF-A0A5J6P880-F1-model_v4_TED04
AF-A0A5J6P880-F1-model_v4	AF-A0A5J6P880-F1-model_v4_esm_TED01	esm	medium	112	1	91.0592	0.7500	AF-A0A5J6P880-F1-model_v4_TED01
AF-A0A5J6P880-F1-model_v4	AF-A0A5J6P880-F1-model_v4_esm_TED02	esm	high	61	1	95.118	1.0000	AF-A0A5J6P880-F1-model_v4_TED03
AF-A0A5J6P880-F1-model_v4	AF-A0A5J6P880-F1-model_v4_esm_TED03	esm	high	156	2	91.7409	0.8033	AF-A0A5J6P880-F1-model_v4_TED02
AF-A0A5J6P880-F1-model_v4	AF-A0A5J6P880-F1-model_v4_esm_TED04	esm	high	67	1	91.889	1.0000	AF-A0A5J6P880-F1-model_v4_TED04
AF-A0A5P9WP65-F1-model_v4	AF-A0A5P9WP65-F1-model_v4_TED01	afdb	medium	154	2	90.2315	1.0000	AF-A0A5P9WP65-F1-model_v4_TED01
AF-A0A5P9WP65-F1-model_v4	AF-A0A5P9WP65-F1-model_v4_TED02	afdb	medium	128	1	89.2862	1.0000	AF-A0A5P9WP65-F1-model_v4_TED02
AF-A0A5P9WP65-F1-model_v4	AF-A0A5P9WP65-F1-model_v4_TED03	afdb	high	101	1	94.2781	1.0000	AF-A0A5P9WP65-F1-model_v4_TED03
AF-A0A5P9WP65-F1-model_v4	AF-A0A5P9WP65-F1-model_v4_TED04	afdb	high	249	1	90.181	1.0000	AF-A0A5P9WP65-F1-model_v4_TED04
AF-A0A5P9WP65-F1-model_v4	AF-A0A5P9WP65-F1-model_v4_esm_TED01	esm	medium	127	1	89.3494	0.9922	AF-A0A5P9WP65-F1-model_v4_TED02
AF-A0A5P9WP65-F1-model_v4	AF-A0A5P9WP65-F1-model_v4_esm_TED02	esm	medium	134	1	86.6157	0.8000	AF-A0A5P9WP65-F1-model_v4_TED01
AF-A0A5P9WP65-F1-model_v4	AF-A0A5P9WP65-F1-model_v4_esm_TED03	esm	high	102	1	88.2495	0.9902	AF-A0A5P9WP65-F1-model_v4_TED03
AF-A0A5P9WP65-F1-model_v4	AF-A0A5P9WP65-F1-model_v4_esm_TED04	esm	medium	249	1	92.2848	1.0000	AF-A0A5P9WP65-F1-model_v4_TED04
AF-A0A1E9ZAL3-F1-model_v4	AF-A0A1E9ZAL3-F1-model_v4_TED01	afdb	high	86	1	78.444	1.0000	AF-A0A1E9ZAL3-F1-model_v4_TED01
AF-A0A1E9ZAL3-F1-model_v4	AF-A0A1E9ZAL3-F1-model_v4_TED02	afdb	high	53	1	88.4272	1.0000	AF-A0A1E9ZAL3-F1-model_v4_TED02
AF-A0A1E9ZAL3-F1-model_v4	AF-A0A1E9ZAL3-F1-model_v4_esm_TED01	esm	high	80	1	86.0915	0.9302	AF-A0A1E9ZAL3-F1-model_v4_TED01
AF-A0A1E9ZAL3-F1-model_v4	AF-A0A1E9ZAL3-F1-model_v4_esm_TED02	esm	high	59	1	87.41	0.8983	AF-A0A1E9ZAL3-F1-model_v4_TED02
AF-A0A7K5IRU5-F1-model_v4	AF-A0A7K5IRU5-F1-model_v4_TED01	afdb	high	140	1	85.3518	1.0000	AF-A0A7K5IRU5-F1-model_v4_TED01
AF-A0A7K5IRU5-F1-model_v4	AF-A0A7K5IRU5-F1-model_v4_TED02	afdb	high	55	1	81.882	1.0000	AF-A0A7K5IRU5-F1-model_v4_TED02
AF-A0A7K5IRU5-F1-model_v4	AF-A0A7K5IRU5-F1-model_v4_TED03	afdb	high	95	1	81.8588	1.0000	AF-A0A7K5IRU5-F1-model_v4_TED03
AF-A0A7K5IRU5-F1-model_v4	AF-A0A7K5IRU5-F1-model_v4_TED04	afdb	high	77	1	82.0674	1.0000	AF-A0A7K5IRU5-F1-model_v4_TED04
AF-A0A7K5IRU5-F1-model_v4	AF-A0A7K5IRU5-F1-model_v4_TED05	afdb	high	163	2	91.5586	1.0000	AF-A0A7K5IRU5-F1-model_v4_TED05
AF-A0A7K5IRU5-F1-model_v4	AF-A0A7K5IRU5-F1-model_v4_esm_TED01	esm	high	140	1	71.0354	1.0000	AF-A0A7K5IRU5-F1-model_v4_TED01
AF-A0A7K5IRU5-F1-model_v4	AF-A0A7K5IRU5-F1-model_v4_esm_TED02	esm	high	54	1	83.5572	0.9818	AF-A0A7K5IRU5-F1-model_v4_TED02
AF-A0A7K5IRU5-F1-model_v4	AF-A0A7K5IRU5-F1-model_v4_esm_TED03	esm	high	99	1	88.5187	0.9596	AF-A0A7K5IRU5-F1-model_v4_TED03
AF-A0A7K5IRU5-F1-model_v4	AF-A0A7K5IRU5-F1-model_v4_esm_TED04	esm	high	77	1	86.8021	1.0000	AF-A0A7K5IRU5-F1-model_v4_TED04
AF-A0A7K5IRU5-F1-model_v4	AF-A0A7K5IRU5-F1-model_v4_esm_TED05	esm	high	179	1	88.3036	0.9106	AF-A0A7K5IRU5-F1-model_v4_TED05
AF-A0A246HS64-F1-model_v4	AF-A0A246HS64-F1-model_v4_TED01	afdb	high	38	1	73.0787	1.0000	AF-A0A246HS64-F1-model_v4_TED01
AF-A0A246HS64-F1-model_v4	AF-A0A246HS64-F1-model_v4_TED02	afdb	high	64	1	80.9623	1.0000	AF-A0A246HS64-F1-model_v4_TED02
AF-A0A246HS64-F1-model_v4	AF-A0A246HS64-F1-model_v4_esm_TED01	esm	medium	46	1	90.2007	0.8261	AF-A0A246HS64-F1-model_v4_TED01
AF-A0A246HS64-F1-model_v4	AF-A0A246HS64-F1-model_v4_esm_TED02	esm	medium	76	1	92.9366	0.8182	AF-A0A246HS64-F1-model_v4_TED02
AF-A0A6G3D5I9-F1-model_v4	AF-A0A6G3D5I9-F1-model_v4_TED01	afdb	medium	47	2	95.2081	1.0000	AF-A0A6G3D5I9-F1-model_v4_TED01
AF-A0A6G3D5I9-F1-model_v4	AF-A0A6G3D5I9-F1-model_v4_esm_TED01	esm	medium	51	2	74.2469	0.8491	AF-A0A6G3D5I9-F1-model_v4_TED01
AF-A0A6N8G8P8-F1-model_v4	AF-A0A6N8G8P8-F1-model_v4_TED01	afdb	medium	85	1	95.9469	1.0000	AF-A0A6N8G8P8-F1-model_v4_TED01
AF-A0A6N8G8P8-F1-model_v4	AF-A0A6N8G8P8-F1-model_v4_TED02	afdb	high	242	1	95.575	1.0000	AF-A0A6N8G8P8-F1-model_v4_TED02
AF-A0A6N8G8P8-F1-model_v4	AF-A0A6N8G8P8-F1-model_v4_esm_TED01	esm	medium	260	1	92.4525	0.9308	AF-A0A6N8G8P8-F1-model_v4_TED02
AF-A0A7X9L0K0-F1-model_v4	AF-A0A7X9L0K0-F1-model_v4_TED01	afdb	medium	129	1	89.6877	1.0000	AF-A0A7X9L0K0-F1-model_v4_TED01
AF-A0A7X9L0K0-F1-model_v4	AF-A0A7X9L0K0-F1-model_v4_esm_TED01	esm	high	128	1	94.4186	0.9922	AF-A0A7X9L0K0-F1-model_v4_TED01
AF-A0A7D5TE08-F1-model_v4	AF-A0A7D5TE08-F1-model_v4_TED01	afdb	high	265	2	97.1026	1.0000	AF-A0A7D5TE08-F1-model_v4_TED01
AF-A0A7D5TE08-F1-model_v4	AF-A0A7D5TE08-F1-model_v4_TED02	afdb	high	198	1	97.3626	1.0000	AF-A0A7D5TE08-F1-model_v4_TED02
AF-A0A7D5TE08-F1-model_v4	AF-A0A7D5TE08-F1-model_v4_esm_TED01	esm	high	265	2	95.9209	1.0000	AF-A0A7D5TE08-F1-model_v4_TED01
AF-A0A7D5TE08-F1-model_v4	AF-A0A7D5TE08-F1-model_v4_esm_TED02	esm	high	191	1	98.3561	0.9646	AF-A0A7D5TE08-F1-model_v4_TED02
AF-G7IWZ6-F1-model_v4	AF-G7IWZ6-F1-model_v4_TED01	afdb	high	56	1	64.0018	1.0000	AF-G7IWZ6-F1-model_v4_TED01
AF-G7IWZ6-F1-model_v4	AF-G7IWZ6-F1-model_v4_esm_TED01	esm	medium	55	1	32.6736	0.9821	AF-G7IWZ6-F1-model_v4_TED01
AF-A0A1G8DW17-F1-model_v4	AF-A0A1G8DW17-F1-model_v4_TED01	afdb	medium	424	1	92.0274	1.0000	AF-A0A1G8DW17-F1-model_v4_TED01
AF-A0A1G8DW17-F1-model_v4	AF-A0A1G8DW17-F1-model_v4_TED02	afdb	high	84	1	96.1799	1.0000	AF-A0A1G8DW17-F1-model_v4_TED02
AF-A0A1G8DW17-F1-model_v4	AF-A0A1G8DW17-F1-model_v4_esm_TED01	esm	medium	102	1	91.7746	0.2406	
AF-A0A1G8DW17-F1-model_v4	AF-A0A1G8DW17-F1-model_v4_esm_TED02	esm	medium	283	1	94.694	0.6675	AF-A0A1G8DW17-F1-model_v4_TED01
AF-A0A1G8DW17-F1-model_v4	AF-A0A1G8DW17-F1-model_v4_esm_TED03	esm	high	83	1	97.1671	0.9881	AF-A0A1G8DW17-F1-model_v4_TED02
AF-A0A6N7Y5M4-F1-model_v4	AF-A0A6N7Y5M4-F1-model_v4_TED01	afdb	high	129	2	77.5083	1.0000	AF-A0A6N7Y5M4-F1-model_v4_TED01
AF-A0A6N7Y5M4-F1-model_v4	AF-A0A6N7Y5M4-F1-model_v4_TED02	afdb	high	184	2	80.8597	1.0000	AF-A0A6N7Y5M4-F1-model_v4_TED02
AF-A0A6N7Y5M4-F1-model_v4	AF-A0A6N7Y5M4-F1-model_v4_esm_TED01	esm	medium	33	1	34.3318	0.2558	AF-A0A6N7Y5M4-F1-model_v4_TED01
AF-A0A6N7Y5M4-F1-model_v4	AF-A0A6N7Y5M4-F1-model_v4_esm_TED02	esm	medium	108	2	42.6014	0.4898	AF-A0A6N7Y5M4-F1-model_v4_TED02
AF-A0A6N7Y5M4-F1-model_v4	AF-A0A6N7Y5M4-F1-model_v4_esm_TED03	esm	medium	71	2	40.3183	0.1860	
AF-A0A504JLG3-F1-model_v4	AF-A0A504JLG3-F1-model_v4_TED01	afdb	high	101	1	96.3688	1.0000	AF-A0A504JLG3-F1-model_v4_TED01
AF-A0A504JLG3-F1-model_v4	AF-A0A504JLG3-F1-model_v4_esm_TED01	esm	high	101	1	83.0008	1.0000	AF-A0A504JLG3-F1-model_v4_TED01
AF-A0A2Y9ADH4-F1-model_v4	AF-A0A2Y9ADH4-F1-model_v4_TED01	afdb	high	245	1	82.435	1.0000	AF-A0A2Y9ADH4-F1-model_v4_TED01
AF-A0A2Y9ADH4-F1-model_v4	AF-A0A2Y9ADH4-F1-model_v4_esm_TED01	esm	high	245	1	96.5964	1.0000	AF-A0A2Y9ADH4-F1-model_v4_TED01
AF-A0A7Y5TWD3-F1-model_v4	AF-A0A7Y5TWD3-F1-model_v4_TED01	afdb	high	66	1	95.9745	1.0000	AF-A0A7Y5TWD3-F1-model_v4_TED01
AF-A0A7Y5TWD3-F1-model_v4	AF-A0A7Y5TWD3-F1-model_v4_TED02	afdb	high	85	1	94.2138	1.0000	AF-A0A7Y5TWD3-F1-model_v4_TED02
AF-A0A7Y5TWD3-F1-model_v4	AF-A0A7Y5TWD3-F1-model_v4_esm_TED01	esm	high	66	1	89.5771	1.0000	AF-A0A7Y5TWD3-F1-model_v4_TED01
AF-A0A7Y5TWD3-F1-model_v4	AF-A0A7Y5TWD3-F1-model_v4_esm_TED02	esm	high	83	1	88.9071	0.9765	AF-A0A7Y5TWD3-F1-model_v4_TED02
AF-E6LMA5-F1-model_v4	AF-E6LMA5-F1-model_v4_TED01	afdb	high	53	1	72.8587	1.0000	AF-E6LMA5-F1-model_v4_TED01
AF-E6LMA5-F1-model_v4	AF-E6LMA5-F1-model_v4_TED02	afdb	high	179	1	87.2699	1.0000	AF-E6LMA5-F1-model_v4_TED02
AF-E6LMA5-F1-model_v4	AF-E6LMA5-F1-model_v4_esm_TED01	esm	medium	49	1	71.0153	0.9245	AF-E6LMA5-F1-model_v4_TED01
AF-E6LMA5-F1-model_v4	AF-E6LMA5-F1-model_v4_esm_TED02	esm	high	179	1	90.7663	1.0000	AF-E6LMA5-F1-model_v4_TED02
AF-F5XYC8-F1-model_v4	AF-F5XYC8-F1-model_v4_TED01	afdb	high	196	2	94.9111	1.0000	AF-F5XYC8-F1-model_v4_TED01
AF-F5XYC8-F1-model_v4	AF-F5XYC8-F1-model_v4_TED02	afdb	high	124	1	96.2426	1.0000	AF-F5XYC8-F1-model_v4_TED02
AF-F5XYC8-F1-model_v4	AF-F5XYC8-F1-model_v4_esm_TED01	esm	high	182	2	97.2392	0.9188	AF-F5XYC8-F1-model_v4_TED01
AF-F5XYC8-F1-model_v4	AF-F5XYC8-F1-model_v4_esm_TED02	esm	high	116	1	97.862	0.9355	AF-F5XYC8-F1-model_v4_TED02
AF-A0A674NE25-F1-model_v4	AF-A0A674NE25-F1-model_v4_TED01	afdb	high	138	2	96.3931	1.0000	AF-A0A674NE25-F1-model_v4_TED01
AF-A0A674NE25-F1-model_v4	AF-A0A674NE25-F1-model_v4_esm_TED01	esm	high	126	1	90.1817	0.7483	AF-A0A674NE25-F1-model_v4_TED01
AF-A0A1H0REU9-F1-model_v4	AF-A0A1H0REU9-F1-model_v4_TED01	afdb	medium	108	1	96.9198	1.0000	AF-A0A1H0REU9-F1-model_v4_TED01
AF-A0A1H0REU9-F1-model_v4	AF-A0A1H0REU9-F1-model_v4_TED02	afdb	medium	112	1	96.7356	1.0000	AF-A0A1H0REU9-F1-model_v4_TED02
AF-A0A1H0REU9-F1-model_v4	AF-A0A1H0REU9-F1-model_v4_TED03	afdb	medium	146	1	96.8469	1.0000	AF-A0A1H0REU9-F1-model_v4_TED03
AF-A0A1H0REU9-F1-model_v4	AF-A0A1H0REU9-F1-model_v4_esm_TED01	esm	high	121	1	92.0748	0.8926	AF-A0A1H0REU9-F1-model_v4_TED01
AF-A0A1H0REU9-F1-model_v4	AF-A0A1H0REU9-F1-model_v4_esm_TED02	esm	high	110	1	93.5768	0.9821	AF-A0A1H0REU9-F1-model_v4_TED02
AF-A0A1H0REU9-F1-model_v4	AF-A0A1H0REU9-F1-model_v4_esm_TED03	esm	high	146	1	92.1721	1.0000	AF-A0A1H0REU9-F1-model_v4_TED03
AF-A0A3C1B0Q4-F1-model_v4	AF-A0A3C1B0Q4-F1-model_v4_TED01	afdb	medium	48	1	92.7592	1.0000	AF-A0A3C1B0Q4-F1-model_v4_TED01
AF-A0A3C1B0Q4-F1-model_v4	AF-A0A3C1B0Q4-F1-model_v4_TED02	afdb	high	126	1	87.0292	1.0000	AF-A0A3C1B0Q4-F1-model_v4_TED02
AF-A0A3C1B0Q4-F1-model_v4	AF-A0A3C1B0Q4-F1-model_v4_esm_TED01	esm	medium	48	1	97.6454	1.0000	AF-A0A3C1B0Q4-F1-model_v4_TED01
AF-A0A3C1B0Q4-F1-model_v4	AF-A0A3C1B0Q4-F1-model_v4_esm_TED02	esm	high	128	1	90.3545	0.9844	AF-A0A3C1B0Q4-F1-model_v4_TED02
AF-A0A7X0U4E3-F1-model_v4	AF-A0A7X0U4E3-F1-model_v4_TED01	afdb	medium	128	1	91.5908	1.0000	AF-A0A7X0U4E3-F1-model_v4_TED01
AF-A0A7X0U4E3-F1-model_v4	AF-A0A7X0U4E3-F1-model_v4_TED02	afdb	medium	128	1	94.5973	1.0000	AF-A0A7X0U4E3-F1-model_v4_TED02
AF-A0A7X0U4E3-F1-model_v4	AF-A0A7X0U4E3-F1-model_v4_esm_TED01	esm	high	128	1	92.4312	1.0000	AF-A0A7X0U4E3-F1-model_v4_TED01
AF-A0A7X0U4E3-F1-model_v4	AF-A0A7X0U4E3-F1-model_v4_esm_TED02	esm	medium	119	1	91.2551	0.0000	
AF-A0A7X0U4E3-F1-model_v4	AF-A0A7X0U4E3-F1-model_v4_esm_TED03	esm	medium	128	1	97.6555	1.0000	AF-A0A7X0U4E3-F1-model_v4_TED02
AF-A0A850M0Y7-F1-model_v4	AF-A0A850M0Y7-F1-model_v4_TED01	afdb	high	87	1	89.9285	1.0000	AF-A0A850M0Y7-F1-model_v4_TED01
AF-A0A850M0Y7-F1-model_v4	AF-A0A850M0Y7-F1-model_v4_TED02	afdb	high	94	1	95.0814	1.0000	AF-A0A850M0Y7-F1-model_v4_TED02
AF-A0A850M0Y7-F1-model_v4	AF-A0A850M0Y7-F1-model_v4_TED03	afdb	high	130	1	94.0165	1.0000	AF-A0A850M0Y7-F1-model_v4_TED03
AF-A0A850M0Y7-F1-model_v4	AF-A0A850M0Y7-F1-model_v4_TED04	afdb	high	110	1	94.7004	1.0000	AF-A0A850M0Y7-F1-model_v4_TED04
AF-A0A850M0Y7-F1-model_v4	AF-A0A850M0Y7-F1-model_v4_esm_TED01	esm	high	88	1	90.0861	0.9886	AF-A0A850M0Y7-F1-model_v4_TED01
AF-A0A850M0Y7-F1-model_v4	AF-A0A850M0Y7-F1-model_v4_esm_TED02	esm	high	92	1	96.8021	0.9787	AF-A0A850M0Y7-F1-model_v4_TED02
AF-A0A850M0Y7-F1-model_v4	AF-A0A850M0Y7-F1-model_v4_esm_TED03	esm	high	130	1	96.8256	1.0000	AF-A0A850M0Y7-F1-model_v4_TED03
AF-A0A850M0Y7-F1-model_v4	AF-A0A850M0Y7-F1-model_v4_esm_TED04	esm	high	110	1	97.3705	1.0000	AF-A0A850M0Y7-F1-model_v4_TED04
AF-A0A7W1SGP1-F1-model_v4	AF-A0A7W1SGP1-F1-model_v4_TED01	afdb	high	175	1	90.9482	1.0000	AF-A0A7W1SGP1-F1-model_v4_TED01
AF-A0A7W1SGP1-F1-model_v4	AF-A0A7W1SGP1-F1-model_v4_esm_TED01	esm	high	175	1	94.7014	0.9886	AF-A0A7W1SGP1-F1-model_v4_TED01
AF-A0A4Q2UET5-F1-model_v4	AF-A0A4Q2UET5-F1-model_v4_TED01	afdb	high	178	1	81.9235	1.0000	AF-A0A4Q2UET5-F1-model_v4_TED01
AF-A0A4Q2UET5-F1-model_v4	AF-A0A4Q2UET5-F1-model_v4_esm_TED01	esm	high	164	2	97.7905	0.9213	AF-A0A4Q2UET5-F1-model_v4_TED01
AF-A0A0N0N586-F1-model_v4	AF-A0A0N0N586-F1-model_v4_TED01	afdb	high	125	1	94.5548	1.0000	AF-A0A0N0N586-F1-model_v4_TED01
AF-A0A0N0N586-F1-model_v4	AF-A0A0N0N586-F1-model_v4_esm_TED01	esm	high	116	2	92.0126	0.9280	AF-A0A0N0N586-F1-model_v4_TED01
AF-A0A7C6UGA3-F1-model_v4	AF-A0A7C6UGA3-F1-model_v4_TED01	afdb	medium	55	1	56.9542	1.0000	AF-A0A7C6UGA3-F1-model_v4_TED01
AF-A0A7C6UGA3-F1-model_v4	AF-A0A7C6UGA3-F1-model_v4_esm_TED01	esm	medium	75	2	39.1896	0.7333	AF-A0A7C6UGA3-F1-model_v4_TED01
AF-R2RFL0-F1-model_v4	AF-R2RFL0-F1-model_v4_TED01	afdb	high	210	1	95.7256	1.0000	AF-R2RFL0-F1-model_v4_TED01
AF-R2RFL0-F1-model_v4	AF-R2RFL0-F1-model_v4_esm_TED01	esm	medium	210	1	98.0893	1.0000	AF-R2RFL0-F1-model_v4_TED01
AF-A0A537ZJW9-F1-model_v4	AF-A0A537ZJW9-F1-model_v4_TED01	afdb	high	179	1	96.4772	1.0000	AF-A0A537ZJW9-F1-model_v4_TED01
AF-A0A537ZJW9-F1-model_v4	AF-A0A537ZJW9-F1-model_v4_esm_TED01	esm	high	180	1	93.1209	0.9944	AF-A0A537ZJW9-F1-model_v4_TED01
AF-A0A0G1XJ69-F1-model_v4	AF-A0A0G1XJ69-F1-model_v4_TED01	afdb	medium	199	2	90.2532	1.0000	AF-A0A0G1XJ69-F1-model_v4_TED01
AF-A0A0G1XJ69-F1-model_v4	AF-A0A0G1XJ69-F1-model_v4_TED02	afdb	medium	210	1	88.1354	1.0000	AF-A0A0G1XJ69-F1-model_v4_TED02
AF-A0A0G1XJ69-F1-model_v4	AF-A0A0G1XJ69-F1-model_v4_esm_TED01	esm	medium	408	2	92.3205	0.5147	AF-A0A0G1XJ69-F1-model_v4_TED02
AF-A0A081R7V6-F1-model_v4	AF-A0A081R7V6-F1-model_v4_TED01	afdb	medium	329	1	90.9985	1.0000	AF-A0A081R7V6-F1-model_v4_TED01
AF-A0A081R7V6-F1-model_v4	AF-A0A081R7V6-F1-model_v4_TED02	afdb	high	239	1	89.8206	1.0000	AF-A0A081R7V6-F1-model_v4_TED02
AF-A0A081R7V6-F1-model_v4	AF-A0A081R7V6-F1-model_v4_esm_TED01	esm	medium	329	1	96.3337	1.0000	AF-A0A081R7V6-F1-model_v4_TED01
AF-A0A081R7V6-F1-model_v4	AF-A0A081R7V6-F1-model_v4_esm_TED02	esm	high	239	1	96.9357	1.0000	AF-A0A081R7V6-F1-model_v4_TED02
AF-A0A534MD54-F1-model_v4	AF-A0A534MD54-F1-model_v4_TED01	afdb	high	169	1	96.1921	1.0000	AF-A0A534MD54-F1-model_v4_TED01
AF-A0A534MD54-F1-model_v4	AF-A0A534MD54-F1-model_v4_esm_TED01	esm	high	180	1	96.4917	0.9389	AF-A0A534MD54-F1-model_v4_TED01
AF-A0A7X6Q820-F1-model_v4	AF-A0A7X6Q820-F1-model_v4_TED01	afdb	high	63	1	95.7684	1.0000	AF-A0A7X6Q820-F1-model_v4_TED01
AF-A0A7X6Q820-F1-model_v4	AF-A0A7X6Q820-F1-model_v4_TED02	afdb	high	141	1	94.3516	1.0000	AF-A0A7X6Q820-F1-model_v4_TED02
AF-A0A7X6Q820-F1-model_v4	AF-A0A7X6Q820-F1-model_v4_esm_TED01	esm	high	63	1	96.3151	1.0000	AF-A0A7X6Q820-F1-model_v4_TED01
AF-A0A7X6Q820-F1-model_v4	AF-A0A7X6Q820-F1-model_v4_esm_TED02	esm	high	144	1	95.4997	0.9792	AF-A0A7X6Q820-F1-model_v4_TED02
AF-A0A7Y7XBD1-F1-model_v4	AF-A0A7Y7XBD1-F1-model_v4_TED01	afdb	high	236	3	97.8614	1.0000	AF-A0A7Y7XBD1-F1-model_v4_TED01
AF-A0A7Y7XBD1-F1-model_v4	AF-A0A7Y7XBD1-F1-model_v4_esm_TED01	esm	high	235	3	95.8131	0.9790	AF-A0A7Y7XBD1-F1-model_v4_TED01
AF-A0A2K5LUW7-F1-model_v4	AF-A0A2K5LUW7-F1-model_v4_TED01	afdb	high	114	1	76.5061	1.0000	AF-A0A2K5LUW7-F1-model_v4_TED01
AF-A0A2K5LUW7-F1-model_v4	AF-A0A2K5LUW7-F1-model_v4_TED02	afdb	high	83	1	86.0993	1.0000	AF-A0A2K5LUW7-F1-model_v4_TED02
AF-A0A2K5LUW7-F1-model_v4	AF-A0A2K5LUW7-F1-model_v4_TED03	afdb	high	112	1	91.3196	1.0000	AF-A0A2K5LUW7-F1-model_v4_TED03
AF-A0A2K5LUW7-F1-model_v4	AF-A0A2K5LUW7-F1-model_v4_esm_TED01	esm	high	116	1	77.0874	0.9328	AF-A0A2K5LUW7-F1-model_v4_TED01
AF-A0A2K5LUW7-F1-model_v4	AF-A0A2K5LUW7-F1-model_v4_esm_TED02	esm	high	87	1	90.5826	0.9540	AF-A0A2K5LUW7-F1-model_v4_TED02
AF-A0A2K5LUW7-F1-model_v4	AF-A0A2K5LUW7-F1-model_v4_esm_TED03	esm	high	110	1	91.3831	0.9821	AF-A0A2K5LUW7-F1-model_v4_TED03
AF-A0A368WGG0-F1-model_v4	AF-A0A368WGG0-F1-model_v4_TED01	afdb	high	240	1	96.2226	1.0000	AF-A0A368WGG0-F1-model_v4_TED01
AF-A0A368WGG0-F1-model_v4	AF-A0A368WGG0-F1-model_v4_TED02	afdb	high	119	1	89.7145	1.0000	AF-A0A368WGG0-F1-model_v4_TED02
AF-A0A368WGG0-F1-model_v4	AF-A0A368WGG0-F1-model_v4_esm_TED01	esm	high	243	1	82.3551	0.9877	AF-A0A368WGG0-F1-model_v4_TED01
AF-A0A368WGG0-F1-model_v4	AF-A0A368WGG0-F1-model_v4_esm_TED02	esm	high	120	1	87.3292	0.9917	AF-A0A368WGG0-F1-model_v4_TED02
AF-A0A7K3A4U1-F1-model_v4	AF-A0A7K3A4U1-F1-model_v4_TED01	afdb	high	45	1	89.6802	1.0000	AF-A0A7K3A4U1-F1-model_v4_TED01
AF-A0A7K3A4U1-F1-model_v4	AF-A0A7K3A4U1-F1-model_v4_TED02	afdb	high	102	1	93.9719	1.0000	AF-A0A7K3A4U1-F1-model_v4_TED02
AF-A0A7K3A4U1-F1-model_v4	AF-A0A7K3A4U1-F1-model_v4_esm_TED01	esm	medium	42	1	98.3314	0.9333	AF-A0A7K3A4U1-F1-model_v4_TED01
AF-A0A7K3A4U1-F1-model_v4	AF-A0A7K3A4U1-F1-model_v4_esm_TED02	esm	high	102	1	97.9367	1.0000	AF-A0A7K3A4U1-F1-model_v4_TED02
AF-A0A7K3A4U1-F1-model_v4	AF-A0A7K3A4U1-F1-model_v4_esm_TED03	esm	medium	66	1	89.4858	0.0000	
AF-A0A0T6DQA2-F1-model_v4	AF-A0A0T6DQA2-F1-model_v4_TED01	afdb	medium	98	2	85.8879	0.6275	AF-A0A0T6DQA2-F1-model_v4_TED01
AF-A0A0T6DQA2-F1-model_v4	AF-A0A0T6DQA2-F1-model_v4_esm_TED01	esm	high	139	2	68.3646	0.9205	AF-A0A0T6DQA2-F1-model_v4_TED01
AF-A0A364K741-F1-model_v4	AF-A0A364K741-F1-model_v4_TED01	afdb	medium	180	2	90.8262	1.0000	AF-A0A364K741-F1-model_v4_TED01
AF-A0A364K741-F1-model_v4	AF-A0A364K741-F1-model_v4_TED02	afdb	medium	148	1	91.4584	1.0000	AF-A0A364K741-F1-model_v4_TED02
AF-A0A364K741-F1-model_v4	AF-A0A364K741-F1-model_v4_esm_TED01	esm	medium	182	2	96.3201	0.9890	AF-A0A364K741-F1-model_v4_TED01
AF-A0A364K741-F1-model_v4	AF-A0A364K741-F1-model_v4_esm_TED02	esm	medium	149	1	94.8695	0.9933	AF-A0A364K741-F1-model_v4_TED02
AF-A0A2T2YFW8-F1-model_v4	AF-A0A2T2YFW8-F1-model_v4_TED01	afdb	high	240	2	96.0252	1.0000	AF-A0A2T2YFW8-F1-model_v4_TED01
AF-A0A2T2YFW8-F1-model_v4	AF-A0A2T2YFW8-F1-model_v4_TED02	afdb	high	84	1	88.0135	1.0000	AF-A0A2T2YFW8-F1-model_v4_TED02
AF-A0A2T2YFW8-F1-model_v4	AF-A0A2T2YFW8-F1-model_v4_esm_TED01	esm	high	241	2	97.446	0.9959	AF-A0A2T2YFW8-F1-model_v4_TED01
AF-A0A2T2YFW8-F1-model_v4	AF-A0A2T2YFW8-F1-model_v4_esm_TED02	esm	high	84	1	92.388	1.0000	AF-A0A2T2YFW8-F1-model_v4_TED02
AF-M5INQ9-F1-model_v4	AF-M5INQ9-F1-model_v4_TED01	afdb	medium	125	1	77.5019	1.0000	AF-M5INQ9-F1-model_v4_TED01
AF-M5INQ9-F1-model_v4	AF-M5INQ9-F1-model_v4_esm_TED01	esm	high	96	1	70.8373	0.7680	AF-M5INQ9-F1-model_v4_TED01
AF-A0A897T8S1-F1-model_v4	AF-A0A897T8S1-F1-model_v4_TED01	afdb	high	245	1	97.2179	1.0000	AF-A0A897T8S1-F1-model_v4_TED01
AF-A0A897T8S1-F1-model_v4	AF-A0A897T8S1-F1-model_v4_esm_TED01	esm	high	245	1	98.0673	1.0000	AF-A0A897T8S1-F1-model_v4_TED01
AF-B2A368-F1-model_v4	AF-B2A368-F1-model_v4_TED01	afdb	high	181	2	87.961	1.0000	AF-B2A368-F1-model_v4_TED01
AF-B2A368-F1-model_v4	AF-B2A368-F1-model_v4_esm_TED01	esm	high	252	1	94.2303	0.7115	AF-B2A368-F1-model_v4_TED01
AF-A0A3A4ZHU9-F1-model_v4	AF-A0A3A4ZHU9-F1-model_v4_TED01	afdb	high	79	1	95.3463	1.0000	AF-A0A3A4ZHU9-F1-model_v4_TED01
AF-A0A3A4ZHU9-F1-model_v4	AF-A0A3A4ZHU9-F1-model_v4_esm_TED01	esm	high	79	1	92.0596	1.0000	AF-A0A3A4ZHU9-F1-model_v4_TED01
AF-A0A5A7WN26-F1-model_v4	AF-A0A5A7WN26-F1-model_v4_TED01	afdb	medium	51	1	95.7469	1.0000	AF-A0A5A7WN26-F1-model_v4_TED01
AF-A0A5A7WN26-F1-model_v4	AF-A0A5A7WN26-F1-model_v4_esm_TED01	esm	medium	48	1	76.9756	0.9412	AF-A0A5A7WN26-F1-model_v4_TED01
AF-A0A411IKE3-F1-model_v4	AF-A0A411IKE3-F1-model_v4_TED01	afdb	high	111	1	97.6735	1.0000	AF-A0A411IKE3-F1-model_v4_TED01
AF-A0A411IKE3-F1-model_v4	AF-A0A411IKE3-F1-model_v4_TED02	afdb	medium	33	1	97.3973	1.0000	AF-A0A411IKE3-F1-model_v4_TED02
AF-A0A411IKE3-F1-model_v4	AF-A0A411IKE3-F1-model_v4_esm_TED01	esm	high	117	1	37.4438	0.9487	AF-A0A411IKE3-F1-model_v4_TED01
AF-A0A229TJM7-F1-model_v4	AF-A0A229TJM7-F1-model_v4_TED01	afdb	medium	157	1	94.3355	1.0000	AF-A0A229TJM7-F1-model_v4_TED01
AF-A0A229TJM7-F1-model_v4	AF-A0A229TJM7-F1-model_v4_esm_TED01	esm	high	157	1	88.7154	1.0000	AF-A0A229TJM7-F1-model_v4_TED01
AF-A0A258R1P3-F1-model_v4	AF-A0A258R1P3-F1-model_v4_TED01	afdb	high	117	1	97.9653	1.0000	AF-A0A258R1P3-F1-model_v4_TED01
AF-A0A258R1P3-F1-model_v4	AF-A0A258R1P3-F1-model_v4_esm_TED01	esm	high	117	1	94.9547	1.0000	AF-A0A258R1P3-F1-model_v4_TED01
AF-A0A5B0PXS5-F1-model_v4	AF-A0A5B0PXS5-F1-model_v4_TED01	afdb	medium	63	2	59.9765	1.0000	AF-A0A5B0PXS5-F1-model_v4_TED01
AF-A0A5B0PXS5-F1-model_v4	AF-A0A5B0PXS5-F1-model_v4_esm_TED01	esm	high	70	1	43.4319	0.9000	AF-A0A5B0PXS5-F1-model_v4_TED01
AF-A0A1H7I049-F1-model_v4	AF-A0A1H7I049-F1-model_v4_TED01	afdb	high	84	2	96.2744	1.0000	AF-A0A1H7I049-F1-model_v4_TED01
AF-A0A1H7I049-F1-model_v4	AF-A0A1H7I049-F1-model_v4_TED02	afdb	high	102	1	96.8175	1.0000	AF-A0A1H7I049-F1-model_v4_TED02
AF-A0A1H7I049-F1-model_v4	AF-A0A1H7I049-F1-model_v4_esm_TED01	esm	high	90	2	93.9592	0.9333	AF-A0A1H7I049-F1-model_v4_TED01
AF-A0A1H7I049-F1-model_v4	AF-A0A1H7I049-F1-model_v4_esm_TED02	esm	high	102	1	96.9423	1.0000	AF-A0A1H7I049-F1-model_v4_TED02
AF-A0A1Z5H9U1-F1-model_v4	AF-A0A1Z5H9U1-F1-model_v4_TED01	afdb	high	164	1	93.0584	1.0000	AF-A0A1Z5H9U1-F1-model_v4_TED01
AF-A0A1Z5H9U1-F1-model_v4	AF-A0A1Z5H9U1-F1-model_v4_esm_TED01	esm	high	158	1	86.8515	0.9634	AF-A0A1Z5H9U1-F1-model_v4_TED01
AF-A0A0G2FMH4-F1-model_v4	AF-A0A0G2FMH4-F1-model_v4_TED01	afdb	medium	101	1	79.7401	1.0000	AF-A0A0G2FMH4-F1-model_v4_TED01
AF-A0A0G2FMH4-F1-model_v4	AF-A0A0G2FMH4-F1-model_v4_TED02	afdb	medium	63	2	55.7014	1.0000	AF-A0A0G2FMH4-F1-model_v4_TED02
AF-A0A0G2FMH4-F1-model_v4	AF-A0A0G2FMH4-F1-model_v4_TED03	afdb	high	106	1	72.212	1.0000	AF-A0A0G2FMH4-F1-model_v4_TED03
AF-A0A0G2FMH4-F1-model_v4	AF-A0A0G2FMH4-F1-model_v4_esm_TED01	esm	medium	101	1	80.5813	1.0000	AF-A0A0G2FMH4-F1-model_v4_TED01
AF-A0A0G2FMH4-F1-model_v4	AF-A0A0G2FMH4-F1-model_v4_esm_TED02	esm	medium	82	1	86.2502	0.7736	AF-A0A0G2FMH4-F1-model_v4_TED03
AF-A0A081SEA8-F1-model_v4	AF-A0A081SEA8-F1-model_v4_TED01	afdb	high	128	1	90.8895	1.0000	AF-A0A081SEA8-F1-model_v4_TED01
AF-A0A081SEA8-F1-model_v4	AF-A0A081SEA8-F1-model_v4_esm_TED01	esm	high	128	1	81.3202	1.0000	AF-A0A081SEA8-F1-model_v4_TED01
AF-A0A7J3JAT7-F1-model_v4	AF-A0A7J3JAT7-F1-model_v4_TED01	afdb	medium	264	2	90.6937	1.0000	AF-A0A7J3JAT7-F1-model_v4_TED01
AF-A0A7J3JAT7-F1-model_v4	AF-A0A7J3JAT7-F1-model_v4_TED02	afdb	high	151	1	93.006	1.0000	AF-A0A7J3JAT7-F1-model_v4_TED02
AF-A0A7J3JAT7-F1-model_v4	AF-A0A7J3JAT7-F1-model_v4_esm_TED01	esm	high	244	2	96.8514	0.9242	AF-A0A7J3JAT7-F1-model_v4_TED01
AF-A0A7J3JAT7-F1-model_v4	AF-A0A7J3JAT7-F1-model_v4_esm_TED02	esm	high	151	1	96.8781	1.0000	AF-A0A7J3JAT7-F1-model_v4_TED02
AF-A0A5M6IM01-F1-model_v4	AF-A0A5M6IM01-F1-model_v4_TED01	afdb	medium	210	1	95.0158	1.0000	AF-A0A5M6IM01-F1-model_v4_TED01
AF-A0A5M6IM01-F1-model_v4	AF-A0A5M6IM01-F1-model_v4_esm_TED01	esm	medium	210	1	98.1607	1.0000	AF-A0A5M6IM01-F1-model_v4_TED01
AF-A0A838ZKM8-F1-model_v4	AF-A0A838ZKM8-F1-model_v4_TED01	afdb	high	232	2	97.884	1.0000	AF-A0A838ZKM8-F1-model_v4_TED01
AF-A0A838ZKM8-F1-model_v4	AF-A0A838ZKM8-F1-model_v4_TED02	afdb	high	178	1	98.0398	1.0000	AF-A0A838ZKM8-F1-model_v4_TED02
AF-A0A838ZKM8-F1-model_v4	AF-A0A838ZKM8-F1-model_v4_esm_TED01	esm	high	232	2	97.3514	1.0000	AF-A0A838ZKM8-F1-model_v4_TED01
AF-A0A838ZKM8-F1-model_v4	AF-A0A838ZKM8-F1-model_v4_esm_TED02	esm	high	185	1	97.7278	0.9622	AF-A0A838ZKM8-F1-model_v4_TED02
AF-A0A068BTX8-F1-model_v4	AF-A0A068BTX8-F1-model_v4_TED01	afdb	high	74	1	96.437	1.0000	AF-A0A068BTX8-F1-model_v4_TED01
AF-A0A068BTX8-F1-model_v4	AF-A0A068BTX8-F1-model_v4_TED02	afdb	high	127	1	95.7432	1.0000	AF-A0A068BTX8-F1-model_v4_TED02
AF-A0A068BTX8-F1-model_v4	AF-A0A068BTX8-F1-model_v4_esm_TED01	esm	high	74	1	83.8581	1.0000	AF-A0A068BTX8-F1-model_v4_TED01
AF-A0A068BTX8-F1-model_v4	AF-A0A068BTX8-F1-model_v4_esm_TED02	esm	high	131	1	84.8024	0.9695	AF-A0A068BTX8-F1-model_v4_TED02
AF-A0A5J6G609-F1-model_v4	AF-A0A5J6G609-F1-model_v4_TED01	afdb	medium	190	2	81.8494	1.0000	AF-A0A5J6G609-F1-model_v4_TED01
AF-A0A5J6G609-F1-model_v4	AF-A0A5J6G609-F1-model_v4_TED02	afdb	medium	208	1	84.9085	1.0000	AF-A0A5J6G609-F1-model_v4_TED02
AF-A0A5J6G609-F1-model_v4	AF-A0A5J6G609-F1-model_v4_TED03	afdb	medium	190	3	80.2414	1.0000	AF-A0A5J6G609-F1-model_v4_TED03
AF-A0A5J6G609-F1-model_v4	AF-A0A5J6G609-F1-model_v4_TED04	afdb	high	160	1	88.3242	1.0000	AF-A0A5J6G609-F1-model_v4_TED04
AF-A0A5J6G609-F1-model_v4	AF-A0A5J6G609-F1-model_v4_esm_TED01	esm	medium	175	2	93.6947	0.8912	AF-A0A5J6G609-F1-model_v4_TED01
AF-A0A5J6G609-F1-model_v4	AF-A0A5J6G609-F1-model_v4_esm_TED02	esm	medium	210	1	88.5445	0.9905	AF-A0A5J6G609-F1-model_v4_TED02
AF-A0A5J6G609-F1-model_v4	AF-A0A5J6G609-F1-model_v4_esm_TED03	esm	medium	209	2	93.1353	0.8821	AF-A0A5J6G609-F1-model_v4_TED03
AF-A0A5J6G609-F1-model_v4	AF-A0A5J6G609-F1-model_v4_esm_TED04	esm	high	160	1	92.9759	1.0000	AF-A0A5J6G609-F1-model_v4_TED04
AF-A0A6G3XB34-F1-model_v4	AF-A0A6G3XB34-F1-model_v4_TED01	afdb	high	267	2	97.9582	1.0000	AF-A0A6G3XB34-F1-model_v4_TED01
AF-A0A6G3XB34-F1-model_v4	AF-A0A6G3XB34-F1-model_v4_TED02	afdb	high	173	1	97.9579	1.0000	AF-A0A6G3XB34-F1-model_v4_TED02
AF-A0A6G3XB34-F1-model_v4	AF-A0A6G3XB34-F1-model_v4_esm_TED01	esm	high	263	2	98.4043	0.9850	AF-A0A6G3XB34-F1-model_v4_TED01
AF-A0A6G3XB34-F1-model_v4	AF-A0A6G3XB34-F1-model_v4_esm_TED02	esm	high	173	1	98.4302	1.0000	AF-A0A6G3XB34-F1-model_v4_TED02
AF-A0A239LRI2-F1-model_v4	AF-A0A239LRI2-F1-model_v4_TED01	afdb	medium	27	1	77.93	1.0000	AF-A0A239LRI2-F1-model_v4_TED01
AF-A0A239LRI2-F1-model_v4	AF-A0A239LRI2-F1-model_v4_esm_TED01	esm	medium	26	1	76.8654	0.9630	AF-A0A239LRI2-F1-model_v4_TED01
AF-A0A3B8PKZ9-F1-model_v4	AF-A0A3B8PKZ9-F1-model_v4_TED01	afdb	medium	128	1	95.3577	1.0000	AF-A0A3B8PKZ9-F1-model_v4_TED01
AF-A0A3B8PKZ9-F1-model_v4	AF-A0A3B8PKZ9-F1-model_v4_TED02	afdb	high	83	1	80.6954	1.0000	AF-A0A3B8PKZ9-F1-model_v4_TED02
AF-A0A3B8PKZ9-F1-model_v4	AF-A0A3B8PKZ9-F1-model_v4_esm_TED01	esm	high	83	1	92.0707	1.0000	AF-A0A3B8PKZ9-F1-model_v4_TED02
AF-A0A2G6E7K2-F1-model_v4	AF-A0A2G6E7K2-F1-model_v4_TED01	afdb	high	162	2	94.2967	1.0000	AF-A0A2G6E7K2-F1-model_v4_TED01
AF-A0A2G6E7K2-F1-model_v4	AF-A0A2G6E7K2-F1-model_v4_esm_TED01	esm	medium	164	2	97.2825	0.9064	AF-A0A2G6E7K2-F1-model_v4_TED01
AF-A0A2G6E7K2-F1-model_v4	AF-A0A2G6E7K2-F1-model_v4_esm_TED02	esm	medium	67	1	98.4769	0.0000	
AF-A0A6G3RV76-F1-model_v4	AF-A0A6G3RV76-F1-model_v4_TED01	afdb	high	228	2	86.9203	1.0000	AF-A0A6G3RV76-F1-model_v4_TED01
AF-A0A6G3RV76-F1-model_v4	AF-A0A6G3RV76-F1-model_v4_esm_TED01	esm	medium	216	3	93.8102	0.9304	AF-A0A6G3RV76-F1-model_v4_TED01
AF-A0A7K1ST83-F1-model_v4	AF-A0A7K1ST83-F1-model_v4_TED01	afdb	high	227	1	92.0888	1.0000	AF-A0A7K1ST83-F1-model_v4_TED01
AF-A0A7K1ST83-F1-model_v4	AF-A0A7K1ST83-F1-model_v4_esm_TED01	esm	high	221	1	94.6678	0.9736	AF-A0A7K1ST83-F1-model_v4_TED01
AF-A0A524LNN9-F1-model_v4	AF-A0A524LNN9-F1-model_v4_TED01	afdb	high	158	2	91.7609	1.0000	AF-A0A524LNN9-F1-model_v4_TED01
AF-A0A524LNN9-F1-model_v4	AF-A0A524LNN9-F1-model_v4_TED02	afdb	high	162	1	95.3915	1.0000	AF-A0A524LNN9-F1-model_v4_TED02
AF-A0A524LNN9-F1-model_v4	AF-A0A524LNN9-F1-model_v4_esm_TED01	esm	high	155	2	91.2167	0.9810	AF-A0A524LNN9-F1-model_v4_TED01
AF-A0A524LNN9-F1-model_v4	AF-A0A524LNN9-F1-model_v4_esm_TED02	esm	high	161	1	96.5661	0.9938	AF-A0A524LNN9-F1-model_v4_TED02
AF-A0A7M6DQE3-F1-model_v4	AF-A0A7M6DQE3-F1-model_v4_TED01	afdb	high	222	1	96.1412	1.0000	AF-A0A7M6DQE3-F1-model_v4_TED01
AF-A0A7M6DQE3-F1-model_v4	AF-A0A7M6DQE3-F1-model_v4_esm_TED01	esm	high	224	1	96.9106	0.9911	AF-A0A7M6DQE3-F1-model_v4_TED01
AF-A0A431KAL7-F1-model_v4	AF-A0A431KAL7-F1-model_v4_TED01	afdb	high	81	1	97.2175	1.0000	AF-A0A431KAL7-F1-model_v4_TED01
AF-A0A431KAL7-F1-model_v4	AF-A0A431KAL7-F1-model_v4_esm_TED01	esm	high	77	1	84.4686	0.9506	AF-A0A431KAL7-F1-model_v4_TED01
AF-A0A7S4N389-F1-model_v4	AF-A0A7S4N389-F1-model_v4_TED01	afdb	medium	36	1	71.4372	1.0000	AF-A0A7S4N389-F1-model_v4_TED01
AF-A0A6I4IVX5-F1-model_v4	AF-A0A6I4IVX5-F1-model_v4_TED01	afdb	high	103	1	81.8682	1.0000	AF-A0A6I4IVX5-F1-model_v4_TED01
AF-A0A6I4IVX5-F1-model_v4	AF-A0A6I4IVX5-F1-model_v4_esm_TED01	esm	high	106	1	36.9781	0.9717	AF-A0A6I4IVX5-F1-model_v4_TED01
AF-A0A533QBT4-F1-model_v4	AF-A0A533QBT4-F1-model_v4_TED01	afdb	high	192	1	84.4852	1.0000	AF-A0A533QBT4-F1-model_v4_TED01
AF-A0A533QBT4-F1-model_v4	AF-A0A533QBT4-F1-model_v4_esm_TED01	esm	high	160	1	92.1973	0.8333	AF-A0A533QBT4-F1-model_v4_TED01
AF-A0A533QBT4-F1-model_v4	AF-A0A533QBT4-F1-model_v4_esm_TED02	esm	medium	35	1	81.8883	0.1523	
AF-A0A3P7YM07-F1-model_v4	AF-A0A3P7YM07-F1-model_v4_TED01	afdb	medium	35	1	79.1266	1.0000	AF-A0A3P7YM07-F1-model_v4_TED01
AF-A0A3P7YM07-F1-model_v4	AF-A0A3P7YM07-F1-model_v4_esm_TED01	esm	medium	35	1	50.9066	1.0000	AF-A0A3P7YM07-F1-model_v4_TED01
AF-A0A6B3R2U3-F1-model_v4	AF-A0A6B3R2U3-F1-model_v4_TED01	afdb	high	99	2	91.0579	1.0000	AF-A0A6B3R2U3-F1-model_v4_TED01
AF-A0A6B3R2U3-F1-model_v4	AF-A0A6B3R2U3-F1-model_v4_TED02	afdb	high	79	1	92.6285	1.0000	AF-A0A6B3R2U3-F1-model_v4_TED02
AF-A0A6B3R2U3-F1-model_v4	AF-A0A6B3R2U3-F1-model_v4_TED03	afdb	high	121	1	88.7979	1.0000	AF-A0A6B3R2U3-F1-model_v4_TED03
AF-A0A6B3R2U3-F1-model_v4	AF-A0A6B3R2U3-F1-model_v4_esm_TED01	esm	high	91	2	88.5554	0.9192	AF-A0A6B3R2U3-F1-model_v4_TED01
AF-A0A6B3R2U3-F1-model_v4	AF-A0A6B3R2U3-F1-model_v4_esm_TED02	esm	high	71	1	87.4401	0.8519	AF-A0A6B3R2U3-F1-model_v4_TED02
AF-A0A6B3R2U3-F1-model_v4	AF-A0A6B3R2U3-F1-model_v4_esm_TED03	esm	high	121	1	87.7971	1.0000	AF-A0A6B3R2U3-F1-model_v4_TED03
AF-A0A814IV67-F1-model_v4	AF-A0A814IV67-F1-model_v4_TED01	afdb	high	309	2	93.9418	1.0000	AF-A0A814IV67-F1-model_v4_TED01
AF-A0A814IV67-F1-model_v4	AF-A0A814IV67-F1-model_v4_esm_TED01	esm	medium	313	2	90.3373	0.9809	AF-A0A814IV67-F1-model_v4_TED01
AF-A0A498AXM0-F1-model_v4	AF-A0A498AXM0-F1-model_v4_TED01	afdb	high	299	1	97.7948	1.0000	AF-A0A498AXM0-F1-model_v4_TED01
AF-A0A498AXM0-F1-model_v4	AF-A0A498AXM0-F1-model_v4_TED02	afdb	high	93	1	89.35	1.0000	AF-A0A498AXM0-F1-model_v4_TED02
AF-A0A498AXM0-F1-model_v4	AF-A0A498AXM0-F1-model_v4_esm_TED01	esm	high	299	1	94.9508	1.0000	AF-A0A498AXM0-F1-model_v4_TED01
AF-A0A498AXM0-F1-model_v4	AF-A0A498AXM0-F1-model_v4_esm_TED02	esm	high	93	1	89.4081	1.0000	AF-A0A498AXM0-F1-model_v4_TED02
AF-A0A673B0X1-F1-model_v4	AF-A0A673B0X1-F1-model_v4_TED01	afdb	high	283	1	96.8667	1.0000	AF-A0A673B0X1-F1-model_v4_TED01
AF-A0A673B0X1-F1-model_v4	AF-A0A673B0X1-F1-model_v4_TED02	afdb	high	72	1	76.3825	1.0000	AF-A0A673B0X1-F1-model_v4_TED02
AF-A0A673B0X1-F1-model_v4	AF-A0A673B0X1-F1-model_v4_esm_TED01	esm	high	283	1	93.0146	1.0000	AF-A0A673B0X1-F1-model_v4_TED01
AF-A0A673B0X1-F1-model_v4	AF-A0A673B0X1-F1-model_v4_esm_TED02	esm	high	80	1	67.448	0.9000	AF-A0A673B0X1-F1-model_v4_TED02
AF-A0A7K0LKI7-F1-model_v4	AF-A0A7K0LKI7-F1-model_v4_TED01	afdb	medium	64	1	64.2192	1.0000	AF-A0A7K0LKI7-F1-model_v4_TED01
AF-A0A7K0LKI7-F1-model_v4	AF-A0A7K0LKI7-F1-model_v4_TED02	afdb	high	160	2	80.0748	1.0000	AF-A0A7K0LKI7-F1-model_v4_TED02
AF-A0A7K0LKI7-F1-model_v4	AF-A0A7K0LKI7-F1-model_v4_esm_TED01	esm	high	154	2	94.6225	0.9503	AF-A0A7K0LKI7-F1-model_v4_TED02
AF-A0A7L5YS15-F1-model_v4	AF-A0A7L5YS15-F1-model_v4_TED01	afdb	medium	28	1	48.1325	1.0000	AF-A0A7L5YS15-F1-model_v4_TED01
AF-A0A7L5YS15-F1-model_v4	AF-A0A7L5YS15-F1-model_v4_esm_TED01	esm	high	95	1	44.5653	0.2947	AF-A0A7L5YS15-F1-model_v4_TED01
AF-A0A2W4SFX8-F1-model_v4	AF-A0A2W4SFX8-F1-model_v4_TED01	afdb	medium	150	1	93.5483	1.0000	AF-A0A2W4SFX8-F1-model_v4_TED01
AF-A0A2W4SFX8-F1-model_v4	AF-A0A2W4SFX8-F1-model_v4_TED02	afdb	high	102	1	89.5113	1.0000	AF-A0A2W4SFX8-F1-model_v4_TED02
AF-A0A2W4SFX8-F1-model_v4	AF-A0A2W4SFX8-F1-model_v4_esm_TED01	esm	medium	391	1	89.456	0.3836	AF-A0A2W4SFX8-F1-model_v4_TED01
AF-A0A2W4SFX8-F1-model_v4	AF-A0A2W4SFX8-F1-model_v4_esm_TED02	esm	high	96	1	95.1988	0.9412	AF-A0A2W4SFX8-F1-model_v4_TED02
AF-G4TTB8-F1-model_v4	AF-G4TTB8-F1-model_v4_TED01	afdb	high	147	1	96.9408	1.0000	AF-G4TTB8-F1-model_v4_TED01
AF-G4TTB8-F1-model_v4	AF-G4TTB8-F1-model_v4_esm_TED01	esm	medium	167	1	34.3678	0.8690	AF-G4TTB8-F1-model_v4_TED01
AF-A0A329H779-F1-model_v4	AF-A0A329H779-F1-model_v4_TED01	afdb	high	287	1	94.5675	1.0000	AF-A0A329H779-F1-model_v4_TED01
AF-A0A329H779-F1-model_v4	AF-A0A329H779-F1-model_v4_esm_TED01	esm	high	223	1	95.8519	0.7770	AF-A0A329H779-F1-model_v4_TED01
AF-A0A246DTQ8-F1-model_v4	AF-A0A246DTQ8-F1-model_v4_TED01	afdb	medium	174	2	91.2403	1.0000	AF-A0A246DTQ8-F1-model_v4_TED01
AF-A0A246DTQ8-F1-model_v4	AF-A0A246DTQ8-F1-model_v4_TED02	afdb	medium	88	1	93.1689	1.0000	AF-A0A246DTQ8-F1-model_v4_TED02
AF-A0A246DTQ8-F1-model_v4	AF-A0A246DTQ8-F1-model_v4_esm_TED01	esm	medium	175	2	94.9188	0.9943	AF-A0A246DTQ8-F1-model_v4_TED01
AF-A0A246DTQ8-F1-model_v4	AF-A0A246DTQ8-F1-model_v4_esm_TED02	esm	medium	88	1	94.885	1.0000	AF-A0A246DTQ8-F1-model_v4_TED02
AF-A0A7G8DEN4-F1-model_v4	AF-A0A7G8DEN4-F1-model_v4_TED01	afdb	high	189	1	97.1258	1.0000	AF-A0A7G8DEN4-F1-model_v4_TED01
AF-A0A7G8DEN4-F1-model_v4	AF-A0A7G8DEN4-F1-model_v4_esm_TED01	esm	high	190	1	97.4902	0.9947	AF-A0A7G8DEN4-F1-model_v4_TED01
AF-A0A6L8RMH2-F1-model_v4	AF-A0A6L8RMH2-F1-model_v4_TED01	afdb	high	124	1	97.259	1.0000	AF-A0A6L8RMH2-F1-model_v4_TED01
AF-A0A6L8RMH2-F1-model_v4	AF-A0A6L8RMH2-F1-model_v4_esm_TED01	esm	high	123	1	89.0954	0.9919	AF-A0A6L8RMH2-F1-model_v4_TED01
AF-J0KQ73-F1-model_v4	AF-J0KQ73-F1-model_v4_TED01	afdb	medium	146	1	90.3781	1.0000	AF-J0KQ73-F1-model_v4_TED01
AF-J0KQ73-F1-model_v4	AF-J0KQ73-F1-model_v4_TED02	afdb	high	58	1	96.915	1.0000	AF-J0KQ73-F1-model_v4_TED02
AF-J0KQ73-F1-model_v4	AF-J0KQ73-F1-model_v4_esm_TED01	esm	medium	77	1	89.7034	0.5274	AF-J0KQ73-F1-model_v4_TED01
AF-J0KQ73-F1-model_v4	AF-J0KQ73-F1-model_v4_esm_TED02	esm	medium	52	2	95.9702	0.3562	
AF-J0KQ73-F1-model_v4	AF-J0KQ73-F1-model_v4_esm_TED03	esm	high	59	1	98.7937	0.9831	AF-J0KQ73-F1-model_v4_TED02
AF-A0A1X7E0J6-F1-model_v4	AF-A0A1X7E0J6-F1-model_v4_TED01	afdb	high	167	2	95.6501	1.0000	AF-A0A1X7E0J6-F1-model_v4_TED01
AF-A0A1X7E0J6-F1-model_v4	AF-A0A1X7E0J6-F1-model_v4_TED02	afdb	high	127	1	96.807	1.0000	AF-A0A1X7E0J6-F1-model_v4_TED02
AF-A0A1X7E0J6-F1-model_v4	AF-A0A1X7E0J6-F1-model_v4_esm_TED01	esm	high	154	2	92.7954	0.9222	AF-A0A1X7E0J6-F1-model_v4_TED01
AF-A0A1X7E0J6-F1-model_v4	AF-A0A1X7E0J6-F1-model_v4_esm_TED02	esm	high	127	1	94.8118	1.0000	AF-A0A1X7E0J6-F1-model_v4_TED02
AF-A0A515EQI1-F1-model_v4	AF-A0A515EQI1-F1-model_v4_TED01	afdb	high	303	2	95.0845	1.0000	AF-A0A515EQI1-F1-model_v4_TED01
AF-A0A515EQI1-F1-model_v4	AF-A0A515EQI1-F1-model_v4_esm_TED01	esm	medium	342	1	91.6432	0.8860	AF-A0A515EQI1-F1-model_v4_TED01
AF-Q22TI4-F1-model_v4	AF-Q22TI4-F1-model_v4_TED01	afdb	medium	81	1	83.418	1.0000	AF-Q22TI4-F1-model_v4_TED01
AF-Q22TI4-F1-model_v4	AF-Q22TI4-F1-model_v4_esm_TED01	esm	medium	76	1	55.1957	0.8690	AF-Q22TI4-F1-model_v4_TED01
AF-Q22TI4-F1-model_v4	AF-Q22TI4-F1-model_v4_esm_TED02	esm	medium	68	1	75.9591	0.0000	
AF-Q22TI4-F1-model_v4	AF-Q22TI4-F1-model_v4_esm_TED03	esm	medium	45	1	76.4231	0.0000	
AF-A0A0P7V5E9-F1-model_v4	AF-A0A0P7V5E9-F1-model_v4_TED01	afdb	high	84	1	94.5201	1.0000	AF-A0A0P7V5E9-F1-model_v4_TED01
AF-A0A0P7V5E9-F1-model_v4	AF-A0A0P7V5E9-F1-model_v4_esm_TED01	esm	high	111	1	83.2378	0.7568	AF-A0A0P7V5E9-F1-model_v4_TED01
AF-A0A1A0ILL1-F1-model_v4	AF-A0A1A0ILL1-F1-model_v4_TED01	afdb	high	68	1	91.9268	1.0000	AF-A0A1A0ILL1-F1-model_v4_TED01
AF-A0A1A0ILL1-F1-model_v4	AF-A0A1A0ILL1-F1-model_v4_TED02	afdb	medium	47	1	81.5998	1.0000	AF-A0A1A0ILL1-F1-model_v4_TED02
AF-A0A1A0ILL1-F1-model_v4	AF-A0A1A0ILL1-F1-model_v4_esm_TED01	esm	high	71	1	83.7058	0.9577	AF-A0A1A0ILL1-F1-model_v4_TED01
AF-A0A1A0ILL1-F1-model_v4	AF-A0A1A0ILL1-F1-model_v4_esm_TED02	esm	medium	44	1	81.1625	0.9362	AF-A0A1A0ILL1-F1-model_v4_TED02
AF-E9RTE9-F1-model_v4	AF-E9RTE9-F1-model_v4_TED01	afdb	high	99	1	96.4915	1.0000	AF-E9RTE9-F1-model_v4_TED01
AF-E9RTE9-F1-model_v4	AF-E9RTE9-F1-model_v4_esm_TED01	esm	high	97	1	58.0552	0.9406	AF-E9RTE9-F1-model_v4_TED01
AF-A0A087MA70-F1-model_v4	AF-A0A087MA70-F1-model_v4_TED01	afdb	medium	261	1	93.7197	1.0000	AF-A0A087MA70-F1-model_v4_TED01
AF-A0A087MA70-F1-model_v4	AF-A0A087MA70-F1-model_v4_TED02	afdb	high	188	1	87.7235	1.0000	AF-A0A087MA70-F1-model_v4_TED02
AF-A0A087MA70-F1-model_v4	AF-A0A087MA70-F1-model_v4_TED03	afdb	high	144	2	90.6115	1.0000	AF-A0A087MA70-F1-model_v4_TED03
AF-A0A087MA70-F1-model_v4	AF-A0A087MA70-F1-model_v4_TED04	afdb	high	107	1	91.329	1.0000	AF-A0A087MA70-F1-model_v4_TED04
AF-A0A087MA70-F1-model_v4	AF-A0A087MA70-F1-model_v4_esm_TED01	esm	medium	265	1	77.6991	0.9849	AF-A0A087MA70-F1-model_v4_TED01
AF-A0A087MA70-F1-model_v4	AF-A0A087MA70-F1-model_v4_esm_TED02	esm	high	183	1	84.8993	0.9734	AF-A0A087MA70-F1-model_v4_TED02
AF-A0A087MA70-F1-model_v4	AF-A0A087MA70-F1-model_v4_esm_TED03	esm	high	171	2	84.7887	0.8421	AF-A0A087MA70-F1-model_v4_TED03
AF-A0A087MA70-F1-model_v4	AF-A0A087MA70-F1-model_v4_esm_TED04	esm	high	120	1	77.1018	0.8760	AF-A0A087MA70-F1-model_v4_TED04
AF-A0A0C1U483-F1-model_v4	AF-A0A0C1U483-F1-model_v4_TED01	afdb	high	187	1	95.5252	1.0000	AF-A0A0C1U483-F1-model_v4_TED01
AF-A0A0C1U483-F1-model_v4	AF-A0A0C1U483-F1-model_v4_TED02	afdb	high	143	1	96.5182	1.0000	AF-A0A0C1U483-F1-model_v4_TED02
AF-A0A0C1U483-F1-model_v4	AF-A0A0C1U483-F1-model_v4_TED03	afdb	high	114	1	96.7835	1.0000	AF-A0A0C1U483-F1-model_v4_TED03
AF-A0A0C1U483-F1-model_v4	AF-A0A0C1U483-F1-model_v4_esm_TED01	esm	high	188	1	88.8298	0.9947	AF-A0A0C1U483-F1-model_v4_TED01
AF-A0A0C1U483-F1-model_v4	AF-A0A0C1U483-F1-model_v4_esm_TED02	esm	high	117	1	91.1034	0.8056	AF-A0A0C1U483-F1-model_v4_TED02
AF-A0A0C1U483-F1-model_v4	AF-A0A0C1U483-F1-model_v4_esm_TED03	esm	high	114	1	84.5209	1.0000	AF-A0A0C1U483-F1-model_v4_TED03
AF-A0A5C5STT7-F1-model_v4	AF-A0A5C5STT7-F1-model_v4_TED01	afdb	high	62	1	88.8834	1.0000	AF-A0A5C5STT7-F1-model_v4_TED01
AF-A0A5C5STT7-F1-model_v4	AF-A0A5C5STT7-F1-model_v4_esm_TED01	esm	high	61	1	72.6084	0.9839	AF-A0A5C5STT7-F1-model_v4_TED01
AF-A0A2N6G657-F1-model_v4	AF-A0A2N6G657-F1-model_v4_TED01	afdb	high	55	1	89.2685	1.0000	AF-A0A2N6G657-F1-model_v4_TED01
AF-A0A2N6G657-F1-model_v4	AF-A0A2N6G657-F1-model_v4_esm_TED01	esm	medium	65	1	85.6286	0.8462	AF-A0A2N6G657-F1-model_v4_TED01
AF-A0A7Z7FLR6-F1-model_v4	AF-A0A7Z7FLR6-F1-model_v4_TED01	afdb	high	302	1	96.0219	1.0000	AF-A0A7Z7FLR6-F1-model_v4_TED01
AF-A0A7Z7FLR6-F1-model_v4	AF-A0A7Z7FLR6-F1-model_v4_esm_TED01	esm	high	195	2	80.5594	0.6457	AF-A0A7Z7FLR6-F1-model_v4_TED01
AF-A0A7L2EXJ9-F1-model_v4	AF-A0A7L2EXJ9-F1-model_v4_TED01	afdb	high	207	2	95.3668	1.0000	AF-A0A7L2EXJ9-F1-model_v4_TED01
AF-A0A7L2EXJ9-F1-model_v4	AF-A0A7L2EXJ9-F1-model_v4_esm_TED01	esm	high	217	1	95.3083	0.9539	AF-A0A7L2EXJ9-F1-model_v4_TED01
AF-L7E1I8-F1-model_v4	AF-L7E1I8-F1-model_v4_TED01	afdb	high	83	1	86.1452	1.0000	AF-L7E1I8-F1-model_v4_TED01
AF-L7E1I8-F1-model_v4	AF-L7E1I8-F1-model_v4_esm_TED01	esm	high	84	1	69.8587	0.9881	AF-L7E1I8-F1-model_v4_TED01
AF-A0A5C4RQC8-F1-model_v4	AF-A0A5C4RQC8-F1-model_v4_TED01	afdb	high	85	1	97.3001	1.0000	AF-A0A5C4RQC8-F1-model_v4_TED01
AF-A0A5C4RQC8-F1-model_v4	AF-A0A5C4RQC8-F1-model_v4_esm_TED01	esm	high	86	1	85.4072	0.9884	AF-A0A5C4RQC8-F1-model_v4_TED01
AF-A0A7S1GCI1-F1-model_v4	AF-A0A7S1GCI1-F1-model_v4_TED01	afdb	medium	31	1	39.4242	1.0000	AF-A0A7S1GCI1-F1-model_v4_TED01
AF-A0A7S1GCI1-F1-model_v4	AF-A0A7S1GCI1-F1-model_v4_esm_TED01	esm	medium	59	1	42.8925	0.5254	AF-A0A7S1GCI1-F1-model_v4_TED01
AF-K2AE21-F1-model_v4	AF-K2AE21-F1-model_v4_TED01	afdb	high	54	1	95.3678	1.0000	AF-K2AE21-F1-model_v4_TED01
AF-K2AE21-F1-model_v4	AF-K2AE21-F1-model_v4_TED02	afdb	medium	39	1	89.5464	1.0000	AF-K2AE21-F1-model_v4_TED02
AF-K2AE21-F1-model_v4	AF-K2AE21-F1-model_v4_esm_TED01	esm	medium	97	1	40.6198	0.5408	AF-K2AE21-F1-model_v4_TED01
AF-A0A7K3LI97-F1-model_v4	AF-A0A7K3LI97-F1-model_v4_TED01	afdb	high	206	1	92.8043	1.0000	AF-A0A7K3LI97-F1-model_v4_TED01
AF-A0A7K3LI97-F1-model_v4	AF-A0A7K3LI97-F1-model_v4_esm_TED01	esm	high	206	1	95.3767	1.0000	AF-A0A7K3LI97-F1-model_v4_TED01
AF-A0A511WX98-F1-model_v4	AF-A0A511WX98-F1-model_v4_TED01	afdb	high	115	1	88.9809	1.0000	AF-A0A511WX98-F1-model_v4_TED01
AF-A0A511WX98-F1-model_v4	AF-A0A511WX98-F1-model_v4_esm_TED01	esm	high	105	2	80.8946	0.9130	AF-A0A511WX98-F1-model_v4_TED01
AF-Q098G2-F1-model_v4	AF-Q098G2-F1-model_v4_TED01	afdb	medium	47	1	95.6647	1.0000	AF-Q098G2-F1-model_v4_TED01
AF-Q098G2-F1-model_v4	AF-Q098G2-F1-model_v4_TED02	afdb	high	138	1	91.3058	1.0000	AF-Q098G2-F1-model_v4_TED02
AF-Q098G2-F1-model_v4	AF-Q098G2-F1-model_v4_esm_TED01	esm	medium	48	1	97.6319	0.9792	AF-Q098G2-F1-model_v4_TED01
AF-Q098G2-F1-model_v4	AF-Q098G2-F1-model_v4_esm_TED02	esm	high	137	1	94.0358	0.9928	AF-Q098G2-F1-model_v4_TED02
AF-A0A2S8RN53-F1-model_v4	AF-A0A2S8RN53-F1-model_v4_TED01	afdb	high	111	1	88.806	1.0000	AF-A0A2S8RN53-F1-model_v4_TED01
AF-A0A2S8RN53-F1-model_v4	AF-A0A2S8RN53-F1-model_v4_esm_TED01	esm	high	113	1	83.0046	0.9823	AF-A0A2S8RN53-F1-model_v4_TED01
AF-A0A1G5L1Z0-F1-model_v4	AF-A0A1G5L1Z0-F1-model_v4_TED01	afdb	high	60	1	95.9563	1.0000	AF-A0A1G5L1Z0-F1-model_v4_TED01
AF-A0A1G5L1Z0-F1-model_v4	AF-A0A1G5L1Z0-F1-model_v4_TED02	afdb	high	214	1	97.1079	1.0000	AF-A0A1G5L1Z0-F1-model_v4_TED02
AF-A0A1G5L1Z0-F1-model_v4	AF-A0A1G5L1Z0-F1-model_v4_esm_TED01	esm	high	60	1	93.93	1.0000	AF-A0A1G5L1Z0-F1-model_v4_TED01
AF-A0A1G5L1Z0-F1-model_v4	AF-A0A1G5L1Z0-F1-model_v4_esm_TED02	esm	high	214	1	96.2712	1.0000	AF-A0A1G5L1Z0-F1-model_v4_TED02
AF-A0A507EVP1-F1-model_v4	AF-A0A507EVP1-F1-model_v4_TED01	afdb	medium	64	1	86.4173	1.0000	AF-A0A507EVP1-F1-model_v4_TED01
AF-A0A507EVP1-F1-model_v4	AF-A0A507EVP1-F1-model_v4_TED02	afdb	high	96	1	95.6796	1.0000	AF-A0A507EVP1-F1-model_v4_TED02
AF-A0A507EVP1-F1-model_v4	AF-A0A507EVP1-F1-model_v4_esm_TED01	esm	medium	63	1	85.894	0.9844	AF-A0A507EVP1-F1-model_v4_TED01
AF-A0A507EVP1-F1-model_v4	AF-A0A507EVP1-F1-model_v4_esm_TED02	esm	high	102	1	95.2993	0.9412	AF-A0A507EVP1-F1-model_v4_TED02
AF-A0A0G2RBZ5-F1-model_v4	AF-A0A0G2RBZ5-F1-model_v4_TED01	afdb	high	128	3	90.7227	0.9845	AF-A0A0G2RBZ5-F1-model_v4_TED01
AF-A0A0G2RBZ5-F1-model_v4	AF-A0A0G2RBZ5-F1-model_v4_esm_TED01	esm	high	132	2	90.3632	0.9403	AF-A0A0G2RBZ5-F1-model_v4_TED01
AF-A0A6V7C0B8-F1-model_v4	AF-A0A6V7C0B8-F1-model_v4_TED01	afdb	medium	220	1	94.7933	1.0000	AF-A0A6V7C0B8-F1-model_v4_TED01
AF-A0A6V7C0B8-F1-model_v4	AF-A0A6V7C0B8-F1-model_v4_esm_TED01	esm	medium	129	2	84.3629	0.5374	AF-A0A6V7C0B8-F1-model_v4_TED01
AF-A0A6V7C0B8-F1-model_v4	AF-A0A6V7C0B8-F1-model_v4_esm_TED02	esm	medium	91	1	81.6977	0.4136	
AF-A0A3N7Z6Y0-F1-model_v4	AF-A0A3N7Z6Y0-F1-model_v4_TED01	afdb	high	183	1	87.9691	1.0000	AF-A0A3N7Z6Y0-F1-model_v4_TED01
AF-A0A3N7Z6Y0-F1-model_v4	AF-A0A3N7Z6Y0-F1-model_v4_esm_TED01	esm	high	188	1	94.8304	0.9734	AF-A0A3N7Z6Y0-F1-model_v4_TED01
AF-A0A6N8YC37-F1-model_v4	AF-A0A6N8YC37-F1-model_v4_TED01	afdb	medium	222	2	87.5649	1.0000	AF-A0A6N8YC37-F1-model_v4_TED01
AF-A0A6N8YC37-F1-model_v4	AF-A0A6N8YC37-F1-model_v4_TED02	afdb	medium	75	1	93.1575	1.0000	AF-A0A6N8YC37-F1-model_v4_TED02
AF-A0A6N8YC37-F1-model_v4	AF-A0A6N8YC37-F1-model_v4_TED03	afdb	high	203	2	83.4663	1.0000	AF-A0A6N8YC37-F1-model_v4_TED03
AF-A0A6N8YC37-F1-model_v4	AF-A0A6N8YC37-F1-model_v4_TED04	afdb	high	79	1	87.6168	1.0000	AF-A0A6N8YC37-F1-model_v4_TED04
AF-A0A6N8YC37-F1-model_v4	AF-A0A6N8YC37-F1-model_v4_esm_TED01	esm	high	180	2	96.6151	0.8027	AF-A0A6N8YC37-F1-model_v4_TED01
AF-A0A6N8YC37-F1-model_v4	AF-A0A6N8YC37-F1-model_v4_esm_TED02	esm	high	211	1	88.2274	0.9621	AF-A0A6N8YC37-F1-model_v4_TED03
AF-A0A6N8YC37-F1-model_v4	AF-A0A6N8YC37-F1-model_v4_esm_TED03	esm	high	79	1	97.1068	1.0000	AF-A0A6N8YC37-F1-model_v4_TED04
AF-A0A6I6L296-F1-model_v4	AF-A0A6I6L296-F1-model_v4_TED01	afdb	medium	111	1	89.4153	1.0000	AF-A0A6I6L296-F1-model_v4_TED01
AF-A0A6I6L296-F1-model_v4	AF-A0A6I6L296-F1-model_v4_TED02	afdb	medium	410	1	96.4688	1.0000	AF-A0A6I6L296-F1-model_v4_TED02
AF-A0A6I6L296-F1-model_v4	AF-A0A6I6L296-F1-model_v4_esm_TED01	esm	medium	108	1	93.6828	0.9730	AF-A0A6I6L296-F1-model_v4_TED01
AF-A0A6I6L296-F1-model_v4	AF-A0A6I6L296-F1-model_v4_esm_TED02	esm	medium	410	1	93.9189	1.0000	AF-A0A6I6L296-F1-model_v4_TED02
AF-A0A4Q9QCC0-F1-model_v4	AF-A0A4Q9QCC0-F1-model_v4_TED01	afdb	medium	186	1	89.8024	1.0000	AF-A0A4Q9QCC0-F1-model_v4_TED01
AF-A0A4Q9QCC0-F1-model_v4	AF-A0A4Q9QCC0-F1-model_v4_TED02	afdb	high	57	1	94.5742	1.0000	AF-A0A4Q9QCC0-F1-model_v4_TED02
AF-A0A4Q9QCC0-F1-model_v4	AF-A0A4Q9QCC0-F1-model_v4_TED03	afdb	high	90	1	94.7681	1.0000	AF-A0A4Q9QCC0-F1-model_v4_TED03
AF-A0A4Q9QCC0-F1-model_v4	AF-A0A4Q9QCC0-F1-model_v4_esm_TED01	esm	high	129	2	91.9675	0.6935	AF-A0A4Q9QCC0-F1-model_v4_TED01
AF-A0A4Q9QCC0-F1-model_v4	AF-A0A4Q9QCC0-F1-model_v4_esm_TED02	esm	high	57	1	97.123	1.0000	AF-A0A4Q9QCC0-F1-model_v4_TED02
AF-A0A4Q9QCC0-F1-model_v4	AF-A0A4Q9QCC0-F1-model_v4_esm_TED03	esm	high	90	1	88.304	1.0000	AF-A0A4Q9QCC0-F1-model_v4_TED03
AF-A0A5N5MJJ0-F1-model_v4	AF-A0A5N5MJJ0-F1-model_v4_TED01	afdb	high	131	1	90.4977	1.0000	AF-A0A5N5MJJ0-F1-model_v4_TED01
AF-A0A5N5MJJ0-F1-model_v4	AF-A0A5N5MJJ0-F1-model_v4_TED02	afdb	high	141	1	93.9289	1.0000	AF-A0A5N5MJJ0-F1-model_v4_TED02
AF-A0A5N5MJJ0-F1-model_v4	AF-A0A5N5MJJ0-F1-model_v4_TED03	afdb	high	163	2	90.0174	1.0000	AF-A0A5N5MJJ0-F1-model_v4_TED03
AF-A0A5N5MJJ0-F1-model_v4	AF-A0A5N5MJJ0-F1-model_v4_TED04	afdb	medium	94	1	82.4619	1.0000	AF-A0A5N5MJJ0-F1-model_v4_TED04
AF-A0A5N5MJJ0-F1-model_v4	AF-A0A5N5MJJ0-F1-model_v4_esm_TED01	esm	high	140	1	83.3066	0.9357	AF-A0A5N5MJJ0-F1-model_v4_TED01
AF-A0A5N5MJJ0-F1-model_v4	AF-A0A5N5MJJ0-F1-model_v4_esm_TED02	esm	high	140	1	81.4012	0.9929	AF-A0A5N5MJJ0-F1-model_v4_TED02
AF-A0A5N5MJJ0-F1-model_v4	AF-A0A5N5MJJ0-F1-model_v4_esm_TED03	esm	high	188	1	80.4437	0.7291	AF-A0A5N5MJJ0-F1-model_v4_TED03
AF-A0A5N5MJJ0-F1-model_v4	AF-A0A5N5MJJ0-F1-model_v4_esm_TED04	esm	high	94	1	87.9827	1.0000	AF-A0A5N5MJJ0-F1-model_v4_TED04
AF-A0A480ZMB3-F1-model_v4	AF-A0A480ZMB3-F1-model_v4_TED01	afdb	high	90	1	86.3706	1.0000	AF-A0A480ZMB3-F1-model_v4_TED01
AF-A0A480ZMB3-F1-model_v4	AF-A0A480ZMB3-F1-model_v4_TED02	afdb	medium	234	2	92.1754	1.0000	AF-A0A480ZMB3-F1-model_v4_TED02
AF-A0A480ZMB3-F1-model_v4	AF-A0A480ZMB3-F1-model_v4_esm_TED01	esm	medium	110	1	78.2455	0.8182	AF-A0A480ZMB3-F1-model_v4_TED01
AF-A0A480ZMB3-F1-model_v4	AF-A0A480ZMB3-F1-model_v4_esm_TED02	esm	medium	228	1	84.5694	0.6861	AF-A0A480ZMB3-F1-model_v4_TED02
AF-A0A480ZMB3-F1-model_v4	AF-A0A480ZMB3-F1-model_v4_esm_TED03	esm	medium	43	1	71.1493	0.0000	
AF-A0A3Q3NLI0-F1-model_v4	AF-A0A3Q3NLI0-F1-model_v4_TED01	afdb	medium	50	1	89.4294	1.0000	AF-A0A3Q3NLI0-F1-model_v4_TED01
AF-A0A3Q3NLI0-F1-model_v4	AF-A0A3Q3NLI0-F1-model_v4_TED02	afdb	medium	51	1	93.3849	1.0000	AF-A0A3Q3NLI0-F1-model_v4_TED02
AF-A0A3Q3NLI0-F1-model_v4	AF-A0A3Q3NLI0-F1-model_v4_TED03	afdb	medium	50	1	92.7878	1.0000	AF-A0A3Q3NLI0-F1-model_v4_TED03
AF-A0A3Q3NLI0-F1-model_v4	AF-A0A3Q3NLI0-F1-model_v4_esm_TED01	esm	medium	53	1	90.7285	0.9434	AF-A0A3Q3NLI0-F1-model_v4_TED01
AF-A0A3Q3NLI0-F1-model_v4	AF-A0A3Q3NLI0-F1-model_v4_esm_TED02	esm	medium	49	1	93.3529	0.9608	AF-A0A3Q3NLI0-F1-model_v4_TED02
AF-A0A2U1UX61-F1-model_v4	AF-A0A2U1UX61-F1-model_v4_TED01	afdb	medium	333	2	86.9148	1.0000	AF-A0A2U1UX61-F1-model_v4_TED01
AF-A0A2U1UX61-F1-model_v4	AF-A0A2U1UX61-F1-model_v4_esm_TED01	esm	high	290	3	89.2251	0.8432	AF-A0A2U1UX61-F1-model_v4_TED01
AF-A0A0W1A276-F1-model_v4	AF-A0A0W1A276-F1-model_v4_TED01	afdb	medium	291	4	96.7467	1.0000	AF-A0A0W1A276-F1-model_v4_TED01
AF-A0A0W1A276-F1-model_v4	AF-A0A0W1A276-F1-model_v4_TED02	afdb	medium	182	3	95.992	1.0000	AF-A0A0W1A276-F1-model_v4_TED02
AF-A0A0W1A276-F1-model_v4	AF-A0A0W1A276-F1-model_v4_esm_TED01	esm	medium	523	1	95.8596	0.5505	AF-A0A0W1A276-F1-model_v4_TED01
AF-A0A7L9K1E5-F1-model_v4	AF-A0A7L9K1E5-F1-model_v4_TED01	afdb	high	173	2	96.0077	1.0000	AF-A0A7L9K1E5-F1-model_v4_TED01
AF-A0A7L9K1E5-F1-model_v4	AF-A0A7L9K1E5-F1-model_v4_TED02	afdb	high	47	1	94.863	1.0000	AF-A0A7L9K1E5-F1-model_v4_TED02
AF-A0A7L9K1E5-F1-model_v4	AF-A0A7L9K1E5-F1-model_v4_esm_TED01	esm	high	174	2	98.351	0.9943	AF-A0A7L9K1E5-F1-model_v4_TED01
AF-A0A7L9K1E5-F1-model_v4	AF-A0A7L9K1E5-F1-model_v4_esm_TED02	esm	high	47	1	98.1732	1.0000	AF-A0A7L9K1E5-F1-model_v4_TED02
AF-A0A851Z7A0-F1-model_v4	AF-A0A851Z7A0-F1-model_v4_TED01	afdb	high	394	2	96.9305	1.0000	AF-A0A851Z7A0-F1-model_v4_TED01
AF-A0A851Z7A0-F1-model_v4	AF-A0A851Z7A0-F1-model_v4_esm_TED01	esm	medium	157	2	89.4071	0.0000	
AF-A0A4R5LRG9-F1-model_v4	AF-A0A4R5LRG9-F1-model_v4_TED01	afdb	high	272	2	86.6782	1.0000	AF-A0A4R5LRG9-F1-model_v4_TED01
AF-A0A4R5LRG9-F1-model_v4	AF-A0A4R5LRG9-F1-model_v4_esm_TED01	esm	high	252	2	92.2676	0.9194	AF-A0A4R5LRG9-F1-model_v4_TED01
AF-A0A7S1T9L3-F1-model_v4	AF-A0A7S1T9L3-F1-model_v4_TED01	afdb	high	190	2	81.5037	1.0000	AF-A0A7S1T9L3-F1-model_v4_TED01
AF-A0A7S1T9L3-F1-model_v4	AF-A0A7S1T9L3-F1-model_v4_esm_TED01	esm	high	202	2	93.0394	0.7500	AF-A0A7S1T9L3-F1-model_v4_TED01
AF-A0A1B8P7L2-F1-model_v4	AF-A0A1B8P7L2-F1-model_v4_TED01	afdb	high	101	1	97.4126	1.0000	AF-A0A1B8P7L2-F1-model_v4_TED01
AF-A0A1B8P7L2-F1-model_v4	AF-A0A1B8P7L2-F1-model_v4_esm_TED01	esm	high	102	1	86.6093	0.9902	AF-A0A1B8P7L2-F1-model_v4_TED01
AF-A0A4S9DC59-F1-model_v4	AF-A0A4S9DC59-F1-model_v4_TED01	afdb	medium	128	1	94.3248	1.0000	AF-A0A4S9DC59-F1-model_v4_TED01
AF-A0A4S9DC59-F1-model_v4	AF-A0A4S9DC59-F1-model_v4_TED02	afdb	medium	221	1	80.8517	1.0000	AF-A0A4S9DC59-F1-model_v4_TED02
AF-A0A4S9DC59-F1-model_v4	AF-A0A4S9DC59-F1-model_v4_TED03	afdb	high	167	1	91.1816	1.0000	AF-A0A4S9DC59-F1-model_v4_TED03
AF-A0A4S9DC59-F1-model_v4	AF-A0A4S9DC59-F1-model_v4_esm_TED01	esm	high	181	1	84.0347	0.0000	
AF-A0A4S9DC59-F1-model_v4	AF-A0A4S9DC59-F1-model_v4_esm_TED02	esm	medium	128	1	95.9952	1.0000	AF-A0A4S9DC59-F1-model_v4_TED01
AF-A0A4S9DC59-F1-model_v4	AF-A0A4S9DC59-F1-model_v4_esm_TED03	esm	medium	221	1	84.9528	0.9910	AF-A0A4S9DC59-F1-model_v4_TED02
AF-A0A4S9DC59-F1-model_v4	AF-A0A4S9DC59-F1-model_v4_esm_TED04	esm	high	146	1	88.3738	0.8743	AF-A0A4S9DC59-F1-model_v4_TED03
AF-A0A6S8I570-F1-model_v4	AF-A0A6S8I570-F1-model_v4_TED01	afdb	medium	33	1	96.7333	1.0000	AF-A0A6S8I570-F1-model_v4_TED01
AF-A0A6S8I570-F1-model_v4	AF-A0A6S8I570-F1-model_v4_esm_TED01	esm	medium	40	1	47.867	0.0000	
AF-A0A0Q6GBI3-F1-model_v4	AF-A0A0Q6GBI3-F1-model_v4_TED01	afdb	high	174	1	92.6361	1.0000	AF-A0A0Q6GBI3-F1-model_v4_TED01
AF-A0A0Q6GBI3-F1-model_v4	AF-A0A0Q6GBI3-F1-model_v4_esm_TED01	esm	high	174	1	85.5754	1.0000	AF-A0A0Q6GBI3-F1-model_v4_TED01
AF-F0LLR4-F1-model_v4	AF-F0LLR4-F1-model_v4_TED01	afdb	high	81	1	92.6941	1.0000	AF-F0LLR4-F1-model_v4_TED01
AF-F0LLR4-F1-model_v4	AF-F0LLR4-F1-model_v4_esm_TED01	esm	high	81	1	88.2028	1.0000	AF-F0LLR4-F1-model_v4_TED01
AF-A0A0F3N0E0-F1-model_v4	AF-A0A0F3N0E0-F1-model_v4_TED01	afdb	high	177	1	75.1633	1.0000	AF-A0A0F3N0E0-F1-model_v4_TED01
AF-A0A0F3N0E0-F1-model_v4	AF-A0A0F3N0E0-F1-model_v4_TED02	afdb	medium	156	1	87.5213	1.0000	AF-A0A0F3N0E0-F1-model_v4_TED02
AF-A0A0F3N0E0-F1-model_v4	AF-A0A0F3N0E0-F1-model_v4_esm_TED01	esm	high	178	1	84.245	0.9944	AF-A0A0F3N0E0-F1-model_v4_TED01
AF-A0A0F3N0E0-F1-model_v4	AF-A0A0F3N0E0-F1-model_v4_esm_TED02	esm	medium	158	1	89.3616	0.9873	AF-A0A0F3N0E0-F1-model_v4_TED02
AF-A0A4V1SIP7-F1-model_v4	AF-A0A4V1SIP7-F1-model_v4_TED01	afdb	high	229	1	96.5372	1.0000	AF-A0A4V1SIP7-F1-model_v4_TED01
AF-A0A4V1SIP7-F1-model_v4	AF-A0A4V1SIP7-F1-model_v4_esm_TED01	esm	high	240	1	93.5595	0.9542	AF-A0A4V1SIP7-F1-model_v4_TED01
AF-A0A2W4QIX5-F1-model_v4	AF-A0A2W4QIX5-F1-model_v4_TED01	afdb	high	154	1	94.2613	1.0000	AF-A0A2W4QIX5-F1-model_v4_TED01
AF-A0A2W4QIX5-F1-model_v4	AF-A0A2W4QIX5-F1-model_v4_esm_TED01	esm	medium	81	1	53.403	0.5260	AF-A0A2W4QIX5-F1-model_v4_TED01
AF-A0A2W4QIX5-F1-model_v4	AF-A0A2W4QIX5-F1-model_v4_esm_TED02	esm	medium	73	1	39.287	0.4740	
AF-A0A7X3HZH0-F1-model_v4	AF-A0A7X3HZH0-F1-model_v4_TED01	afdb	medium	65	1	89.8451	1.0000	AF-A0A7X3HZH0-F1-model_v4_TED01
AF-A0A7X3HZH0-F1-model_v4	AF-A0A7X3HZH0-F1-model_v4_esm_TED01	esm	medium	83	1	94.338	0.0000	
AF-A0A7X3HZH0-F1-model_v4	AF-A0A7X3HZH0-F1-model_v4_esm_TED02	esm	medium	74	1	96.7958	0.8784	AF-A0A7X3HZH0-F1-model_v4_TED01
AF-A0A847HM98-F1-model_v4	AF-A0A847HM98-F1-model_v4_TED01	afdb	high	142	2	70.9886	1.0000	AF-A0A847HM98-F1-model_v4_TED01
AF-A0A847HM98-F1-model_v4	AF-A0A847HM98-F1-model_v4_esm_TED01	esm	high	153	1	86.2148	0.9281	AF-A0A847HM98-F1-model_v4_TED01
AF-A0A0S8HUZ5-F1-model_v4	AF-A0A0S8HUZ5-F1-model_v4_TED01	afdb	high	164	1	92.9203	1.0000	AF-A0A0S8HUZ5-F1-model_v4_TED01
AF-A0A0S8HUZ5-F1-model_v4	AF-A0A0S8HUZ5-F1-model_v4_esm_TED01	esm	high	148	2	91.7728	0.8909	AF-A0A0S8HUZ5-F1-model_v4_TED01
AF-A0A672ZER2-F1-model_v4	AF-A0A672ZER2-F1-model_v4_TED01	afdb	high	159	2	74.2986	1.0000	AF-A0A672ZER2-F1-model_v4_TED01
AF-A0A672ZER2-F1-model_v4	AF-A0A672ZER2-F1-model_v4_TED02	afdb	high	141	1	74.9894	0.7050	AF-A0A672ZER2-F1-model_v4_TED02
AF-A0A672ZER2-F1-model_v4	AF-A0A672ZER2-F1-model_v4_TED03	afdb	high	202	2	73.5552	1.0000	AF-A0A672ZER2-F1-model_v4_TED03
AF-A0A672ZER2-F1-model_v4	AF-A0A672ZER2-F1-model_v4_TED04	afdb	high	186	1	87.6912	1.0000	AF-A0A672ZER2-F1-model_v4_TED04
AF-A0A672ZER2-F1-model_v4	AF-A0A672ZER2-F1-model_v4_esm_TED01	esm	high	173	2	85.9338	0.7754	AF-A0A672ZER2-F1-model_v4_TED01
AF-A0A672ZER2-F1-model_v4	AF-A0A672ZER2-F1-model_v4_esm_TED02	esm	high	219	1	77.8761	0.9224	AF-A0A672ZER2-F1-model_v4_TED03
AF-A0A672ZER2-F1-model_v4	AF-A0A672ZER2-F1-model_v4_esm_TED03	esm	medium	40	1	87.0665	0.0000	
AF-A0A672ZER2-F1-model_v4	AF-A0A672ZER2-F1-model_v4_esm_TED04	esm	high	205	1	96.4195	0.9073	AF-A0A672ZER2-F1-model_v4_TED04
AF-A0A6G4FHD2-F1-model_v4	AF-A0A6G4FHD2-F1-model_v4_TED01	afdb	high	142	1	82.3699	1.0000	AF-A0A6G4FHD2-F1-model_v4_TED01
AF-A0A6G4FHD2-F1-model_v4	AF-A0A6G4FHD2-F1-model_v4_TED02	afdb	medium	66	1	39.4871	1.0000	AF-A0A6G4FHD2-F1-model_v4_TED02
AF-A0A6G4FHD2-F1-model_v4	AF-A0A6G4FHD2-F1-model_v4_TED03	afdb	medium	81	1	40.8773	1.0000	AF-A0A6G4FHD2-F1-model_v4_TED03
AF-A0A6G4FHD2-F1-model_v4	AF-A0A6G4FHD2-F1-model_v4_TED04	afdb	medium	77	1	37.1181	1.0000	AF-A0A6G4FHD2-F1-model_v4_TED04
AF-A0A6G4FHD2-F1-model_v4	AF-A0A6G4FHD2-F1-model_v4_esm_TED01	esm	high	139	1	82.8146	0.9789	AF-A0A6G4FHD2-F1-model_v4_TED01
AF-A0A6G4FHD2-F1-model_v4	AF-A0A6G4FHD2-F1-model_v4_esm_TED02	esm	high	127	1	55.0673	0.6378	AF-A0A6G4FHD2-F1-model_v4_TED03
AF-A0A2I0LFA2-F1-model_v4	AF-A0A2I0LFA2-F1-model_v4_TED01	afdb	medium	27	1	74.3519	1.0000	AF-A0A2I0LFA2-F1-model_v4_TED01
AF-A0A2I0LFA2-F1-model_v4	AF-A0A2I0LFA2-F1-model_v4_TED02	afdb	medium	49	1	86.2237	1.0000	AF-A0A2I0LFA2-F1-model_v4_TED02
AF-A0A2I0LFA2-F1-model_v4	AF-A0A2I0LFA2-F1-model_v4_TED03	afdb	medium	54	1	79.5978	1.0000	AF-A0A2I0LFA2-F1-model_v4_TED03
AF-A0A2I0LFA2-F1-model_v4	AF-A0A2I0LFA2-F1-model_v4_esm_TED01	esm	medium	35	1	87.746	0.7714	AF-A0A2I0LFA2-F1-model_v4_TED01
AF-A0A2I0LFA2-F1-model_v4	AF-A0A2I0LFA2-F1-model_v4_esm_TED02	esm	medium	49	1	92.2735	1.0000	AF-A0A2I0LFA2-F1-model_v4_TED02
AF-A0A2I0LFA2-F1-model_v4	AF-A0A2I0LFA2-F1-model_v4_esm_TED03	esm	medium	266	1	89.9783	0.0458	AF-A0A2I0LFA2-F1-model_v4_TED03
AF-A0A099YVJ1-F1-model_v4	AF-A0A099YVJ1-F1-model_v4_TED01	afdb	high	267	1	93.9385	1.0000	AF-A0A099YVJ1-F1-model_v4_TED01
AF-A0A099YVJ1-F1-model_v4	AF-A0A099YVJ1-F1-model_v4_esm_TED01	esm	medium	267	1	98.2119	1.0000	AF-A0A099YVJ1-F1-model_v4_TED01
AF-A0A4V3D3X7-F1-model_v4	AF-A0A4V3D3X7-F1-model_v4_TED01	afdb	high	296	2	94.5418	1.0000	AF-A0A4V3D3X7-F1-model_v4_TED01
AF-A0A4V3D3X7-F1-model_v4	AF-A0A4V3D3X7-F1-model_v4_TED02	afdb	high	113	1	95.2116	1.0000	AF-A0A4V3D3X7-F1-model_v4_TED02
AF-A0A4V3D3X7-F1-model_v4	AF-A0A4V3D3X7-F1-model_v4_esm_TED01	esm	high	299	2	91.8004	0.9900	AF-A0A4V3D3X7-F1-model_v4_TED01
AF-A0A4V3D3X7-F1-model_v4	AF-A0A4V3D3X7-F1-model_v4_esm_TED02	esm	medium	113	1	93.4707	1.0000	AF-A0A4V3D3X7-F1-model_v4_TED02
AF-A0A814W6E0-F1-model_v4	AF-A0A814W6E0-F1-model_v4_TED01	afdb	medium	93	1	92.9997	1.0000	AF-A0A814W6E0-F1-model_v4_TED01
AF-A0A814W6E0-F1-model_v4	AF-A0A814W6E0-F1-model_v4_TED02	afdb	medium	108	1	93.8408	1.0000	AF-A0A814W6E0-F1-model_v4_TED02
AF-A0A814W6E0-F1-model_v4	AF-A0A814W6E0-F1-model_v4_esm_TED01	esm	medium	93	1	92.4105	1.0000	AF-A0A814W6E0-F1-model_v4_TED01
AF-A0A814W6E0-F1-model_v4	AF-A0A814W6E0-F1-model_v4_esm_TED02	esm	medium	108	1	92.6282	1.0000	AF-A0A814W6E0-F1-model_v4_TED02
AF-A0A7X7YPJ2-F1-model_v4	AF-A0A7X7YPJ2-F1-model_v4_TED01	afdb	medium	253	1	96.8325	1.0000	AF-A0A7X7YPJ2-F1-model_v4_TED01
AF-A0A7X7YPJ2-F1-model_v4	AF-A0A7X7YPJ2-F1-model_v4_esm_TED01	esm	medium	154	1	97.2384	0.5961	AF-A0A7X7YPJ2-F1-model_v4_TED01
AF-A0A6A6EDU1-F1-model_v4	AF-A0A6A6EDU1-F1-model_v4_TED01	afdb	high	51	1	92.8163	1.0000	AF-A0A6A6EDU1-F1-model_v4_TED01
AF-A0A6A6EDU1-F1-model_v4	AF-A0A6A6EDU1-F1-model_v4_esm_TED01	esm	high	53	1	71.3038	0.9623	AF-A0A6A6EDU1-F1-model_v4_TED01
AF-D0NND8-F1-model_v4	AF-D0NND8-F1-model_v4_TED01	afdb	high	119	1	70.0859	1.0000	AF-D0NND8-F1-model_v4_TED01
AF-D0NND8-F1-model_v4	AF-D0NND8-F1-model_v4_TED02	afdb	high	109	1	73.5328	1.0000	AF-D0NND8-F1-model_v4_TED02
AF-D0NND8-F1-model_v4	AF-D0NND8-F1-model_v4_TED03	afdb	high	162	1	78.114	1.0000	AF-D0NND8-F1-model_v4_TED03
AF-D0NND8-F1-model_v4	AF-D0NND8-F1-model_v4_esm_TED01	esm	high	119	1	87.854	1.0000	AF-D0NND8-F1-model_v4_TED01
AF-D0NND8-F1-model_v4	AF-D0NND8-F1-model_v4_esm_TED02	esm	high	155	3	29.0799	0.6098	AF-D0NND8-F1-model_v4_TED02
AF-D0NND8-F1-model_v4	AF-D0NND8-F1-model_v4_esm_TED03	esm	high	84	1	49.4526	0.5185	AF-D0NND8-F1-model_v4_TED03
AF-A0A7J3W686-F1-model_v4	AF-A0A7J3W686-F1-model_v4_TED01	afdb	high	125	1	93.1234	1.0000	AF-A0A7J3W686-F1-model_v4_TED01
AF-A0A7J3W686-F1-model_v4	AF-A0A7J3W686-F1-model_v4_TED02	afdb	high	100	1	92.3597	1.0000	AF-A0A7J3W686-F1-model_v4_TED02
AF-A0A7J3W686-F1-model_v4	AF-A0A7J3W686-F1-model_v4_TED03	afdb	medium	92	1	92.1105	1.0000	AF-A0A7J3W686-F1-model_v4_TED03
AF-A0A7J3W686-F1-model_v4	AF-A0A7J3W686-F1-model_v4_TED04	afdb	medium	105	1	90.0291	1.0000	AF-A0A7J3W686-F1-model_v4_TED04
AF-A0A7J3W686-F1-model_v4	AF-A0A7J3W686-F1-model_v4_TED05	afdb	high	94	1	91.4926	1.0000	AF-A0A7J3W686-F1-model_v4_TED05
AF-A0A7J3W686-F1-model_v4	AF-A0A7J3W686-F1-model_v4_TED06	afdb	high	35	1	73.3949	1.0000	AF-A0A7J3W686-F1-model_v4_TED06
AF-A0A7J3W686-F1-model_v4	AF-A0A7J3W686-F1-model_v4_esm_TED01	esm	high	126	1	86.5299	0.9921	AF-A0A7J3W686-F1-model_v4_TED01
AF-A0A7J3W686-F1-model_v4	AF-A0A7J3W686-F1-model_v4_esm_TED02	esm	high	100	1	94.2347	1.0000	AF-A0A7J3W686-F1-model_v4_TED02
AF-A0A7J3W686-F1-model_v4	AF-A0A7J3W686-F1-model_v4_esm_TED03	esm	medium	92	1	93.7467	1.0000	AF-A0A7J3W686-F1-model_v4_TED03
AF-A0A7J3W686-F1-model_v4	AF-A0A7J3W686-F1-model_v4_esm_TED04	esm	medium	105	1	82.7949	1.0000	AF-A0A7J3W686-F1-model_v4_TED04
AF-A0A7J3W686-F1-model_v4	AF-A0A7J3W686-F1-model_v4_esm_TED05	esm	high	108	1	79.2519	0.8704	AF-A0A7J3W686-F1-model_v4_TED05
AF-A0A4Q0QZM8-F1-model_v4	AF-A0A4Q0QZM8-F1-model_v4_TED01	afdb	medium	196	1	85.4845	1.0000	AF-A0A4Q0QZM8-F1-model_v4_TED01
AF-A0A4Q0QZM8-F1-model_v4	AF-A0A4Q0QZM8-F1-model_v4_TED02	afdb	medium	56	1	88.5918	1.0000	AF-A0A4Q0QZM8-F1-model_v4_TED02
AF-A0A4Q0QZM8-F1-model_v4	AF-A0A4Q0QZM8-F1-model_v4_TED03	afdb	medium	244	1	88.1402	1.0000	AF-A0A4Q0QZM8-F1-model_v4_TED03
AF-A0A4Q0QZM8-F1-model_v4	AF-A0A4Q0QZM8-F1-model_v4_esm_TED01	esm	medium	188	1	95.1601	0.9592	AF-A0A4Q0QZM8-F1-model_v4_TED01
AF-A0A4Q0QZM8-F1-model_v4	AF-A0A4Q0QZM8-F1-model_v4_esm_TED02	esm	medium	54	1	95.7281	0.9643	AF-A0A4Q0QZM8-F1-model_v4_TED02
AF-A0A4Q0QZM8-F1-model_v4	AF-A0A4Q0QZM8-F1-model_v4_esm_TED03	esm	medium	59	1	96.2875	0.2418	AF-A0A4Q0QZM8-F1-model_v4_TED03
AF-A0A0L6UI18-F1-model_v4	AF-A0A0L6UI18-F1-model_v4_esm_TED01	esm	high	34	1	66.6341	0.9189	AF-A0A0L6UI18-F1-model_v4_TED01
AF-A0A139D3J8-F1-model_v4	AF-A0A139D3J8-F1-model_v4_TED01	afdb	medium	237	1	94.0402	1.0000	AF-A0A139D3J8-F1-model_v4_TED01
AF-A0A139D3J8-F1-model_v4	AF-A0A139D3J8-F1-model_v4_TED02	afdb	medium	121	1	94.4325	1.0000	AF-A0A139D3J8-F1-model_v4_TED02
AF-A0A139D3J8-F1-model_v4	AF-A0A139D3J8-F1-model_v4_esm_TED01	esm	high	179	1	80.1097	0.7553	AF-A0A139D3J8-F1-model_v4_TED01
AF-A0A139D3J8-F1-model_v4	AF-A0A139D3J8-F1-model_v4_esm_TED02	esm	medium	128	1	75.429	0.9302	AF-A0A139D3J8-F1-model_v4_TED02
AF-A0A7W6JZR0-F1-model_v4	AF-A0A7W6JZR0-F1-model_v4_TED01	afdb	high	133	1	88.8554	1.0000	AF-A0A7W6JZR0-F1-model_v4_TED01
AF-A0A7W6JZR0-F1-model_v4	AF-A0A7W6JZR0-F1-model_v4_TED02	afdb	high	153	1	92.2274	1.0000	AF-A0A7W6JZR0-F1-model_v4_TED02
AF-A0A7W6JZR0-F1-model_v4	AF-A0A7W6JZR0-F1-model_v4_TED03	afdb	high	64	1	85.5209	1.0000	AF-A0A7W6JZR0-F1-model_v4_TED03
AF-A0A7W6JZR0-F1-model_v4	AF-A0A7W6JZR0-F1-model_v4_TED04	afdb	high	45	1	85.5293	1.0000	AF-A0A7W6JZR0-F1-model_v4_TED04
AF-A0A7W6JZR0-F1-model_v4	AF-A0A7W6JZR0-F1-model_v4_esm_TED01	esm	high	129	1	95.0919	0.9699	AF-A0A7W6JZR0-F1-model_v4_TED01
AF-A0A7W6JZR0-F1-model_v4	AF-A0A7W6JZR0-F1-model_v4_esm_TED02	esm	high	147	1	96.1172	0.9608	AF-A0A7W6JZR0-F1-model_v4_TED02
AF-A0A7W6JZR0-F1-model_v4	AF-A0A7W6JZR0-F1-model_v4_esm_TED03	esm	high	80	1	92.3054	0.8000	AF-A0A7W6JZR0-F1-model_v4_TED03
AF-A0A7W6JZR0-F1-model_v4	AF-A0A7W6JZR0-F1-model_v4_esm_TED04	esm	high	50	1	91.5388	0.9000	AF-A0A7W6JZR0-F1-model_v4_TED04
AF-A0A7L2FAW6-F1-model_v4	AF-A0A7L2FAW6-F1-model_v4_TED01	afdb	medium	31	1	73.1019	1.0000	AF-A0A7L2FAW6-F1-model_v4_TED01
AF-A0A7L2FAW6-F1-model_v4	AF-A0A7L2FAW6-F1-model_v4_esm_TED01	esm	medium	30	1	42.0633	0.9677	AF-A0A7L2FAW6-F1-model_v4_TED01
AF-A0A6P6RAE0-F1-model_v4	AF-A0A6P6RAE0-F1-model_v4_TED01	afdb	high	196	1	89.7561	1.0000	AF-A0A6P6RAE0-F1-model_v4_TED01
AF-A0A6P6RAE0-F1-model_v4	AF-A0A6P6RAE0-F1-model_v4_esm_TED01	esm	high	194	1	96.5542	0.9898	AF-A0A6P6RAE0-F1-model_v4_TED01
AF-A0A3P0X7M4-F1-model_v4	AF-A0A3P0X7M4-F1-model_v4_TED01	afdb	medium	46	1	88.9765	1.0000	AF-A0A3P0X7M4-F1-model_v4_TED01
AF-A0A3P0X7M4-F1-model_v4	AF-A0A3P0X7M4-F1-model_v4_esm_TED01	esm	medium	46	1	81.732	1.0000	AF-A0A3P0X7M4-F1-model_v4_TED01
AF-A0A4Q3MJE4-F1-model_v4	AF-A0A4Q3MJE4-F1-model_v4_TED01	afdb	high	57	1	96.6884	1.0000	AF-A0A4Q3MJE4-F1-model_v4_TED01
AF-A0A4Q3MJE4-F1-model_v4	AF-A0A4Q3MJE4-F1-model_v4_esm_TED01	esm	high	55	1	86.2253	0.9649	AF-A0A4Q3MJE4-F1-model_v4_TED01
AF-A0A423HL35-F1-model_v4	AF-A0A423HL35-F1-model_v4_TED01	afdb	medium	69	1	95.3481	1.0000	AF-A0A423HL35-F1-model_v4_TED01
AF-A0A423HL35-F1-model_v4	AF-A0A423HL35-F1-model_v4_TED02	afdb	medium	62	1	95.8776	1.0000	AF-A0A423HL35-F1-model_v4_TED02
AF-A0A423HL35-F1-model_v4	AF-A0A423HL35-F1-model_v4_esm_TED01	esm	medium	69	1	87.573	1.0000	AF-A0A423HL35-F1-model_v4_TED01
AF-A0A423HL35-F1-model_v4	AF-A0A423HL35-F1-model_v4_esm_TED02	esm	medium	61	1	89.2977	0.9839	AF-A0A423HL35-F1-model_v4_TED02
AF-A0A3M0WP21-F1-model_v4	AF-A0A3M0WP21-F1-model_v4_TED01	afdb	high	69	1	98.2216	1.0000	AF-A0A3M0WP21-F1-model_v4_TED01
AF-A0A3M0WP21-F1-model_v4	AF-A0A3M0WP21-F1-model_v4_esm_TED01	esm	high	70	1	93.9484	0.9857	AF-A0A3M0WP21-F1-model_v4_TED01
AF-A0A0Q0XRD4-F1-model_v4	AF-A0A0Q0XRD4-F1-model_v4_TED01	afdb	high	125	2	94.1622	1.0000	AF-A0A0Q0XRD4-F1-model_v4_TED01
AF-A0A0Q0XRD4-F1-model_v4	AF-A0A0Q0XRD4-F1-model_v4_esm_TED01	esm	high	114	1	82.1545	0.7704	AF-A0A0Q0XRD4-F1-model_v4_TED01
AF-A0A398DD09-F1-model_v4	AF-A0A398DD09-F1-model_v4_TED01	afdb	medium	33	1	97.5124	1.0000	AF-A0A398DD09-F1-model_v4_TED01
AF-A0A398DD09-F1-model_v4	AF-A0A398DD09-F1-model_v4_esm_TED01	esm	medium	103	1	72.1847	0.3204	AF-A0A398DD09-F1-model_v4_TED01
AF-A0A6B9MKW6-F1-model_v4	AF-A0A6B9MKW6-F1-model_v4_TED01	afdb	medium	208	2	85.5188	1.0000	AF-A0A6B9MKW6-F1-model_v4_TED01
AF-A0A6B9MKW6-F1-model_v4	AF-A0A6B9MKW6-F1-model_v4_esm_TED01	esm	high	214	1	89.3559	0.9720	AF-A0A6B9MKW6-F1-model_v4_TED01
AF-A0A356I8C2-F1-model_v4	AF-A0A356I8C2-F1-model_v4_TED01	afdb	medium	78	1	82.251	1.0000	AF-A0A356I8C2-F1-model_v4_TED01
AF-A0A356I8C2-F1-model_v4	AF-A0A356I8C2-F1-model_v4_TED02	afdb	high	182	1	76.3437	1.0000	AF-A0A356I8C2-F1-model_v4_TED02
AF-A0A356I8C2-F1-model_v4	AF-A0A356I8C2-F1-model_v4_TED03	afdb	medium	76	1	81.7325	1.0000	AF-A0A356I8C2-F1-model_v4_TED03
AF-A0A356I8C2-F1-model_v4	AF-A0A356I8C2-F1-model_v4_esm_TED01	esm	medium	49	2	83.1571	0.6282	AF-A0A356I8C2-F1-model_v4_TED01
AF-A0A356I8C2-F1-model_v4	AF-A0A356I8C2-F1-model_v4_esm_TED02	esm	high	180	1	87.2458	0.9890	AF-A0A356I8C2-F1-model_v4_TED02
AF-A0A356I8C2-F1-model_v4	AF-A0A356I8C2-F1-model_v4_esm_TED03	esm	high	74	1	89.1949	0.9737	AF-A0A356I8C2-F1-model_v4_TED03
AF-A0A370X0J9-F1-model_v4	AF-A0A370X0J9-F1-model_v4_TED01	afdb	high	197	2	90.9796	1.0000	AF-A0A370X0J9-F1-model_v4_TED01
AF-A0A370X0J9-F1-model_v4	AF-A0A370X0J9-F1-model_v4_TED02	afdb	high	157	1	97.2237	1.0000	AF-A0A370X0J9-F1-model_v4_TED02
AF-A0A370X0J9-F1-model_v4	AF-A0A370X0J9-F1-model_v4_esm_TED01	esm	high	192	2	89.5551	0.9746	AF-A0A370X0J9-F1-model_v4_TED01
AF-A0A370X0J9-F1-model_v4	AF-A0A370X0J9-F1-model_v4_esm_TED02	esm	high	158	1	96.8716	0.9937	AF-A0A370X0J9-F1-model_v4_TED02
AF-A0A517LJG8-F1-model_v4	AF-A0A517LJG8-F1-model_v4_TED01	afdb	high	255	2	91.6733	1.0000	AF-A0A517LJG8-F1-model_v4_TED01
AF-A0A517LJG8-F1-model_v4	AF-A0A517LJG8-F1-model_v4_esm_TED01	esm	high	213	2	91.2492	0.7463	AF-A0A517LJG8-F1-model_v4_TED01
AF-A0A0E9N7R6-F1-model_v4	AF-A0A0E9N7R6-F1-model_v4_TED01	afdb	medium	41	2	39.139	1.0000	AF-A0A0E9N7R6-F1-model_v4_TED01
AF-A0A0E9N7R6-F1-model_v4	AF-A0A0E9N7R6-F1-model_v4_esm_TED01	esm	medium	72	2	30.4749	0.4487	AF-A0A0E9N7R6-F1-model_v4_TED01
AF-A0A7Y9NIZ2-F1-model_v4	AF-A0A7Y9NIZ2-F1-model_v4_TED01	afdb	high	274	2	96.0254	1.0000	AF-A0A7Y9NIZ2-F1-model_v4_TED01
AF-A0A7Y9NIZ2-F1-model_v4	AF-A0A7Y9NIZ2-F1-model_v4_esm_TED01	esm	high	285	1	93.9757	0.9614	AF-A0A7Y9NIZ2-F1-model_v4_TED01
AF-H2ZSW8-F1-model_v4	AF-H2ZSW8-F1-model_v4_TED01	afdb	high	114	1	70.6466	1.0000	AF-H2ZSW8-F1-model_v4_TED01
AF-H2ZSW8-F1-model_v4	AF-H2ZSW8-F1-model_v4_esm_TED01	esm	high	117	1	68.1415	0.9744	AF-H2ZSW8-F1-model_v4_TED01
AF-A0A5J5Q3N7-F1-model_v4	AF-A0A5J5Q3N7-F1-model_v4_TED01	afdb	high	109	1	81.4417	1.0000	AF-A0A5J5Q3N7-F1-model_v4_TED01
AF-A0A5J5Q3N7-F1-model_v4	AF-A0A5J5Q3N7-F1-model_v4_esm_TED01	esm	high	137	1	75.5994	0.7956	AF-A0A5J5Q3N7-F1-model_v4_TED01
AF-A0A349DK78-F1-model_v4	AF-A0A349DK78-F1-model_v4_TED01	afdb	high	150	1	88.5409	1.0000	AF-A0A349DK78-F1-model_v4_TED01
AF-A0A349DK78-F1-model_v4	AF-A0A349DK78-F1-model_v4_TED02	afdb	high	180	1	86.4459	1.0000	AF-A0A349DK78-F1-model_v4_TED02
AF-A0A349DK78-F1-model_v4	AF-A0A349DK78-F1-model_v4_TED03	afdb	medium	116	1	87.3247	1.0000	AF-A0A349DK78-F1-model_v4_TED03
AF-A0A349DK78-F1-model_v4	AF-A0A349DK78-F1-model_v4_TED04	afdb	high	225	1	84.6001	1.0000	AF-A0A349DK78-F1-model_v4_TED04
AF-A0A349DK78-F1-model_v4	AF-A0A349DK78-F1-model_v4_TED05	afdb	high	94	1	87.0316	1.0000	AF-A0A349DK78-F1-model_v4_TED05
AF-A0A349DK78-F1-model_v4	AF-A0A349DK78-F1-model_v4_esm_TED01	esm	high	139	1	93.4571	0.9267	AF-A0A349DK78-F1-model_v4_TED01
AF-A0A349DK78-F1-model_v4	AF-A0A349DK78-F1-model_v4_esm_TED02	esm	high	180	1	92.8183	0.9780	AF-A0A349DK78-F1-model_v4_TED02
AF-A0A349DK78-F1-model_v4	AF-A0A349DK78-F1-model_v4_esm_TED03	esm	medium	64	1	92.7747	0.0000	
AF-A0A349DK78-F1-model_v4	AF-A0A349DK78-F1-model_v4_esm_TED04	esm	high	113	1	91.7867	0.9741	AF-A0A349DK78-F1-model_v4_TED03
AF-A0A349DK78-F1-model_v4	AF-A0A349DK78-F1-model_v4_esm_TED05	esm	high	225	1	93.4929	1.0000	AF-A0A349DK78-F1-model_v4_TED04
AF-A0A349DK78-F1-model_v4	AF-A0A349DK78-F1-model_v4_esm_TED06	esm	high	105	1	93.0855	0.8952	AF-A0A349DK78-F1-model_v4_TED05
AF-A0A3A4RU70-F1-model_v4	AF-A0A3A4RU70-F1-model_v4_TED01	afdb	medium	252	1	86.4756	1.0000	AF-A0A3A4RU70-F1-model_v4_TED01
AF-A0A3A4RU70-F1-model_v4	AF-A0A3A4RU70-F1-model_v4_TED02	afdb	medium	58	1	93.5129	1.0000	AF-A0A3A4RU70-F1-model_v4_TED02
AF-A0A3A4RU70-F1-model_v4	AF-A0A3A4RU70-F1-model_v4_esm_TED01	esm	medium	175	1	89.2875	0.6944	AF-A0A3A4RU70-F1-model_v4_TED01
AF-A0A3A4RU70-F1-model_v4	AF-A0A3A4RU70-F1-model_v4_esm_TED02	esm	medium	111	1	96.1919	0.5089	AF-A0A3A4RU70-F1-model_v4_TED02
AF-A0A831XK98-F1-model_v4	AF-A0A831XK98-F1-model_v4_TED01	afdb	high	158	2	43.3145	1.0000	AF-A0A831XK98-F1-model_v4_TED01
AF-A0A831XK98-F1-model_v4	AF-A0A831XK98-F1-model_v4_TED02	afdb	high	71	1	50.5234	1.0000	AF-A0A831XK98-F1-model_v4_TED02
AF-A0A831XK98-F1-model_v4	AF-A0A831XK98-F1-model_v4_esm_TED01	esm	high	146	1	83.5077	0.9241	AF-A0A831XK98-F1-model_v4_TED01
AF-A0A831XK98-F1-model_v4	AF-A0A831XK98-F1-model_v4_esm_TED02	esm	high	85	1	61.7373	0.8353	AF-A0A831XK98-F1-model_v4_TED02
AF-A0A6M1MI11-F1-model_v4	AF-A0A6M1MI11-F1-model_v4_TED01	afdb	high	189	2	94.7397	1.0000	AF-A0A6M1MI11-F1-model_v4_TED01
AF-A0A6M1MI11-F1-model_v4	AF-A0A6M1MI11-F1-model_v4_TED02	afdb	high	77	1	93.1169	1.0000	AF-A0A6M1MI11-F1-model_v4_TED02
AF-A0A6M1MI11-F1-model_v4	AF-A0A6M1MI11-F1-model_v4_esm_TED01	esm	high	189	2	97.5028	1.0000	AF-A0A6M1MI11-F1-model_v4_TED01
AF-A0A6M1MI11-F1-model_v4	AF-A0A6M1MI11-F1-model_v4_esm_TED02	esm	high	77	1	97.5392	1.0000	AF-A0A6M1MI11-F1-model_v4_TED02
AF-A0A081N5L6-F1-model_v4	AF-A0A081N5L6-F1-model_v4_TED01	afdb	medium	120	1	72.7911	1.0000	AF-A0A081N5L6-F1-model_v4_TED01
AF-A0A081N5L6-F1-model_v4	AF-A0A081N5L6-F1-model_v4_esm_TED01	esm	medium	119	1	87.6139	0.9917	AF-A0A081N5L6-F1-model_v4_TED01
AF-A0A3M1FED3-F1-model_v4	AF-A0A3M1FED3-F1-model_v4_TED01	afdb	medium	166	1	95.3432	0.7831	AF-A0A3M1FED3-F1-model_v4_TED01
AF-A0A3M1FED3-F1-model_v4	AF-A0A3M1FED3-F1-model_v4_TED02	afdb	medium	79	1	91.5291	1.0000	AF-A0A3M1FED3-F1-model_v4_TED02
AF-A0A3M1FED3-F1-model_v4	AF-A0A3M1FED3-F1-model_v4_esm_TED01	esm	medium	179	1	93.9255	0.7263	AF-A0A3M1FED3-F1-model_v4_TED01
AF-A0A3M1FED3-F1-model_v4	AF-A0A3M1FED3-F1-model_v4_esm_TED02	esm	high	79	1	96.7906	1.0000	AF-A0A3M1FED3-F1-model_v4_TED02
AF-A0A3M1FED3-F1-model_v4	AF-A0A3M1FED3-F1-model_v4_esm_TED03	esm	medium	132	1	97.3547	0.0000	
AF-A0A3M1FED3-F1-model_v4	AF-A0A3M1FED3-F1-model_v4_esm_TED04	esm	medium	304	1	94.5145	0.0000	
AF-A0A0K0KMZ5-F1-model_v4	AF-A0A0K0KMZ5-F1-model_v4_TED01	afdb	medium	230	1	96.9443	1.0000	AF-A0A0K0KMZ5-F1-model_v4_TED01
AF-A0A0K0KMZ5-F1-model_v4	AF-A0A0K0KMZ5-F1-model_v4_esm_TED01	esm	medium	230	1	97.1794	1.0000	AF-A0A0K0KMZ5-F1-model_v4_TED01
AF-A0A1H6X1T1-F1-model_v4	AF-A0A1H6X1T1-F1-model_v4_TED01	afdb	medium	63	1	47.1292	1.0000	AF-A0A1H6X1T1-F1-model_v4_TED01
AF-A0A1H6X1T1-F1-model_v4	AF-A0A1H6X1T1-F1-model_v4_esm_TED01	esm	medium	32	1	54.7816	0.4844	AF-A0A1H6X1T1-F1-model_v4_TED01
AF-A0A450X2T6-F1-model_v4	AF-A0A450X2T6-F1-model_v4_TED01	afdb	medium	28	1	48.4046	1.0000	AF-A0A450X2T6-F1-model_v4_TED01
AF-A0A1G6G490-F1-model_v4	AF-A0A1G6G490-F1-model_v4_TED01	afdb	high	184	2	97.1451	1.0000	AF-A0A1G6G490-F1-model_v4_TED01
AF-A0A1G6G490-F1-model_v4	AF-A0A1G6G490-F1-model_v4_esm_TED01	esm	high	181	2	97.3248	0.9837	AF-A0A1G6G490-F1-model_v4_TED01
AF-A0A2Z4Y6W0-F1-model_v4	AF-A0A2Z4Y6W0-F1-model_v4_TED01	afdb	medium	258	1	94.9301	1.0000	AF-A0A2Z4Y6W0-F1-model_v4_TED01
AF-A0A2Z4Y6W0-F1-model_v4	AF-A0A2Z4Y6W0-F1-model_v4_esm_TED01	esm	medium	258	1	93.4397	1.0000	AF-A0A2Z4Y6W0-F1-model_v4_TED01
AF-A0A6G7PEY3-F1-model_v4	AF-A0A6G7PEY3-F1-model_v4_TED01	afdb	high	100	1	96.5701	1.0000	AF-A0A6G7PEY3-F1-model_v4_TED01
AF-A0A6G7PEY3-F1-model_v4	AF-A0A6G7PEY3-F1-model_v4_esm_TED01	esm	high	101	1	91.7496	0.9901	AF-A0A6G7PEY3-F1-model_v4_TED01
AF-A0A812PAC8-F1-model_v4	AF-A0A812PAC8-F1-model_v4_TED01	afdb	medium	33	1	62.4021	1.0000	AF-A0A812PAC8-F1-model_v4_TED01
AF-A0A812PAC8-F1-model_v4	AF-A0A812PAC8-F1-model_v4_TED02	afdb	medium	47	1	56.9498	1.0000	AF-A0A812PAC8-F1-model_v4_TED02
AF-A0A812PAC8-F1-model_v4	AF-A0A812PAC8-F1-model_v4_esm_TED01	esm	medium	160	2	44.2279	0.2938	AF-A0A812PAC8-F1-model_v4_TED02
AF-A0A6P5GHK5-F1-model_v4	AF-A0A6P5GHK5-F1-model_v4_TED01	afdb	high	156	2	92.7114	1.0000	AF-A0A6P5GHK5-F1-model_v4_TED01
AF-A0A6P5GHK5-F1-model_v4	AF-A0A6P5GHK5-F1-model_v4_esm_TED01	esm	high	191	2	80.6192	0.8168	AF-A0A6P5GHK5-F1-model_v4_TED01
AF-A0A1I4I9R6-F1-model_v4	AF-A0A1I4I9R6-F1-model_v4_TED01	afdb	high	75	1	79.3901	1.0000	AF-A0A1I4I9R6-F1-model_v4_TED01
AF-A0A1I4I9R6-F1-model_v4	AF-A0A1I4I9R6-F1-model_v4_TED02	afdb	high	65	1	76.9394	1.0000	AF-A0A1I4I9R6-F1-model_v4_TED02
AF-A0A1I4I9R6-F1-model_v4	AF-A0A1I4I9R6-F1-model_v4_TED03	afdb	medium	103	1	83.7821	1.0000	AF-A0A1I4I9R6-F1-model_v4_TED03
AF-A0A1I4I9R6-F1-model_v4	AF-A0A1I4I9R6-F1-model_v4_TED04	afdb	high	84	1	85.619	1.0000	AF-A0A1I4I9R6-F1-model_v4_TED04
AF-A0A1I4I9R6-F1-model_v4	AF-A0A1I4I9R6-F1-model_v4_TED05	afdb	medium	142	2	87.3692	1.0000	AF-A0A1I4I9R6-F1-model_v4_TED05
AF-A0A1I4I9R6-F1-model_v4	AF-A0A1I4I9R6-F1-model_v4_TED06	afdb	high	118	1	89.1107	1.0000	AF-A0A1I4I9R6-F1-model_v4_TED06
AF-A0A1I4I9R6-F1-model_v4	AF-A0A1I4I9R6-F1-model_v4_esm_TED01	esm	high	69	1	90.8667	0.9200	AF-A0A1I4I9R6-F1-model_v4_TED01
AF-A0A1I4I9R6-F1-model_v4	AF-A0A1I4I9R6-F1-model_v4_esm_TED02	esm	high	68	1	90.5047	0.9559	AF-A0A1I4I9R6-F1-model_v4_TED02
AF-A0A1I4I9R6-F1-model_v4	AF-A0A1I4I9R6-F1-model_v4_esm_TED03	esm	high	108	1	94.4727	0.9537	AF-A0A1I4I9R6-F1-model_v4_TED03
AF-A0A1I4I9R6-F1-model_v4	AF-A0A1I4I9R6-F1-model_v4_esm_TED04	esm	high	85	1	94.1271	0.9882	AF-A0A1I4I9R6-F1-model_v4_TED04
AF-A0A1I4I9R6-F1-model_v4	AF-A0A1I4I9R6-F1-model_v4_esm_TED05	esm	medium	66	2	96.1474	0.0000	
AF-A0A1I4I9R6-F1-model_v4	AF-A0A1I4I9R6-F1-model_v4_esm_TED06	esm	medium	141	2	95.0049	0.9930	AF-A0A1I4I9R6-F1-model_v4_TED05
AF-A0A1I4I9R6-F1-model_v4	AF-A0A1I4I9R6-F1-model_v4_esm_TED07	esm	high	119	1	97.2854	0.9916	AF-A0A1I4I9R6-F1-model_v4_TED06
AF-A0A1H7LU08-F1-model_v4	AF-A0A1H7LU08-F1-model_v4_TED01	afdb	high	181	1	82.2912	1.0000	AF-A0A1H7LU08-F1-model_v4_TED01
AF-A0A1H7LU08-F1-model_v4	AF-A0A1H7LU08-F1-model_v4_TED02	afdb	medium	93	1	92.2081	1.0000	AF-A0A1H7LU08-F1-model_v4_TED02
AF-A0A1H7LU08-F1-model_v4	AF-A0A1H7LU08-F1-model_v4_esm_TED01	esm	high	182	1	82.6278	0.9945	AF-A0A1H7LU08-F1-model_v4_TED01
AF-A0A1H7LU08-F1-model_v4	AF-A0A1H7LU08-F1-model_v4_esm_TED02	esm	medium	99	1	93.8859	0.9394	AF-A0A1H7LU08-F1-model_v4_TED02
AF-A0A1X9PQ80-F1-model_v4	AF-A0A1X9PQ80-F1-model_v4_TED01	afdb	high	52	1	97.0579	1.0000	AF-A0A1X9PQ80-F1-model_v4_TED01
AF-A0A1X9PQ80-F1-model_v4	AF-A0A1X9PQ80-F1-model_v4_esm_TED01	esm	medium	54	1	92.7139	0.9630	AF-A0A1X9PQ80-F1-model_v4_TED01
AF-A0A2J0LLV5-F1-model_v4	AF-A0A2J0LLV5-F1-model_v4_TED01	afdb	medium	33	1	57.7658	1.0000	AF-A0A2J0LLV5-F1-model_v4_TED01
AF-A0A2J0LLV5-F1-model_v4	AF-A0A2J0LLV5-F1-model_v4_esm_TED01	esm	medium	30	1	56.807	0.9091	AF-A0A2J0LLV5-F1-model_v4_TED01
AF-U5FM42-F1-model_v4	AF-U5FM42-F1-model_v4_TED01	afdb	medium	270	2	91.3665	1.0000	AF-U5FM42-F1-model_v4_TED01
AF-U5FM42-F1-model_v4	AF-U5FM42-F1-model_v4_TED02	afdb	high	193	1	90.0499	1.0000	AF-U5FM42-F1-model_v4_TED02
AF-U5FM42-F1-model_v4	AF-U5FM42-F1-model_v4_esm_TED01	esm	medium	270	2	95.4766	1.0000	AF-U5FM42-F1-model_v4_TED01
AF-U5FM42-F1-model_v4	AF-U5FM42-F1-model_v4_esm_TED02	esm	high	194	1	93.5345	0.9948	AF-U5FM42-F1-model_v4_TED02
AF-A0A4R6G7Z3-F1-model_v4	AF-A0A4R6G7Z3-F1-model_v4_TED01	afdb	medium	58	1	95.3595	1.0000	AF-A0A4R6G7Z3-F1-model_v4_TED01
AF-A0A4R6G7Z3-F1-model_v4	AF-A0A4R6G7Z3-F1-model_v4_TED02	afdb	medium	68	1	91.9547	1.0000	AF-A0A4R6G7Z3-F1-model_v4_TED02
AF-A0A4R6G7Z3-F1-model_v4	AF-A0A4R6G7Z3-F1-model_v4_TED03	afdb	medium	71	1	91.3025	1.0000	AF-A0A4R6G7Z3-F1-model_v4_TED03
AF-A0A4R6G7Z3-F1-model_v4	AF-A0A4R6G7Z3-F1-model_v4_esm_TED01	esm	medium	58	1	95.234	0.8529	AF-A0A4R6G7Z3-F1-model_v4_TED02
AF-A0A4R6G7Z3-F1-model_v4	AF-A0A4R6G7Z3-F1-model_v4_esm_TED02	esm	medium	83	1	97.8606	0.0000	
AF-A0A4R6G7Z3-F1-model_v4	AF-A0A4R6G7Z3-F1-model_v4_esm_TED03	esm	medium	79	1	98.1049	0.8987	AF-A0A4R6G7Z3-F1-model_v4_TED03
AF-A0A3A8IE06-F1-model_v4	AF-A0A3A8IE06-F1-model_v4_TED01	afdb	high	180	2	88.97	1.0000	AF-A0A3A8IE06-F1-model_v4_TED01
AF-A0A3A8IE06-F1-model_v4	AF-A0A3A8IE06-F1-model_v4_esm_TED01	esm	high	186	2	96.4365	0.9677	AF-A0A3A8IE06-F1-model_v4_TED01
AF-A0A1V5GB39-F1-model_v4	AF-A0A1V5GB39-F1-model_v4_TED01	afdb	medium	276	1	98.2883	1.0000	AF-A0A1V5GB39-F1-model_v4_TED01
AF-A0A1V5GB39-F1-model_v4	AF-A0A1V5GB39-F1-model_v4_esm_TED01	esm	high	276	1	98.0914	1.0000	AF-A0A1V5GB39-F1-model_v4_TED01
AF-A0A7X5YMP9-F1-model_v4	AF-A0A7X5YMP9-F1-model_v4_TED01	afdb	medium	103	1	84.0518	1.0000	AF-A0A7X5YMP9-F1-model_v4_TED01
AF-A0A7X5YMP9-F1-model_v4	AF-A0A7X5YMP9-F1-model_v4_esm_TED01	esm	medium	107	1	77.4172	0.9626	AF-A0A7X5YMP9-F1-model_v4_TED01
AF-A0A1S5QM05-F1-model_v4	AF-A0A1S5QM05-F1-model_v4_TED01	afdb	medium	68	1	96.4804	1.0000	AF-A0A1S5QM05-F1-model_v4_TED01
AF-A0A1S5QM05-F1-model_v4	AF-A0A1S5QM05-F1-model_v4_TED02	afdb	high	187	1	97.5209	1.0000	AF-A0A1S5QM05-F1-model_v4_TED02
AF-A0A1S5QM05-F1-model_v4	AF-A0A1S5QM05-F1-model_v4_esm_TED01	esm	medium	67	1	85.2804	0.9853	AF-A0A1S5QM05-F1-model_v4_TED01
AF-A0A1S5QM05-F1-model_v4	AF-A0A1S5QM05-F1-model_v4_esm_TED02	esm	high	188	1	96.1549	0.9947	AF-A0A1S5QM05-F1-model_v4_TED02
AF-A0A172TJU4-F1-model_v4	AF-A0A172TJU4-F1-model_v4_TED01	afdb	high	221	1	97.5952	1.0000	AF-A0A172TJU4-F1-model_v4_TED01
AF-A0A172TJU4-F1-model_v4	AF-A0A172TJU4-F1-model_v4_esm_TED01	esm	high	221	1	93.0168	1.0000	AF-A0A172TJU4-F1-model_v4_TED01
AF-Q31FY1-F1-model_v4	AF-Q31FY1-F1-model_v4_TED01	afdb	high	98	1	97.2841	1.0000	AF-Q31FY1-F1-model_v4_TED01
AF-Q31FY1-F1-model_v4	AF-Q31FY1-F1-model_v4_TED02	afdb	high	326	1	95.2669	1.0000	AF-Q31FY1-F1-model_v4_TED02
AF-Q31FY1-F1-model_v4	AF-Q31FY1-F1-model_v4_esm_TED01	esm	high	98	1	95.3519	1.0000	AF-Q31FY1-F1-model_v4_TED01
AF-Q31FY1-F1-model_v4	AF-Q31FY1-F1-model_v4_esm_TED02	esm	high	320	1	93.4772	0.9816	AF-Q31FY1-F1-model_v4_TED02
AF-A0A6P6K7J9-F1-model_v4	AF-A0A6P6K7J9-F1-model_v4_TED01	afdb	high	310	1	93.9651	1.0000	AF-A0A6P6K7J9-F1-model_v4_TED01
AF-A0A6P6K7J9-F1-model_v4	AF-A0A6P6K7J9-F1-model_v4_esm_TED01	esm	high	322	1	93.7869	0.9627	AF-A0A6P6K7J9-F1-model_v4_TED01
AF-A0A1M6XFD9-F1-model_v4	AF-A0A1M6XFD9-F1-model_v4_TED01	afdb	high	177	2	97.7847	1.0000	AF-A0A1M6XFD9-F1-model_v4_TED01
AF-A0A1M6XFD9-F1-model_v4	AF-A0A1M6XFD9-F1-model_v4_esm_TED01	esm	high	178	2	89.2551	0.9944	AF-A0A1M6XFD9-F1-model_v4_TED01
AF-S8F629-F1-model_v4	AF-S8F629-F1-model_v4_TED01	afdb	medium	30	1	66.228	1.0000	AF-S8F629-F1-model_v4_TED01
AF-S8F629-F1-model_v4	AF-S8F629-F1-model_v4_TED02	afdb	medium	273	2	92.091	1.0000	AF-S8F629-F1-model_v4_TED02
AF-S8F629-F1-model_v4	AF-S8F629-F1-model_v4_esm_TED01	esm	medium	321	1	91.0601	0.8505	AF-S8F629-F1-model_v4_TED02
AF-A0A439UTS8-F1-model_v4	AF-A0A439UTS8-F1-model_v4_TED01	afdb	medium	89	2	97.4589	1.0000	AF-A0A439UTS8-F1-model_v4_TED01
AF-A0A439UTS8-F1-model_v4	AF-A0A439UTS8-F1-model_v4_esm_TED01	esm	medium	113	1	85.0727	0.7876	AF-A0A439UTS8-F1-model_v4_TED01
AF-A0A1B1S2Q9-F1-model_v4	AF-A0A1B1S2Q9-F1-model_v4_TED01	afdb	high	129	1	85.2413	1.0000	AF-A0A1B1S2Q9-F1-model_v4_TED01
AF-A0A1B1S2Q9-F1-model_v4	AF-A0A1B1S2Q9-F1-model_v4_TED02	afdb	high	157	1	92.1529	1.0000	AF-A0A1B1S2Q9-F1-model_v4_TED02
AF-A0A1B1S2Q9-F1-model_v4	AF-A0A1B1S2Q9-F1-model_v4_TED03	afdb	high	148	1	86.1543	1.0000	AF-A0A1B1S2Q9-F1-model_v4_TED03
AF-A0A1B1S2Q9-F1-model_v4	AF-A0A1B1S2Q9-F1-model_v4_TED04	afdb	high	234	1	88.8612	1.0000	AF-A0A1B1S2Q9-F1-model_v4_TED04
AF-A0A1B1S2Q9-F1-model_v4	AF-A0A1B1S2Q9-F1-model_v4_esm_TED01	esm	high	129	1	92.6044	1.0000	AF-A0A1B1S2Q9-F1-model_v4_TED01
AF-A0A1B1S2Q9-F1-model_v4	AF-A0A1B1S2Q9-F1-model_v4_esm_TED02	esm	high	156	1	96.334	0.9936	AF-A0A1B1S2Q9-F1-model_v4_TED02
AF-A0A1B1S2Q9-F1-model_v4	AF-A0A1B1S2Q9-F1-model_v4_esm_TED03	esm	high	146	1	96.2598	0.9865	AF-A0A1B1S2Q9-F1-model_v4_TED03
AF-A0A1B1S2Q9-F1-model_v4	AF-A0A1B1S2Q9-F1-model_v4_esm_TED04	esm	high	235	1	97.4927	0.9957	AF-A0A1B1S2Q9-F1-model_v4_TED04
AF-A0A0N1GJY3-F1-model_v4	AF-A0A0N1GJY3-F1-model_v4_TED01	afdb	high	262	1	78.52	1.0000	AF-A0A0N1GJY3-F1-model_v4_TED01
AF-A0A0N1GJY3-F1-model_v4	AF-A0A0N1GJY3-F1-model_v4_esm_TED01	esm	high	248	1	95.0638	0.9466	AF-A0A0N1GJY3-F1-model_v4_TED01
AF-A0A3G2LBG7-F1-model_v4	AF-A0A3G2LBG7-F1-model_v4_TED01	afdb	medium	95	1	94.2176	1.0000	AF-A0A3G2LBG7-F1-model_v4_TED01
AF-A0A3G2LBG7-F1-model_v4	AF-A0A3G2LBG7-F1-model_v4_TED02	afdb	medium	106	1	97.4519	1.0000	AF-A0A3G2LBG7-F1-model_v4_TED02
AF-A0A3G2LBG7-F1-model_v4	AF-A0A3G2LBG7-F1-model_v4_esm_TED01	esm	medium	120	1	78.3792	0.7917	AF-A0A3G2LBG7-F1-model_v4_TED01
AF-A0A3G2LBG7-F1-model_v4	AF-A0A3G2LBG7-F1-model_v4_esm_TED02	esm	medium	106	1	86.3707	1.0000	AF-A0A3G2LBG7-F1-model_v4_TED02
AF-A0A2E1FRQ3-F1-model_v4	AF-A0A2E1FRQ3-F1-model_v4_TED01	afdb	medium	150	2	92.6691	1.0000	AF-A0A2E1FRQ3-F1-model_v4_TED01
AF-A0A2E1FRQ3-F1-model_v4	AF-A0A2E1FRQ3-F1-model_v4_TED02	afdb	medium	50	1	93.7364	1.0000	AF-A0A2E1FRQ3-F1-model_v4_TED02
AF-A0A2E1FRQ3-F1-model_v4	AF-A0A2E1FRQ3-F1-model_v4_esm_TED01	esm	medium	151	2	89.6701	0.9934	AF-A0A2E1FRQ3-F1-model_v4_TED01
AF-A0A7C7R050-F1-model_v4	AF-A0A7C7R050-F1-model_v4_TED01	afdb	high	99	1	97.2325	1.0000	AF-A0A7C7R050-F1-model_v4_TED01
AF-A0A7C7R050-F1-model_v4	AF-A0A7C7R050-F1-model_v4_esm_TED01	esm	high	99	1	72.8289	1.0000	AF-A0A7C7R050-F1-model_v4_TED01
AF-D2H9F1-F1-model_v4	AF-D2H9F1-F1-model_v4_TED01	afdb	high	80	1	88.2286	1.0000	AF-D2H9F1-F1-model_v4_TED01
AF-D2H9F1-F1-model_v4	AF-D2H9F1-F1-model_v4_TED02	afdb	high	111	1	91.6763	1.0000	AF-D2H9F1-F1-model_v4_TED02
AF-D2H9F1-F1-model_v4	AF-D2H9F1-F1-model_v4_esm_TED01	esm	high	81	1	87.9346	0.9877	AF-D2H9F1-F1-model_v4_TED01
AF-D2H9F1-F1-model_v4	AF-D2H9F1-F1-model_v4_esm_TED02	esm	high	92	1	85.085	0.8288	AF-D2H9F1-F1-model_v4_TED02
AF-A0A2E4RBK5-F1-model_v4	AF-A0A2E4RBK5-F1-model_v4_TED01	afdb	high	174	1	91.9066	1.0000	AF-A0A2E4RBK5-F1-model_v4_TED01
AF-A0A2E4RBK5-F1-model_v4	AF-A0A2E4RBK5-F1-model_v4_esm_TED01	esm	high	175	1	85.44	0.9943	AF-A0A2E4RBK5-F1-model_v4_TED01
AF-A0A2T1NHH8-F1-model_v4	AF-A0A2T1NHH8-F1-model_v4_TED01	afdb	medium	134	1	95.7456	1.0000	AF-A0A2T1NHH8-F1-model_v4_TED01
AF-A0A2T1NHH8-F1-model_v4	AF-A0A2T1NHH8-F1-model_v4_esm_TED01	esm	high	135	1	87.8884	0.9926	AF-A0A2T1NHH8-F1-model_v4_TED01
AF-A0A0R3U4J9-F1-model_v4	AF-A0A0R3U4J9-F1-model_v4_TED01	afdb	medium	191	1	83.4447	1.0000	AF-A0A0R3U4J9-F1-model_v4_TED01
AF-A0A0R3U4J9-F1-model_v4	AF-A0A0R3U4J9-F1-model_v4_TED02	afdb	high	69	1	80.8846	1.0000	AF-A0A0R3U4J9-F1-model_v4_TED02
AF-A0A0R3U4J9-F1-model_v4	AF-A0A0R3U4J9-F1-model_v4_esm_TED01	esm	medium	226	1	79.6172	0.8289	AF-A0A0R3U4J9-F1-model_v4_TED01
AF-A0A0R3U4J9-F1-model_v4	AF-A0A0R3U4J9-F1-model_v4_esm_TED02	esm	high	69	1	71.4459	1.0000	AF-A0A0R3U4J9-F1-model_v4_TED02
AF-A0A367W443-F1-model_v4	AF-A0A367W443-F1-model_v4_TED01	afdb	high	86	1	83.6428	1.0000	AF-A0A367W443-F1-model_v4_TED01
AF-A0A367W443-F1-model_v4	AF-A0A367W443-F1-model_v4_TED02	afdb	high	211	1	86.9765	1.0000	AF-A0A367W443-F1-model_v4_TED02
AF-A0A367W443-F1-model_v4	AF-A0A367W443-F1-model_v4_esm_TED01	esm	high	82	1	43.7651	0.8667	AF-A0A367W443-F1-model_v4_TED01
AF-A0A367W443-F1-model_v4	AF-A0A367W443-F1-model_v4_esm_TED02	esm	medium	38	1	56.6271	0.0418	AF-A0A367W443-F1-model_v4_TED02
AF-A0A126GV12-F1-model_v4	AF-A0A126GV12-F1-model_v4_TED01	afdb	medium	156	2	87.2182	1.0000	AF-A0A126GV12-F1-model_v4_TED01
AF-A0A126GV12-F1-model_v4	AF-A0A126GV12-F1-model_v4_TED02	afdb	high	114	1	84.7814	1.0000	AF-A0A126GV12-F1-model_v4_TED02
AF-A0A126GV12-F1-model_v4	AF-A0A126GV12-F1-model_v4_TED03	afdb	medium	59	1	81.6395	1.0000	AF-A0A126GV12-F1-model_v4_TED03
AF-A0A126GV12-F1-model_v4	AF-A0A126GV12-F1-model_v4_TED04	afdb	high	44	1	76.888	1.0000	AF-A0A126GV12-F1-model_v4_TED04
AF-A0A126GV12-F1-model_v4	AF-A0A126GV12-F1-model_v4_esm_TED01	esm	high	111	1	84.275	0.9737	AF-A0A126GV12-F1-model_v4_TED02
AF-A0A126GV12-F1-model_v4	AF-A0A126GV12-F1-model_v4_esm_TED02	esm	high	44	1	94.4102	1.0000	AF-A0A126GV12-F1-model_v4_TED04
AF-A0A6J5WIZ9-F1-model_v4	AF-A0A6J5WIZ9-F1-model_v4_TED01	afdb	high	158	1	95.5732	1.0000	AF-A0A6J5WIZ9-F1-model_v4_TED01
AF-A0A6J5WIZ9-F1-model_v4	AF-A0A6J5WIZ9-F1-model_v4_esm_TED01	esm	high	115	1	84.4735	0.7278	AF-A0A6J5WIZ9-F1-model_v4_TED01
AF-A0A495K1U9-F1-model_v4	AF-A0A495K1U9-F1-model_v4_TED01	afdb	high	52	1	88.7144	1.0000	AF-A0A495K1U9-F1-model_v4_TED01
AF-A0A495K1U9-F1-model_v4	AF-A0A495K1U9-F1-model_v4_TED02	afdb	high	122	1	82.3708	1.0000	AF-A0A495K1U9-F1-model_v4_TED02
AF-A0A495K1U9-F1-model_v4	AF-A0A495K1U9-F1-model_v4_esm_TED01	esm	high	52	1	93.7429	1.0000	AF-A0A495K1U9-F1-model_v4_TED01
AF-A0A495K1U9-F1-model_v4	AF-A0A495K1U9-F1-model_v4_esm_TED02	esm	high	122	1	86.706	1.0000	AF-A0A495K1U9-F1-model_v4_TED02
AF-A0A2W7BAC6-F1-model_v4	AF-A0A2W7BAC6-F1-model_v4_TED01	afdb	high	174	2	83.7321	1.0000	AF-A0A2W7BAC6-F1-model_v4_TED01
AF-A0A2W7BAC6-F1-model_v4	AF-A0A2W7BAC6-F1-model_v4_TED02	afdb	high	92	1	83.7558	1.0000	AF-A0A2W7BAC6-F1-model_v4_TED02
AF-A0A2W7BAC6-F1-model_v4	AF-A0A2W7BAC6-F1-model_v4_esm_TED01	esm	medium	170	2	88.5861	0.9770	AF-A0A2W7BAC6-F1-model_v4_TED01
AF-A0A2W7BAC6-F1-model_v4	AF-A0A2W7BAC6-F1-model_v4_esm_TED02	esm	high	91	1	70.8809	0.9891	AF-A0A2W7BAC6-F1-model_v4_TED02
AF-A0A180EQD8-F1-model_v4	AF-A0A180EQD8-F1-model_v4_TED01	afdb	high	248	1	96.3905	1.0000	AF-A0A180EQD8-F1-model_v4_TED01
AF-A0A180EQD8-F1-model_v4	AF-A0A180EQD8-F1-model_v4_esm_TED01	esm	medium	244	1	98.1904	0.9839	AF-A0A180EQD8-F1-model_v4_TED01
AF-A0A2P8LAU6-F1-model_v4	AF-A0A2P8LAU6-F1-model_v4_TED01	afdb	medium	262	2	98.3453	1.0000	AF-A0A2P8LAU6-F1-model_v4_TED01
AF-A0A2P8LAU6-F1-model_v4	AF-A0A2P8LAU6-F1-model_v4_esm_TED01	esm	medium	116	1	98.1188	0.4427	AF-A0A2P8LAU6-F1-model_v4_TED01
AF-H2Y7D9-F1-model_v4	AF-H2Y7D9-F1-model_v4_TED01	afdb	medium	53	1	38.2551	1.0000	AF-H2Y7D9-F1-model_v4_TED01
AF-H2Y7D9-F1-model_v4	AF-H2Y7D9-F1-model_v4_esm_TED01	esm	medium	82	1	32.4162	0.6463	AF-H2Y7D9-F1-model_v4_TED01
AF-A0A7R7A4A7-F1-model_v4	AF-A0A7R7A4A7-F1-model_v4_TED01	afdb	medium	123	1	44.8517	1.0000	AF-A0A7R7A4A7-F1-model_v4_TED01
AF-A0A7R7A4A7-F1-model_v4	AF-A0A7R7A4A7-F1-model_v4_TED02	afdb	medium	41	1	84.0149	1.0000	AF-A0A7R7A4A7-F1-model_v4_TED02
AF-A0A7R7A4A7-F1-model_v4	AF-A0A7R7A4A7-F1-model_v4_TED03	afdb	high	58	1	87.126	1.0000	AF-A0A7R7A4A7-F1-model_v4_TED03
AF-A0A7R7A4A7-F1-model_v4	AF-A0A7R7A4A7-F1-model_v4_esm_TED01	esm	high	155	1	70.8452	0.7935	AF-A0A7R7A4A7-F1-model_v4_TED01
AF-A0A7R7A4A7-F1-model_v4	AF-A0A7R7A4A7-F1-model_v4_esm_TED02	esm	high	36	1	51.7686	0.8780	AF-A0A7R7A4A7-F1-model_v4_TED02
AF-A0A7R7A4A7-F1-model_v4	AF-A0A7R7A4A7-F1-model_v4_esm_TED03	esm	high	71	1	38.0903	0.7917	AF-A0A7R7A4A7-F1-model_v4_TED03
AF-A0A5M3XU67-F1-model_v4	AF-A0A5M3XU67-F1-model_v4_TED01	afdb	high	128	1	91.733	1.0000	AF-A0A5M3XU67-F1-model_v4_TED01
AF-A0A5M3XU67-F1-model_v4	AF-A0A5M3XU67-F1-model_v4_esm_TED01	esm	high	128	1	80.529	1.0000	AF-A0A5M3XU67-F1-model_v4_TED01
AF-A0A5A9X7Y4-F1-model_v4	AF-A0A5A9X7Y4-F1-model_v4_TED01	afdb	high	355	3	91.8961	1.0000	AF-A0A5A9X7Y4-F1-model_v4_TED01
AF-A0A5A9X7Y4-F1-model_v4	AF-A0A5A9X7Y4-F1-model_v4_esm_TED01	esm	high	347	3	93.9648	0.9775	AF-A0A5A9X7Y4-F1-model_v4_TED01
AF-A0A5A9X7Y4-F1-model_v4	AF-A0A5A9X7Y4-F1-model_v4_esm_TED02	esm	medium	66	2	94.9921	0.0000	
AF-A0A0C3DU02-F1-model_v4	AF-A0A0C3DU02-F1-model_v4_TED01	afdb	medium	88	1	88.2109	1.0000	AF-A0A0C3DU02-F1-model_v4_TED01
AF-A0A0C3DU02-F1-model_v4	AF-A0A0C3DU02-F1-model_v4_TED02	afdb	high	73	1	65.0741	1.0000	AF-A0A0C3DU02-F1-model_v4_TED02
AF-A0A0C3DU02-F1-model_v4	AF-A0A0C3DU02-F1-model_v4_TED03	afdb	high	111	1	64.0159	1.0000	AF-A0A0C3DU02-F1-model_v4_TED03
AF-A0A0C3DU02-F1-model_v4	AF-A0A0C3DU02-F1-model_v4_esm_TED01	esm	medium	90	1	84.1569	0.9778	AF-A0A0C3DU02-F1-model_v4_TED01
AF-A0A0C3DU02-F1-model_v4	AF-A0A0C3DU02-F1-model_v4_esm_TED02	esm	high	72	1	70.8558	0.9863	AF-A0A0C3DU02-F1-model_v4_TED02
AF-A0A0C3DU02-F1-model_v4	AF-A0A0C3DU02-F1-model_v4_esm_TED03	esm	high	113	1	66.4985	0.9478	AF-A0A0C3DU02-F1-model_v4_TED03
AF-A0A1Y2A5S0-F1-model_v4	AF-A0A1Y2A5S0-F1-model_v4_TED01	afdb	high	248	1	98.1902	1.0000	AF-A0A1Y2A5S0-F1-model_v4_TED01
AF-A0A1Y2A5S0-F1-model_v4	AF-A0A1Y2A5S0-F1-model_v4_TED02	afdb	medium	147	2	91.1443	1.0000	AF-A0A1Y2A5S0-F1-model_v4_TED02
AF-A0A1Y2A5S0-F1-model_v4	AF-A0A1Y2A5S0-F1-model_v4_esm_TED01	esm	high	120	2	78.4464	0.7115	AF-A0A1Y2A5S0-F1-model_v4_TED02
AF-A0A1Y2A5S0-F1-model_v4	AF-A0A1Y2A5S0-F1-model_v4_esm_TED02	esm	high	248	1	74.4307	1.0000	AF-A0A1Y2A5S0-F1-model_v4_TED01
AF-A0A7R7EPR7-F1-model_v4	AF-A0A7R7EPR7-F1-model_v4_TED01	afdb	high	81	1	79.7185	1.0000	AF-A0A7R7EPR7-F1-model_v4_TED01
AF-A0A7R7EPR7-F1-model_v4	AF-A0A7R7EPR7-F1-model_v4_esm_TED01	esm	high	87	1	85.1389	0.9310	AF-A0A7R7EPR7-F1-model_v4_TED01
AF-A0A0M9Z4E6-F1-model_v4	AF-A0A0M9Z4E6-F1-model_v4_TED01	afdb	high	282	2	93.4866	1.0000	AF-A0A0M9Z4E6-F1-model_v4_TED01
AF-A0A0M9Z4E6-F1-model_v4	AF-A0A0M9Z4E6-F1-model_v4_TED02	afdb	medium	61	1	90.669	1.0000	AF-A0A0M9Z4E6-F1-model_v4_TED02
AF-A0A0M9Z4E6-F1-model_v4	AF-A0A0M9Z4E6-F1-model_v4_esm_TED01	esm	medium	295	2	97.4949	0.9233	AF-A0A0M9Z4E6-F1-model_v4_TED01
AF-R5IDS5-F1-model_v4	AF-R5IDS5-F1-model_v4_TED01	afdb	medium	122	1	92.7509	1.0000	AF-R5IDS5-F1-model_v4_TED01
AF-R5IDS5-F1-model_v4	AF-R5IDS5-F1-model_v4_TED02	afdb	high	80	1	93.9337	1.0000	AF-R5IDS5-F1-model_v4_TED02
AF-R5IDS5-F1-model_v4	AF-R5IDS5-F1-model_v4_esm_TED01	esm	high	76	1	89.8566	0.6230	AF-R5IDS5-F1-model_v4_TED01
AF-R5IDS5-F1-model_v4	AF-R5IDS5-F1-model_v4_esm_TED02	esm	high	78	1	90.7973	0.9750	AF-R5IDS5-F1-model_v4_TED02
AF-A0A7H8Z1S5-F1-model_v4	AF-A0A7H8Z1S5-F1-model_v4_TED01	afdb	high	94	1	47.2905	1.0000	AF-A0A7H8Z1S5-F1-model_v4_TED01
AF-A0A7H8Z1S5-F1-model_v4	AF-A0A7H8Z1S5-F1-model_v4_TED02	afdb	high	82	1	77.3038	1.0000	AF-A0A7H8Z1S5-F1-model_v4_TED02
AF-A0A7H8Z1S5-F1-model_v4	AF-A0A7H8Z1S5-F1-model_v4_TED03	afdb	high	157	1	88.9734	1.0000	AF-A0A7H8Z1S5-F1-model_v4_TED03
AF-A0A7H8Z1S5-F1-model_v4	AF-A0A7H8Z1S5-F1-model_v4_TED04	afdb	high	79	1	88.9451	1.0000	AF-A0A7H8Z1S5-F1-model_v4_TED04
AF-A0A7H8Z1S5-F1-model_v4	AF-A0A7H8Z1S5-F1-model_v4_esm_TED01	esm	medium	145	1	75.1461	0.6483	AF-A0A7H8Z1S5-F1-model_v4_TED01
AF-A0A7H8Z1S5-F1-model_v4	AF-A0A7H8Z1S5-F1-model_v4_esm_TED02	esm	high	82	1	78.8718	1.0000	AF-A0A7H8Z1S5-F1-model_v4_TED02
AF-A0A7H8Z1S5-F1-model_v4	AF-A0A7H8Z1S5-F1-model_v4_esm_TED03	esm	high	155	1	78.0912	0.9873	AF-A0A7H8Z1S5-F1-model_v4_TED03
AF-A0A7H8Z1S5-F1-model_v4	AF-A0A7H8Z1S5-F1-model_v4_esm_TED04	esm	high	63	1	64.5944	0.7975	AF-A0A7H8Z1S5-F1-model_v4_TED04
AF-F9MMM9-F1-model_v4	AF-F9MMM9-F1-model_v4_TED01	afdb	medium	95	1	87.0668	1.0000	AF-F9MMM9-F1-model_v4_TED01
AF-F9MMM9-F1-model_v4	AF-F9MMM9-F1-model_v4_TED02	afdb	high	118	1	89.8547	1.0000	AF-F9MMM9-F1-model_v4_TED02
AF-F9MMM9-F1-model_v4	AF-F9MMM9-F1-model_v4_esm_TED01	esm	medium	86	1	94.7019	0.9053	AF-F9MMM9-F1-model_v4_TED01
AF-F9MMM9-F1-model_v4	AF-F9MMM9-F1-model_v4_esm_TED02	esm	medium	117	1	47.8326	0.9583	AF-F9MMM9-F1-model_v4_TED02
AF-F9MMM9-F1-model_v4	AF-F9MMM9-F1-model_v4_esm_TED03	esm	medium	29	1	70.1766	0.0000	
AF-A0A0B4X7G0-F1-model_v4	AF-A0A0B4X7G0-F1-model_v4_TED01	afdb	high	217	3	96.5355	1.0000	AF-A0A0B4X7G0-F1-model_v4_TED01
AF-A0A0B4X7G0-F1-model_v4	AF-A0A0B4X7G0-F1-model_v4_esm_TED01	esm	high	223	3	94.7718	0.9731	AF-A0A0B4X7G0-F1-model_v4_TED01
AF-A0A2R8CCR1-F1-model_v4	AF-A0A2R8CCR1-F1-model_v4_TED01	afdb	medium	137	1	92.5054	1.0000	AF-A0A2R8CCR1-F1-model_v4_TED01
AF-A0A2R8CCR1-F1-model_v4	AF-A0A2R8CCR1-F1-model_v4_TED02	afdb	medium	111	1	96.669	1.0000	AF-A0A2R8CCR1-F1-model_v4_TED02
AF-A0A2R8CCR1-F1-model_v4	AF-A0A2R8CCR1-F1-model_v4_esm_TED01	esm	medium	137	1	93.6766	1.0000	AF-A0A2R8CCR1-F1-model_v4_TED01
AF-A0A2R8CCR1-F1-model_v4	AF-A0A2R8CCR1-F1-model_v4_esm_TED02	esm	medium	111	1	89.8625	1.0000	AF-A0A2R8CCR1-F1-model_v4_TED02
AF-A0A7W0V374-F1-model_v4	AF-A0A7W0V374-F1-model_v4_TED01	afdb	medium	221	2	93.1215	1.0000	AF-A0A7W0V374-F1-model_v4_TED01
AF-A0A7W0V374-F1-model_v4	AF-A0A7W0V374-F1-model_v4_TED02	afdb	high	71	1	86.4508	1.0000	AF-A0A7W0V374-F1-model_v4_TED02
AF-A0A7W0V374-F1-model_v4	AF-A0A7W0V374-F1-model_v4_esm_TED01	esm	medium	68	1	85.9626	0.0000	
AF-A0A7W0V374-F1-model_v4	AF-A0A7W0V374-F1-model_v4_esm_TED02	esm	medium	216	2	92.2423	0.9774	AF-A0A7W0V374-F1-model_v4_TED01
AF-A0A7W0V374-F1-model_v4	AF-A0A7W0V374-F1-model_v4_esm_TED03	esm	medium	93	1	94.7239	0.7634	AF-A0A7W0V374-F1-model_v4_TED02
AF-A0A2N3VHT6-F1-model_v4	AF-A0A2N3VHT6-F1-model_v4_TED01	afdb	medium	27	1	55.5374	1.0000	AF-A0A2N3VHT6-F1-model_v4_TED01
AF-A0A2N3VHT6-F1-model_v4	AF-A0A2N3VHT6-F1-model_v4_esm_TED01	esm	medium	39	1	42.4015	0.6923	AF-A0A2N3VHT6-F1-model_v4_TED01
AF-A0A6J8EL41-F1-model_v4	AF-A0A6J8EL41-F1-model_v4_TED01	afdb	medium	38	1	47.2474	1.0000	AF-A0A6J8EL41-F1-model_v4_TED01
AF-A0A6J8EL41-F1-model_v4	AF-A0A6J8EL41-F1-model_v4_TED02	afdb	medium	54	1	86.8739	1.0000	AF-A0A6J8EL41-F1-model_v4_TED02
AF-A0A6J8EL41-F1-model_v4	AF-A0A6J8EL41-F1-model_v4_TED03	afdb	medium	106	1	82.794	1.0000	AF-A0A6J8EL41-F1-model_v4_TED03
AF-A0A6J8EL41-F1-model_v4	AF-A0A6J8EL41-F1-model_v4_esm_TED01	esm	medium	106	3	78.8919	0.5094	AF-A0A6J8EL41-F1-model_v4_TED02
AF-A0A6J8EL41-F1-model_v4	AF-A0A6J8EL41-F1-model_v4_esm_TED02	esm	medium	107	1	95.4117	0.9907	AF-A0A6J8EL41-F1-model_v4_TED03
AF-A0A4S5BL98-F1-model_v4	AF-A0A4S5BL98-F1-model_v4_TED01	afdb	high	121	1	85.0564	1.0000	AF-A0A4S5BL98-F1-model_v4_TED01
AF-A0A4S5BL98-F1-model_v4	AF-A0A4S5BL98-F1-model_v4_esm_TED01	esm	high	134	1	86.2313	0.9030	AF-A0A4S5BL98-F1-model_v4_TED01
AF-A0A438DER0-F1-model_v4	AF-A0A438DER0-F1-model_v4_TED01	afdb	medium	25	1	73.5552	0.4762	AF-A0A438DER0-F1-model_v4_TED01
AF-A0A438DER0-F1-model_v4	AF-A0A438DER0-F1-model_v4_esm_TED01	esm	medium	69	1	57.6845	0.5362	AF-A0A438DER0-F1-model_v4_TED01
AF-A0A377G5R4-F1-model_v4	AF-A0A377G5R4-F1-model_v4_TED01	afdb	medium	54	1	51.9398	0.0000	
AF-A0A377G5R4-F1-model_v4	AF-A0A377G5R4-F1-model_v4_TED02	afdb	medium	157	1	72.8882	1.0000	AF-A0A377G5R4-F1-model_v4_TED01
AF-A0A377G5R4-F1-model_v4	AF-A0A377G5R4-F1-model_v4_esm_TED01	esm	medium	160	2	82.1642	0.6425	AF-A0A377G5R4-F1-model_v4_TED01
AF-A0A101U7M6-F1-model_v4	AF-A0A101U7M6-F1-model_v4_TED01	afdb	medium	186	1	97.9135	1.0000	AF-A0A101U7M6-F1-model_v4_TED01
AF-A0A101U7M6-F1-model_v4	AF-A0A101U7M6-F1-model_v4_esm_TED01	esm	medium	195	1	95.852	0.9538	AF-A0A101U7M6-F1-model_v4_TED01
AF-A0A285D8C1-F1-model_v4	AF-A0A285D8C1-F1-model_v4_TED01	afdb	medium	51	1	88.7147	1.0000	AF-A0A285D8C1-F1-model_v4_TED01
AF-A0A285D8C1-F1-model_v4	AF-A0A285D8C1-F1-model_v4_TED02	afdb	medium	229	1	91.3536	1.0000	AF-A0A285D8C1-F1-model_v4_TED02
AF-A0A285D8C1-F1-model_v4	AF-A0A285D8C1-F1-model_v4_esm_TED01	esm	medium	51	1	95.9431	1.0000	AF-A0A285D8C1-F1-model_v4_TED01
AF-A0A285D8C1-F1-model_v4	AF-A0A285D8C1-F1-model_v4_esm_TED02	esm	medium	215	2	96.5868	0.9389	AF-A0A285D8C1-F1-model_v4_TED02
AF-A0A1H7LSS8-F1-model_v4	AF-A0A1H7LSS8-F1-model_v4_TED01	afdb	high	107	1	92.3594	1.0000	AF-A0A1H7LSS8-F1-model_v4_TED01
AF-A0A1H7LSS8-F1-model_v4	AF-A0A1H7LSS8-F1-model_v4_TED02	afdb	high	125	1	94.0261	1.0000	AF-A0A1H7LSS8-F1-model_v4_TED02
AF-A0A1H7LSS8-F1-model_v4	AF-A0A1H7LSS8-F1-model_v4_esm_TED01	esm	high	107	1	97.2458	1.0000	AF-A0A1H7LSS8-F1-model_v4_TED01
AF-A0A1H7LSS8-F1-model_v4	AF-A0A1H7LSS8-F1-model_v4_esm_TED02	esm	high	126	1	97.5056	0.9921	AF-A0A1H7LSS8-F1-model_v4_TED02
AF-A0A661PJA9-F1-model_v4	AF-A0A661PJA9-F1-model_v4_TED01	afdb	medium	174	3	92.4998	1.0000	AF-A0A661PJA9-F1-model_v4_TED02
AF-A0A661PJA9-F1-model_v4	AF-A0A661PJA9-F1-model_v4_TED02	afdb	high	102	1	96.1125	1.0000	AF-A0A661PJA9-F1-model_v4_TED03
AF-A0A661PJA9-F1-model_v4	AF-A0A661PJA9-F1-model_v4_esm_TED01	esm	medium	164	3	93.2063	0.8883	AF-A0A661PJA9-F1-model_v4_TED02
AF-A0A661PJA9-F1-model_v4	AF-A0A661PJA9-F1-model_v4_esm_TED02	esm	high	107	1	90.5848	0.9533	AF-A0A661PJA9-F1-model_v4_TED03
AF-A0A7X3I907-F1-model_v4	AF-A0A7X3I907-F1-model_v4_TED01	afdb	medium	61	1	88.5407	1.0000	AF-A0A7X3I907-F1-model_v4_TED01
AF-A0A7X3I907-F1-model_v4	AF-A0A7X3I907-F1-model_v4_TED02	afdb	high	60	1	90.4082	1.0000	AF-A0A7X3I907-F1-model_v4_TED02
AF-A0A7X3I907-F1-model_v4	AF-A0A7X3I907-F1-model_v4_esm_TED01	esm	medium	49	1	90.5335	0.7188	AF-A0A7X3I907-F1-model_v4_TED01
AF-A0A7X3I907-F1-model_v4	AF-A0A7X3I907-F1-model_v4_esm_TED02	esm	high	60	1	95.5407	1.0000	AF-A0A7X3I907-F1-model_v4_TED02
AF-A0A5E6UXB5-F1-model_v4	AF-A0A5E6UXB5-F1-model_v4_TED01	afdb	medium	70	1	91.5024	1.0000	AF-A0A5E6UXB5-F1-model_v4_TED01
AF-A0A5E6UXB5-F1-model_v4	AF-A0A5E6UXB5-F1-model_v4_TED02	afdb	high	178	2	89.2498	1.0000	AF-A0A5E6UXB5-F1-model_v4_TED02
AF-A0A5E6UXB5-F1-model_v4	AF-A0A5E6UXB5-F1-model_v4_esm_TED01	esm	high	167	2	95.3204	0.9274	AF-A0A5E6UXB5-F1-model_v4_TED02
AF-A0A1A6B1M4-F1-model_v4	AF-A0A1A6B1M4-F1-model_v4_TED01	afdb	high	286	1	95.7445	1.0000	AF-A0A1A6B1M4-F1-model_v4_TED01
AF-A0A1A6B1M4-F1-model_v4	AF-A0A1A6B1M4-F1-model_v4_esm_TED01	esm	high	286	1	97.3858	1.0000	AF-A0A1A6B1M4-F1-model_v4_TED01
AF-A0A6S5TRY1-F1-model_v4	AF-A0A6S5TRY1-F1-model_v4_TED01	afdb	high	67	1	80.9307	1.0000	AF-A0A6S5TRY1-F1-model_v4_TED01
AF-A0A6S5TRY1-F1-model_v4	AF-A0A6S5TRY1-F1-model_v4_esm_TED01	esm	medium	53	1	38.9138	0.7647	AF-A0A6S5TRY1-F1-model_v4_TED01
AF-A0A7S7MW09-F1-model_v4	AF-A0A7S7MW09-F1-model_v4_TED01	afdb	medium	47	1	89.5662	1.0000	AF-A0A7S7MW09-F1-model_v4_TED01
AF-A0A7S7MW09-F1-model_v4	AF-A0A7S7MW09-F1-model_v4_TED02	afdb	medium	129	1	89.0381	1.0000	AF-A0A7S7MW09-F1-model_v4_TED02
AF-A0A7S7MW09-F1-model_v4	AF-A0A7S7MW09-F1-model_v4_TED03	afdb	medium	164	1	87.5764	1.0000	AF-A0A7S7MW09-F1-model_v4_TED03
AF-A0A7S7MW09-F1-model_v4	AF-A0A7S7MW09-F1-model_v4_TED04	afdb	medium	127	1	85.9224	1.0000	AF-A0A7S7MW09-F1-model_v4_TED04
AF-A0A7S7MW09-F1-model_v4	AF-A0A7S7MW09-F1-model_v4_esm_TED01	esm	medium	53	1	65.8708	0.8182	AF-A0A7S7MW09-F1-model_v4_TED01
AF-A0A7S7MW09-F1-model_v4	AF-A0A7S7MW09-F1-model_v4_esm_TED02	esm	medium	86	3	54.937	0.6538	AF-A0A7S7MW09-F1-model_v4_TED02
AF-A0A7S7MW09-F1-model_v4	AF-A0A7S7MW09-F1-model_v4_esm_TED03	esm	medium	220	1	67.1874	0.7376	AF-A0A7S7MW09-F1-model_v4_TED03
AF-A0A7S7MW09-F1-model_v4	AF-A0A7S7MW09-F1-model_v4_esm_TED04	esm	high	141	1	91.1835	0.9007	AF-A0A7S7MW09-F1-model_v4_TED04
AF-A0A2I4GSM0-F1-model_v4	AF-A0A2I4GSM0-F1-model_v4_TED01	afdb	high	85	1	71.3509	1.0000	AF-A0A2I4GSM0-F1-model_v4_TED01
AF-A0A2I4GSM0-F1-model_v4	AF-A0A2I4GSM0-F1-model_v4_TED02	afdb	high	47	1	81.3217	1.0000	AF-A0A2I4GSM0-F1-model_v4_TED02
AF-A0A2I4GSM0-F1-model_v4	AF-A0A2I4GSM0-F1-model_v4_esm_TED01	esm	medium	30	1	79.2867	0.0000	
AF-A0A2I4GSM0-F1-model_v4	AF-A0A2I4GSM0-F1-model_v4_esm_TED02	esm	high	68	1	71.5779	0.7000	AF-A0A2I4GSM0-F1-model_v4_TED01
AF-A0A2I4GSM0-F1-model_v4	AF-A0A2I4GSM0-F1-model_v4_esm_TED03	esm	high	46	1	79.2133	0.9787	AF-A0A2I4GSM0-F1-model_v4_TED02
AF-A0A231HF66-F1-model_v4	AF-A0A231HF66-F1-model_v4_TED01	afdb	medium	137	1	81.635	1.0000	AF-A0A231HF66-F1-model_v4_TED01
AF-A0A231HF66-F1-model_v4	AF-A0A231HF66-F1-model_v4_TED02	afdb	medium	62	1	80.164	1.0000	AF-A0A231HF66-F1-model_v4_TED02
AF-A0A231HF66-F1-model_v4	AF-A0A231HF66-F1-model_v4_TED03	afdb	medium	81	1	75.8379	1.0000	AF-A0A231HF66-F1-model_v4_TED03
AF-A0A231HF66-F1-model_v4	AF-A0A231HF66-F1-model_v4_esm_TED01	esm	medium	138	1	85.288	0.9928	AF-A0A231HF66-F1-model_v4_TED01
AF-A0A0C2TFK7-F1-model_v4	AF-A0A0C2TFK7-F1-model_v4_TED01	afdb	high	151	2	90.8939	1.0000	AF-A0A0C2TFK7-F1-model_v4_TED01
AF-A0A0C2TFK7-F1-model_v4	AF-A0A0C2TFK7-F1-model_v4_esm_TED01	esm	high	154	1	90.7823	0.9304	AF-A0A0C2TFK7-F1-model_v4_TED01
AF-A0A3G8Y7E5-F1-model_v4	AF-A0A3G8Y7E5-F1-model_v4_TED01	afdb	high	113	1	72.3378	1.0000	AF-A0A3G8Y7E5-F1-model_v4_TED01
AF-A0A3G8Y7E5-F1-model_v4	AF-A0A3G8Y7E5-F1-model_v4_esm_TED01	esm	high	113	1	85.0684	1.0000	AF-A0A3G8Y7E5-F1-model_v4_TED01
AF-A0A1H3IBP7-F1-model_v4	AF-A0A1H3IBP7-F1-model_v4_TED01	afdb	medium	319	2	96.5803	1.0000	AF-A0A1H3IBP7-F1-model_v4_TED01
AF-A0A1H3IBP7-F1-model_v4	AF-A0A1H3IBP7-F1-model_v4_TED02	afdb	medium	49	1	70.0263	1.0000	AF-A0A1H3IBP7-F1-model_v4_TED02
AF-A0A1H3IBP7-F1-model_v4	AF-A0A1H3IBP7-F1-model_v4_esm_TED01	esm	medium	70	2	69.068	0.0078	
AF-A0A1H3IBP7-F1-model_v4	AF-A0A1H3IBP7-F1-model_v4_esm_TED02	esm	high	302	1	90.998	0.9108	AF-A0A1H3IBP7-F1-model_v4_TED01
AF-A0A1H3IBP7-F1-model_v4	AF-A0A1H3IBP7-F1-model_v4_esm_TED03	esm	medium	55	1	59.2758	0.8246	AF-A0A1H3IBP7-F1-model_v4_TED02
AF-A0A0B7ITT4-F1-model_v4	AF-A0A0B7ITT4-F1-model_v4_TED01	afdb	high	94	1	85.993	1.0000	AF-A0A0B7ITT4-F1-model_v4_TED01
AF-A0A0B7ITT4-F1-model_v4	AF-A0A0B7ITT4-F1-model_v4_TED02	afdb	high	156	1	91.8267	1.0000	AF-A0A0B7ITT4-F1-model_v4_TED02
AF-A0A0B7ITT4-F1-model_v4	AF-A0A0B7ITT4-F1-model_v4_TED03	afdb	medium	48	1	90.6985	1.0000	AF-A0A0B7ITT4-F1-model_v4_TED03
AF-A0A0B7ITT4-F1-model_v4	AF-A0A0B7ITT4-F1-model_v4_TED04	afdb	high	41	1	73.8895	1.0000	AF-A0A0B7ITT4-F1-model_v4_TED04
AF-A0A0B7ITT4-F1-model_v4	AF-A0A0B7ITT4-F1-model_v4_esm_TED01	esm	high	94	1	95.4883	1.0000	AF-A0A0B7ITT4-F1-model_v4_TED01
AF-A0A0B7ITT4-F1-model_v4	AF-A0A0B7ITT4-F1-model_v4_esm_TED02	esm	high	156	1	97.25	1.0000	AF-A0A0B7ITT4-F1-model_v4_TED02
AF-A0A0B7ITT4-F1-model_v4	AF-A0A0B7ITT4-F1-model_v4_esm_TED03	esm	medium	31	1	96.961	0.6458	AF-A0A0B7ITT4-F1-model_v4_TED03
AF-A0A0B7ITT4-F1-model_v4	AF-A0A0B7ITT4-F1-model_v4_esm_TED04	esm	high	44	1	94.9802	0.9318	AF-A0A0B7ITT4-F1-model_v4_TED04
AF-I3RET4-F1-model_v4	AF-I3RET4-F1-model_v4_TED01	afdb	medium	176	1	96.6103	1.0000	AF-I3RET4-F1-model_v4_TED01
AF-I3RET4-F1-model_v4	AF-I3RET4-F1-model_v4_TED02	afdb	medium	100	1	98.595	1.0000	AF-I3RET4-F1-model_v4_TED02
AF-I3RET4-F1-model_v4	AF-I3RET4-F1-model_v4_TED03	afdb	medium	141	1	96.699	1.0000	AF-I3RET4-F1-model_v4_TED03
AF-I3RET4-F1-model_v4	AF-I3RET4-F1-model_v4_TED04	afdb	high	77	1	98.1688	1.0000	AF-I3RET4-F1-model_v4_TED04
AF-I3RET4-F1-model_v4	AF-I3RET4-F1-model_v4_esm_TED01	esm	medium	176	1	93.1062	1.0000	AF-I3RET4-F1-model_v4_TED01
AF-I3RET4-F1-model_v4	AF-I3RET4-F1-model_v4_esm_TED02	esm	medium	110	1	91.5072	0.9091	AF-I3RET4-F1-model_v4_TED02
AF-I3RET4-F1-model_v4	AF-I3RET4-F1-model_v4_esm_TED03	esm	high	77	1	92.7316	1.0000	AF-I3RET4-F1-model_v4_TED04
AF-A0A5K8A3F5-F1-model_v4	AF-A0A5K8A3F5-F1-model_v4_TED01	afdb	high	82	1	90.8029	1.0000	AF-A0A5K8A3F5-F1-model_v4_TED01
AF-A0A5K8A3F5-F1-model_v4	AF-A0A5K8A3F5-F1-model_v4_esm_TED01	esm	high	78	1	83.1477	0.9512	AF-A0A5K8A3F5-F1-model_v4_TED01
AF-A0A3Q0T0M1-F1-model_v4	AF-A0A3Q0T0M1-F1-model_v4_TED01	afdb	high	77	1	84.3794	1.0000	AF-A0A3Q0T0M1-F1-model_v4_TED01
AF-A0A3Q0T0M1-F1-model_v4	AF-A0A3Q0T0M1-F1-model_v4_TED02	afdb	medium	97	1	68.546	1.0000	AF-A0A3Q0T0M1-F1-model_v4_TED02
AF-A0A3Q0T0M1-F1-model_v4	AF-A0A3Q0T0M1-F1-model_v4_TED03	afdb	medium	110	1	86.4705	1.0000	AF-A0A3Q0T0M1-F1-model_v4_TED03
AF-A0A3Q0T0M1-F1-model_v4	AF-A0A3Q0T0M1-F1-model_v4_esm_TED01	esm	high	92	1	67.6455	0.8370	AF-A0A3Q0T0M1-F1-model_v4_TED01
AF-A0A3Q0T0M1-F1-model_v4	AF-A0A3Q0T0M1-F1-model_v4_esm_TED02	esm	high	100	1	87.826	0.9700	AF-A0A3Q0T0M1-F1-model_v4_TED02
AF-A0A3Q0T0M1-F1-model_v4	AF-A0A3Q0T0M1-F1-model_v4_esm_TED03	esm	high	87	1	90.0015	0.7909	AF-A0A3Q0T0M1-F1-model_v4_TED03
AF-A0A5E3WTB9-F1-model_v4	AF-A0A5E3WTB9-F1-model_v4_TED01	afdb	medium	248	1	97.6948	1.0000	AF-A0A5E3WTB9-F1-model_v4_TED01
AF-A0A5E3WTB9-F1-model_v4	AF-A0A5E3WTB9-F1-model_v4_TED02	afdb	medium	234	1	97.4528	1.0000	AF-A0A5E3WTB9-F1-model_v4_TED02
AF-A0A5E3WTB9-F1-model_v4	AF-A0A5E3WTB9-F1-model_v4_TED03	afdb	high	143	1	93.3743	1.0000	AF-A0A5E3WTB9-F1-model_v4_TED03
AF-A0A5E3WTB9-F1-model_v4	AF-A0A5E3WTB9-F1-model_v4_esm_TED01	esm	medium	289	1	90.1926	0.8581	AF-A0A5E3WTB9-F1-model_v4_TED01
AF-A0A5E3WTB9-F1-model_v4	AF-A0A5E3WTB9-F1-model_v4_esm_TED02	esm	medium	200	1	86.9603	0.8312	AF-A0A5E3WTB9-F1-model_v4_TED02
AF-A0A5E3WTB9-F1-model_v4	AF-A0A5E3WTB9-F1-model_v4_esm_TED03	esm	high	143	1	86.1417	1.0000	AF-A0A5E3WTB9-F1-model_v4_TED03
AF-A0A3P6CGS6-F1-model_v4	AF-A0A3P6CGS6-F1-model_v4_TED01	afdb	high	36	1	57.6586	1.0000	AF-A0A3P6CGS6-F1-model_v4_TED01
AF-A0A3P6CGS6-F1-model_v4	AF-A0A3P6CGS6-F1-model_v4_esm_TED01	esm	high	35	1	51.8123	0.9722	AF-A0A3P6CGS6-F1-model_v4_TED01
AF-B0EEK8-F1-model_v4	AF-B0EEK8-F1-model_v4_TED01	afdb	high	138	1	68.7043	1.0000	AF-B0EEK8-F1-model_v4_TED01
AF-B0EEK8-F1-model_v4	AF-B0EEK8-F1-model_v4_TED02	afdb	high	64	1	74.2291	1.0000	AF-B0EEK8-F1-model_v4_TED02
AF-B0EEK8-F1-model_v4	AF-B0EEK8-F1-model_v4_esm_TED01	esm	high	139	1	52.1714	0.9928	AF-B0EEK8-F1-model_v4_TED01
AF-B0EEK8-F1-model_v4	AF-B0EEK8-F1-model_v4_esm_TED02	esm	high	65	1	82.9322	0.9846	AF-B0EEK8-F1-model_v4_TED02
AF-A0A4Q7Q5I5-F1-model_v4	AF-A0A4Q7Q5I5-F1-model_v4_TED01	afdb	medium	166	1	94.1295	1.0000	AF-A0A4Q7Q5I5-F1-model_v4_TED01
AF-A0A4Q7Q5I5-F1-model_v4	AF-A0A4Q7Q5I5-F1-model_v4_TED02	afdb	medium	186	1	91.1497	1.0000	AF-A0A4Q7Q5I5-F1-model_v4_TED02
AF-A0A4Q7Q5I5-F1-model_v4	AF-A0A4Q7Q5I5-F1-model_v4_esm_TED01	esm	medium	168	1	93.9448	0.9881	AF-A0A4Q7Q5I5-F1-model_v4_TED01
AF-A0A4Q7Q5I5-F1-model_v4	AF-A0A4Q7Q5I5-F1-model_v4_esm_TED02	esm	medium	184	1	92.5777	0.9892	AF-A0A4Q7Q5I5-F1-model_v4_TED02
AF-A0A838MLQ6-F1-model_v4	AF-A0A838MLQ6-F1-model_v4_TED01	afdb	high	202	2	94.9331	1.0000	AF-A0A838MLQ6-F1-model_v4_TED01
AF-A0A838MLQ6-F1-model_v4	AF-A0A838MLQ6-F1-model_v4_esm_TED01	esm	high	228	1	86.3883	0.8298	AF-A0A838MLQ6-F1-model_v4_TED01
AF-A0A845XWC5-F1-model_v4	AF-A0A845XWC5-F1-model_v4_TED01	afdb	high	133	1	93.4944	1.0000	AF-A0A845XWC5-F1-model_v4_TED01
AF-A0A845XWC5-F1-model_v4	AF-A0A845XWC5-F1-model_v4_esm_TED01	esm	high	133	1	91.5338	1.0000	AF-A0A845XWC5-F1-model_v4_TED01
AF-A0A3C0ELU5-F1-model_v4	AF-A0A3C0ELU5-F1-model_v4_TED01	afdb	high	183	1	68.9242	1.0000	AF-A0A3C0ELU5-F1-model_v4_TED01
AF-A0A3C0ELU5-F1-model_v4	AF-A0A3C0ELU5-F1-model_v4_esm_TED01	esm	high	214	1	71.6915	0.8551	AF-A0A3C0ELU5-F1-model_v4_TED01
AF-A0A6P1INF3-F1-model_v4	AF-A0A6P1INF3-F1-model_v4_TED01	afdb	high	223	1	92.3135	1.0000	AF-A0A6P1INF3-F1-model_v4_TED01
AF-A0A6P1INF3-F1-model_v4	AF-A0A6P1INF3-F1-model_v4_esm_TED01	esm	high	226	1	98.4102	0.9867	AF-A0A6P1INF3-F1-model_v4_TED01
AF-A0A373NF74-F1-model_v4	AF-A0A373NF74-F1-model_v4_TED01	afdb	medium	156	4	48.9403	1.0000	AF-A0A373NF74-F1-model_v4_TED01
AF-A0A373NF74-F1-model_v4	AF-A0A373NF74-F1-model_v4_esm_TED01	esm	medium	67	1	91.4084	0.3195	
AF-A0A373NF74-F1-model_v4	AF-A0A373NF74-F1-model_v4_esm_TED02	esm	medium	105	2	82.8744	0.6312	AF-A0A373NF74-F1-model_v4_TED01
AF-U4T515-F1-model_v4	AF-U4T515-F1-model_v4_TED01	afdb	medium	148	1	90.8109	1.0000	AF-U4T515-F1-model_v4_TED01
AF-U4T515-F1-model_v4	AF-U4T515-F1-model_v4_esm_TED01	esm	medium	174	1	86.2193	0.8506	AF-U4T515-F1-model_v4_TED01
AF-A0A7S2A4C9-F1-model_v4	AF-A0A7S2A4C9-F1-model_v4_TED01	afdb	high	208	3	93.0015	1.0000	AF-A0A7S2A4C9-F1-model_v4_TED01
AF-A0A7S2A4C9-F1-model_v4	AF-A0A7S2A4C9-F1-model_v4_esm_TED01	esm	high	214	3	88.508	0.9628	AF-A0A7S2A4C9-F1-model_v4_TED01
AF-A0A7S2A4C9-F1-model_v4	AF-A0A7S2A4C9-F1-model_v4_esm_TED02	esm	medium	87	1	85.3417	0.0000	
AF-A0A191WD99-F1-model_v4	AF-A0A191WD99-F1-model_v4_TED01	afdb	high	137	2	96.8862	1.0000	AF-A0A191WD99-F1-model_v4_TED01
AF-A0A191WD99-F1-model_v4	AF-A0A191WD99-F1-model_v4_TED02	afdb	high	145	2	98.2988	1.0000	AF-A0A191WD99-F1-model_v4_TED02
AF-A0A191WD99-F1-model_v4	AF-A0A191WD99-F1-model_v4_esm_TED01	esm	high	137	2	94.9472	1.0000	AF-A0A191WD99-F1-model_v4_TED01
AF-A0A191WD99-F1-model_v4	AF-A0A191WD99-F1-model_v4_esm_TED02	esm	high	146	2	85.0101	0.9796	AF-A0A191WD99-F1-model_v4_TED02
AF-A0A7L2SHJ6-F1-model_v4	AF-A0A7L2SHJ6-F1-model_v4_TED01	afdb	high	189	1	84.5558	1.0000	AF-A0A7L2SHJ6-F1-model_v4_TED01
AF-A0A7L2SHJ6-F1-model_v4	AF-A0A7L2SHJ6-F1-model_v4_TED02	afdb	high	82	1	88.2594	1.0000	AF-A0A7L2SHJ6-F1-model_v4_TED02
AF-A0A7L2SHJ6-F1-model_v4	AF-A0A7L2SHJ6-F1-model_v4_esm_TED01	esm	high	186	1	78.6569	0.9841	AF-A0A7L2SHJ6-F1-model_v4_TED01
AF-A0A7L2SHJ6-F1-model_v4	AF-A0A7L2SHJ6-F1-model_v4_esm_TED02	esm	high	84	1	80.1543	0.9762	AF-A0A7L2SHJ6-F1-model_v4_TED02
AF-F0W251-F1-model_v4	AF-F0W251-F1-model_v4_TED01	afdb	medium	195	1	94.2699	1.0000	AF-F0W251-F1-model_v4_TED01
AF-F0W251-F1-model_v4	AF-F0W251-F1-model_v4_TED02	afdb	medium	44	1	93.2343	1.0000	AF-F0W251-F1-model_v4_TED02
AF-F0W251-F1-model_v4	AF-F0W251-F1-model_v4_esm_TED01	esm	medium	195	1	92.8619	1.0000	AF-F0W251-F1-model_v4_TED01
AF-F0W251-F1-model_v4	AF-F0W251-F1-model_v4_esm_TED02	esm	medium	40	1	91.878	0.9091	AF-F0W251-F1-model_v4_TED02
AF-A0A839HAA7-F1-model_v4	AF-A0A839HAA7-F1-model_v4_TED01	afdb	medium	229	1	92.2116	1.0000	AF-A0A839HAA7-F1-model_v4_TED01
AF-A0A839HAA7-F1-model_v4	AF-A0A839HAA7-F1-model_v4_TED02	afdb	medium	183	1	89.4582	1.0000	AF-A0A839HAA7-F1-model_v4_TED02
AF-A0A839HAA7-F1-model_v4	AF-A0A839HAA7-F1-model_v4_esm_TED01	esm	medium	231	1	94.2523	0.9913	AF-A0A839HAA7-F1-model_v4_TED01
AF-A0A839HAA7-F1-model_v4	AF-A0A839HAA7-F1-model_v4_esm_TED02	esm	medium	182	1	95.4258	0.9945	AF-A0A839HAA7-F1-model_v4_TED02
AF-A0A6B8RIY2-F1-model_v4	AF-A0A6B8RIY2-F1-model_v4_TED01	afdb	high	143	1	87.1429	1.0000	AF-A0A6B8RIY2-F1-model_v4_TED01
AF-A0A6B8RIY2-F1-model_v4	AF-A0A6B8RIY2-F1-model_v4_TED02	afdb	high	143	1	85.5637	1.0000	AF-A0A6B8RIY2-F1-model_v4_TED02
AF-A0A6B8RIY2-F1-model_v4	AF-A0A6B8RIY2-F1-model_v4_esm_TED01	esm	high	143	1	90.2878	1.0000	AF-A0A6B8RIY2-F1-model_v4_TED01
AF-A0A6B8RIY2-F1-model_v4	AF-A0A6B8RIY2-F1-model_v4_esm_TED02	esm	medium	40	1	78.6557	0.2621	
AF-A0A6B8RIY2-F1-model_v4	AF-A0A6B8RIY2-F1-model_v4_esm_TED03	esm	high	100	1	94.3743	0.6993	AF-A0A6B8RIY2-F1-model_v4_TED02
AF-A0A076HIQ1-F1-model_v4	AF-A0A076HIQ1-F1-model_v4_TED01	afdb	medium	90	1	96.8993	1.0000	AF-A0A076HIQ1-F1-model_v4_TED01
AF-A0A076HIQ1-F1-model_v4	AF-A0A076HIQ1-F1-model_v4_TED02	afdb	high	55	1	86.5316	1.0000	AF-A0A076HIQ1-F1-model_v4_TED02
AF-A0A076HIQ1-F1-model_v4	AF-A0A076HIQ1-F1-model_v4_TED03	afdb	medium	129	1	96.6289	1.0000	AF-A0A076HIQ1-F1-model_v4_TED03
AF-A0A076HIQ1-F1-model_v4	AF-A0A076HIQ1-F1-model_v4_TED04	afdb	medium	80	1	96.4111	1.0000	AF-A0A076HIQ1-F1-model_v4_TED04
AF-A0A076HIQ1-F1-model_v4	AF-A0A076HIQ1-F1-model_v4_esm_TED01	esm	medium	90	1	97.3172	1.0000	AF-A0A076HIQ1-F1-model_v4_TED01
AF-A0A076HIQ1-F1-model_v4	AF-A0A076HIQ1-F1-model_v4_esm_TED02	esm	high	67	1	97.8472	0.8209	AF-A0A076HIQ1-F1-model_v4_TED02
AF-A0A076HIQ1-F1-model_v4	AF-A0A076HIQ1-F1-model_v4_esm_TED03	esm	medium	129	1	98.0709	1.0000	AF-A0A076HIQ1-F1-model_v4_TED03
AF-A0A076HIQ1-F1-model_v4	AF-A0A076HIQ1-F1-model_v4_esm_TED04	esm	medium	95	1	96.5626	0.8421	AF-A0A076HIQ1-F1-model_v4_TED04
AF-A0A4Q2UEY7-F1-model_v4	AF-A0A4Q2UEY7-F1-model_v4_TED01	afdb	high	80	1	87.634	1.0000	AF-A0A4Q2UEY7-F1-model_v4_TED01
AF-A0A4Q2UEY7-F1-model_v4	AF-A0A4Q2UEY7-F1-model_v4_TED02	afdb	high	83	1	81.2866	1.0000	AF-A0A4Q2UEY7-F1-model_v4_TED02
AF-A0A4Q2UEY7-F1-model_v4	AF-A0A4Q2UEY7-F1-model_v4_esm_TED01	esm	high	80	1	89.8901	1.0000	AF-A0A4Q2UEY7-F1-model_v4_TED01
AF-A0A4Q2UEY7-F1-model_v4	AF-A0A4Q2UEY7-F1-model_v4_esm_TED02	esm	high	81	1	90.2727	0.9759	AF-A0A4Q2UEY7-F1-model_v4_TED02
AF-A0A1F5HXL0-F1-model_v4	AF-A0A1F5HXL0-F1-model_v4_TED01	afdb	medium	133	1	64.8764	1.0000	AF-A0A1F5HXL0-F1-model_v4_TED01
AF-A0A1F5HXL0-F1-model_v4	AF-A0A1F5HXL0-F1-model_v4_esm_TED01	esm	high	135	1	47.5808	0.9562	AF-A0A1F5HXL0-F1-model_v4_TED01
AF-A0A117LP11-F1-model_v4	AF-A0A117LP11-F1-model_v4_TED01	afdb	high	165	1	88.251	1.0000	AF-A0A117LP11-F1-model_v4_TED01
AF-A0A117LP11-F1-model_v4	AF-A0A117LP11-F1-model_v4_esm_TED01	esm	high	170	1	91.1845	0.9706	AF-A0A117LP11-F1-model_v4_TED01
AF-A0A4Y9EU38-F1-model_v4	AF-A0A4Y9EU38-F1-model_v4_TED01	afdb	medium	133	1	91.7674	1.0000	AF-A0A4Y9EU38-F1-model_v4_TED01
AF-A0A4Y9EU38-F1-model_v4	AF-A0A4Y9EU38-F1-model_v4_TED02	afdb	medium	330	1	96.4408	1.0000	AF-A0A4Y9EU38-F1-model_v4_TED02
AF-A0A4Y9EU38-F1-model_v4	AF-A0A4Y9EU38-F1-model_v4_esm_TED01	esm	medium	326	1	95.6168	0.9879	AF-A0A4Y9EU38-F1-model_v4_TED02
AF-A0A0R1L8D2-F1-model_v4	AF-A0A0R1L8D2-F1-model_v4_TED01	afdb	high	100	1	92.9583	0.9804	AF-A0A0R1L8D2-F1-model_v4_TED01
AF-A0A0R1L8D2-F1-model_v4	AF-A0A0R1L8D2-F1-model_v4_TED02	afdb	high	94	1	90.4717	1.0000	AF-A0A0R1L8D2-F1-model_v4_TED02
AF-A0A0R1L8D2-F1-model_v4	AF-A0A0R1L8D2-F1-model_v4_TED03	afdb	medium	89	1	86.9996	1.0000	AF-A0A0R1L8D2-F1-model_v4_TED03
AF-A0A0R1L8D2-F1-model_v4	AF-A0A0R1L8D2-F1-model_v4_TED04	afdb	medium	89	1	89.8365	1.0000	AF-A0A0R1L8D2-F1-model_v4_TED04
AF-A0A0R1L8D2-F1-model_v4	AF-A0A0R1L8D2-F1-model_v4_TED05	afdb	high	93	1	79.7378	1.0000	AF-A0A0R1L8D2-F1-model_v4_TED05
AF-A0A0R1L8D2-F1-model_v4	AF-A0A0R1L8D2-F1-model_v4_TED06	afdb	high	163	1	78.6574	1.0000	AF-A0A0R1L8D2-F1-model_v4_TED06
AF-A0A0R1L8D2-F1-model_v4	AF-A0A0R1L8D2-F1-model_v4_esm_TED01	esm	high	99	1	92.1786	0.9706	AF-A0A0R1L8D2-F1-model_v4_TED01
AF-A0A0R1L8D2-F1-model_v4	AF-A0A0R1L8D2-F1-model_v4_esm_TED02	esm	medium	95	1	89.8954	0.9895	AF-A0A0R1L8D2-F1-model_v4_TED02
AF-A0A0R1L8D2-F1-model_v4	AF-A0A0R1L8D2-F1-model_v4_esm_TED03	esm	medium	89	1	88.5658	1.0000	AF-A0A0R1L8D2-F1-model_v4_TED03
AF-A0A0R1L8D2-F1-model_v4	AF-A0A0R1L8D2-F1-model_v4_esm_TED04	esm	high	88	1	89.505	0.9888	AF-A0A0R1L8D2-F1-model_v4_TED04
AF-A0A0R1L8D2-F1-model_v4	AF-A0A0R1L8D2-F1-model_v4_esm_TED05	esm	high	82	1	88.8146	0.8817	AF-A0A0R1L8D2-F1-model_v4_TED05
AF-A0A0R1L8D2-F1-model_v4	AF-A0A0R1L8D2-F1-model_v4_esm_TED06	esm	high	163	1	40.4124	0.9758	AF-A0A0R1L8D2-F1-model_v4_TED06
AF-A0A413JVE9-F1-model_v4	AF-A0A413JVE9-F1-model_v4_TED01	afdb	high	119	1	96.1226	1.0000	AF-A0A413JVE9-F1-model_v4_TED01
AF-A0A413JVE9-F1-model_v4	AF-A0A413JVE9-F1-model_v4_TED02	afdb	high	139	1	94.5953	1.0000	AF-A0A413JVE9-F1-model_v4_TED02
AF-A0A413JVE9-F1-model_v4	AF-A0A413JVE9-F1-model_v4_esm_TED01	esm	high	119	1	97.0555	1.0000	AF-A0A413JVE9-F1-model_v4_TED01
AF-A0A413JVE9-F1-model_v4	AF-A0A413JVE9-F1-model_v4_esm_TED02	esm	high	138	1	97.0171	0.9928	AF-A0A413JVE9-F1-model_v4_TED02
AF-A0A178EP12-F1-model_v4	AF-A0A178EP12-F1-model_v4_TED01	afdb	medium	176	2	64.6679	1.0000	AF-A0A178EP12-F1-model_v4_TED01
AF-A0A178EP12-F1-model_v4	AF-A0A178EP12-F1-model_v4_TED02	afdb	high	68	1	90.3122	1.0000	AF-A0A178EP12-F1-model_v4_TED02
AF-A0A178EP12-F1-model_v4	AF-A0A178EP12-F1-model_v4_esm_TED01	esm	medium	116	2	62.7065	0.6591	AF-A0A178EP12-F1-model_v4_TED01
AF-A0A178EP12-F1-model_v4	AF-A0A178EP12-F1-model_v4_esm_TED02	esm	high	68	1	94.7178	1.0000	AF-A0A178EP12-F1-model_v4_TED02
AF-A0A810E035-F1-model_v4	AF-A0A810E035-F1-model_v4_TED01	afdb	high	204	1	95.8863	1.0000	AF-A0A810E035-F1-model_v4_TED01
AF-A0A810E035-F1-model_v4	AF-A0A810E035-F1-model_v4_esm_TED01	esm	high	203	1	98.0337	0.9951	AF-A0A810E035-F1-model_v4_TED01
AF-A0A6N7HK73-F1-model_v4	AF-A0A6N7HK73-F1-model_v4_TED01	afdb	high	161	1	86.8993	1.0000	AF-A0A6N7HK73-F1-model_v4_TED01
AF-A0A6N7HK73-F1-model_v4	AF-A0A6N7HK73-F1-model_v4_TED02	afdb	medium	148	1	85.5477	1.0000	AF-A0A6N7HK73-F1-model_v4_TED02
AF-A0A6N7HK73-F1-model_v4	AF-A0A6N7HK73-F1-model_v4_esm_TED01	esm	high	179	2	91.887	0.8994	AF-A0A6N7HK73-F1-model_v4_TED01
AF-A0A6N7HK73-F1-model_v4	AF-A0A6N7HK73-F1-model_v4_esm_TED02	esm	medium	211	2	93.772	0.0000	
AF-A0A6N7HK73-F1-model_v4	AF-A0A6N7HK73-F1-model_v4_esm_TED03	esm	medium	152	1	93.6572	0.9737	AF-A0A6N7HK73-F1-model_v4_TED02
AF-A0A250XMH3-F1-model_v4	AF-A0A250XMH3-F1-model_v4_TED01	afdb	high	240	2	85.3854	1.0000	AF-A0A250XMH3-F1-model_v4_TED01
AF-A0A250XMH3-F1-model_v4	AF-A0A250XMH3-F1-model_v4_TED02	afdb	high	66	1	71.1097	1.0000	AF-A0A250XMH3-F1-model_v4_TED02
AF-A0A250XMH3-F1-model_v4	AF-A0A250XMH3-F1-model_v4_TED03	afdb	high	150	1	81.0444	1.0000	AF-A0A250XMH3-F1-model_v4_TED03
AF-A0A250XMH3-F1-model_v4	AF-A0A250XMH3-F1-model_v4_TED04	afdb	high	128	1	82.677	1.0000	AF-A0A250XMH3-F1-model_v4_TED04
AF-A0A250XMH3-F1-model_v4	AF-A0A250XMH3-F1-model_v4_esm_TED01	esm	medium	232	1	83.3474	0.8656	AF-A0A250XMH3-F1-model_v4_TED01
AF-A0A250XMH3-F1-model_v4	AF-A0A250XMH3-F1-model_v4_esm_TED02	esm	medium	66	1	83.5111	0.8857	AF-A0A250XMH3-F1-model_v4_TED02
AF-A0A250XMH3-F1-model_v4	AF-A0A250XMH3-F1-model_v4_esm_TED03	esm	high	154	1	90.3516	0.9740	AF-A0A250XMH3-F1-model_v4_TED03
AF-A0A250XMH3-F1-model_v4	AF-A0A250XMH3-F1-model_v4_esm_TED04	esm	high	127	1	92.6391	0.9922	AF-A0A250XMH3-F1-model_v4_TED04
AF-A0A2N3N1J5-F1-model_v4	AF-A0A2N3N1J5-F1-model_v4_TED01	afdb	medium	152	1	90.5466	1.0000	AF-A0A2N3N1J5-F1-model_v4_TED01
AF-A0A2N3N1J5-F1-model_v4	AF-A0A2N3N1J5-F1-model_v4_esm_TED01	esm	medium	152	1	67.1891	1.0000	AF-A0A2N3N1J5-F1-model_v4_TED01
AF-A0A5J4NTB2-F1-model_v4	AF-A0A5J4NTB2-F1-model_v4_TED01	afdb	high	123	1	79.4878	1.0000	AF-A0A5J4NTB2-F1-model_v4_TED01
AF-A0A5J4NTB2-F1-model_v4	AF-A0A5J4NTB2-F1-model_v4_esm_TED01	esm	high	129	1	77.1226	0.9091	AF-A0A5J4NTB2-F1-model_v4_TED01
AF-A0A5J4NTB2-F1-model_v4	AF-A0A5J4NTB2-F1-model_v4_esm_TED02	esm	medium	52	1	35.6379	0.0000	
AF-A0A7S2VZK5-F1-model_v4	AF-A0A7S2VZK5-F1-model_v4_TED01	afdb	medium	230	3	91.1497	1.0000	AF-A0A7S2VZK5-F1-model_v4_TED01
AF-A0A7S2VZK5-F1-model_v4	AF-A0A7S2VZK5-F1-model_v4_esm_TED01	esm	medium	236	2	91.65	0.9256	AF-A0A7S2VZK5-F1-model_v4_TED01
AF-A0A2P5F168-F1-model_v4	AF-A0A2P5F168-F1-model_v4_TED01	afdb	high	135	1	92.7834	1.0000	AF-A0A2P5F168-F1-model_v4_TED01
AF-A0A2P5F168-F1-model_v4	AF-A0A2P5F168-F1-model_v4_esm_TED01	esm	high	135	1	95.5859	0.9853	AF-A0A2P5F168-F1-model_v4_TED01
AF-A0A6P1GD56-F1-model_v4	AF-A0A6P1GD56-F1-model_v4_TED01	afdb	medium	97	1	78.8903	1.0000	AF-A0A6P1GD56-F1-model_v4_TED01
AF-A0A6P1GD56-F1-model_v4	AF-A0A6P1GD56-F1-model_v4_esm_TED01	esm	medium	99	1	81.6966	0.9406	AF-A0A6P1GD56-F1-model_v4_TED01
AF-L9X258-F1-model_v4	AF-L9X258-F1-model_v4_TED01	afdb	high	109	1	97.3952	1.0000	AF-L9X258-F1-model_v4_TED01
AF-L9X258-F1-model_v4	AF-L9X258-F1-model_v4_esm_TED01	esm	medium	112	1	93.7582	0.9732	AF-L9X258-F1-model_v4_TED01
AF-A0A1W9ZBY6-F1-model_v4	AF-A0A1W9ZBY6-F1-model_v4_TED01	afdb	medium	460	2	94.0089	1.0000	AF-A0A1W9ZBY6-F1-model_v4_TED01
AF-A0A1W9ZBY6-F1-model_v4	AF-A0A1W9ZBY6-F1-model_v4_esm_TED01	esm	medium	474	1	92.6838	0.9705	AF-A0A1W9ZBY6-F1-model_v4_TED01
AF-A0A354SHU7-F1-model_v4	AF-A0A354SHU7-F1-model_v4_TED01	afdb	high	74	1	82.8453	1.0000	AF-A0A354SHU7-F1-model_v4_TED01
AF-A0A354SHU7-F1-model_v4	AF-A0A354SHU7-F1-model_v4_TED02	afdb	high	123	1	91.9695	1.0000	AF-A0A354SHU7-F1-model_v4_TED02
AF-A0A354SHU7-F1-model_v4	AF-A0A354SHU7-F1-model_v4_esm_TED01	esm	high	95	1	85.3504	0.6095	AF-A0A354SHU7-F1-model_v4_TED01
AF-A0A354SHU7-F1-model_v4	AF-A0A354SHU7-F1-model_v4_esm_TED02	esm	high	120	1	96.0473	0.9756	AF-A0A354SHU7-F1-model_v4_TED02
AF-A0A7G9WBL3-F1-model_v4	AF-A0A7G9WBL3-F1-model_v4_TED01	afdb	medium	179	1	86.1506	1.0000	AF-A0A7G9WBL3-F1-model_v4_TED01
AF-A0A7G9WBL3-F1-model_v4	AF-A0A7G9WBL3-F1-model_v4_esm_TED01	esm	medium	187	1	87.38	0.9572	AF-A0A7G9WBL3-F1-model_v4_TED01
AF-A0A0R0A9S1-F1-model_v4	AF-A0A0R0A9S1-F1-model_v4_TED01	afdb	medium	281	1	97.8026	1.0000	AF-A0A0R0A9S1-F1-model_v4_TED01
AF-A0A0R0A9S1-F1-model_v4	AF-A0A0R0A9S1-F1-model_v4_TED02	afdb	medium	84	1	95.8314	1.0000	AF-A0A0R0A9S1-F1-model_v4_TED02
AF-A0A0R0A9S1-F1-model_v4	AF-A0A0R0A9S1-F1-model_v4_esm_TED01	esm	medium	279	1	97.5559	0.9929	AF-A0A0R0A9S1-F1-model_v4_TED01
AF-A0A0R0A9S1-F1-model_v4	AF-A0A0R0A9S1-F1-model_v4_esm_TED02	esm	medium	85	1	95.3175	0.9882	AF-A0A0R0A9S1-F1-model_v4_TED02
AF-A0A2N3DE55-F1-model_v4	AF-A0A2N3DE55-F1-model_v4_TED01	afdb	medium	30	1	66.6607	1.0000	AF-A0A2N3DE55-F1-model_v4_TED01
AF-A0A2N3DE55-F1-model_v4	AF-A0A2N3DE55-F1-model_v4_TED02	afdb	medium	34	1	61.8421	1.0000	AF-A0A2N3DE55-F1-model_v4_TED02
AF-A0A2N3DE55-F1-model_v4	AF-A0A2N3DE55-F1-model_v4_esm_TED01	esm	high	73	1	74.7781	0.4658	AF-A0A2N3DE55-F1-model_v4_TED02
AF-A0A503KPT7-F1-model_v4	AF-A0A503KPT7-F1-model_v4_TED01	afdb	high	156	1	93.4619	1.0000	AF-A0A503KPT7-F1-model_v4_TED01
AF-A0A503KPT7-F1-model_v4	AF-A0A503KPT7-F1-model_v4_esm_TED01	esm	high	155	1	91.6943	0.9936	AF-A0A503KPT7-F1-model_v4_TED01
AF-A0A143YWQ4-F1-model_v4	AF-A0A143YWQ4-F1-model_v4_TED01	afdb	medium	147	2	97.651	1.0000	AF-A0A143YWQ4-F1-model_v4_TED01
AF-A0A143YWQ4-F1-model_v4	AF-A0A143YWQ4-F1-model_v4_TED02	afdb	medium	244	1	98.1574	1.0000	AF-A0A143YWQ4-F1-model_v4_TED02
AF-A0A143YWQ4-F1-model_v4	AF-A0A143YWQ4-F1-model_v4_esm_TED01	esm	medium	147	2	75.3883	1.0000	AF-A0A143YWQ4-F1-model_v4_TED01
AF-A0A143YWQ4-F1-model_v4	AF-A0A143YWQ4-F1-model_v4_esm_TED02	esm	high	243	1	70.8488	0.9959	AF-A0A143YWQ4-F1-model_v4_TED02
AF-A0A6M3XVM0-F1-model_v4	AF-A0A6M3XVM0-F1-model_v4_TED01	afdb	high	116	2	95.866	1.0000	AF-A0A6M3XVM0-F1-model_v4_TED01
AF-A0A6M3XVM0-F1-model_v4	AF-A0A6M3XVM0-F1-model_v4_TED02	afdb	high	44	1	86.2723	1.0000	AF-A0A6M3XVM0-F1-model_v4_TED02
AF-A0A6M3XVM0-F1-model_v4	AF-A0A6M3XVM0-F1-model_v4_esm_TED01	esm	high	124	2	89.1769	0.9200	AF-A0A6M3XVM0-F1-model_v4_TED01
AF-A0A6M3XVM0-F1-model_v4	AF-A0A6M3XVM0-F1-model_v4_esm_TED02	esm	high	37	1	65.8495	0.8409	AF-A0A6M3XVM0-F1-model_v4_TED02
AF-A0A445GIP6-F1-model_v4	AF-A0A445GIP6-F1-model_v4_TED01	afdb	medium	96	2	76.8868	1.0000	AF-A0A445GIP6-F1-model_v4_TED01
AF-A0A445GIP6-F1-model_v4	AF-A0A445GIP6-F1-model_v4_TED02	afdb	high	290	1	79.9917	1.0000	AF-A0A445GIP6-F1-model_v4_TED02
AF-A0A445GIP6-F1-model_v4	AF-A0A445GIP6-F1-model_v4_esm_TED01	esm	high	279	1	79.3254	0.9621	AF-A0A445GIP6-F1-model_v4_TED02
AF-A0A1L6R071-F1-model_v4	AF-A0A1L6R071-F1-model_v4_TED01	afdb	high	67	1	86.4875	1.0000	AF-A0A1L6R071-F1-model_v4_TED01
AF-A0A1L6R071-F1-model_v4	AF-A0A1L6R071-F1-model_v4_TED02	afdb	high	66	1	92.757	1.0000	AF-A0A1L6R071-F1-model_v4_TED02
AF-A0A1L6R071-F1-model_v4	AF-A0A1L6R071-F1-model_v4_TED03	afdb	high	73	1	96.1615	1.0000	AF-A0A1L6R071-F1-model_v4_TED03
AF-A0A1L6R071-F1-model_v4	AF-A0A1L6R071-F1-model_v4_esm_TED01	esm	high	69	1	96.0507	0.9710	AF-A0A1L6R071-F1-model_v4_TED01
AF-A0A1L6R071-F1-model_v4	AF-A0A1L6R071-F1-model_v4_esm_TED02	esm	high	65	1	91.3183	0.9848	AF-A0A1L6R071-F1-model_v4_TED02
AF-A0A1L6R071-F1-model_v4	AF-A0A1L6R071-F1-model_v4_esm_TED03	esm	high	74	1	96.9551	0.9865	AF-A0A1L6R071-F1-model_v4_TED03
AF-A0A401H680-F1-model_v4	AF-A0A401H680-F1-model_v4_TED01	afdb	high	68	1	91.9865	1.0000	AF-A0A401H680-F1-model_v4_TED01
AF-A0A401H680-F1-model_v4	AF-A0A401H680-F1-model_v4_esm_TED01	esm	high	65	1	88.9411	0.9559	AF-A0A401H680-F1-model_v4_TED01
AF-A0A401H680-F1-model_v4	AF-A0A401H680-F1-model_v4_esm_TED02	esm	medium	30	1	43.351	0.0000	
AF-A0A4Y2FIE8-F1-model_v4	AF-A0A4Y2FIE8-F1-model_v4_TED01	afdb	medium	466	1	89.2089	1.0000	AF-A0A4Y2FIE8-F1-model_v4_TED01
AF-A0A4Y2FIE8-F1-model_v4	AF-A0A4Y2FIE8-F1-model_v4_esm_TED01	esm	medium	464	1	94.6495	0.9957	AF-A0A4Y2FIE8-F1-model_v4_TED01
AF-A0A7W1XR59-F1-model_v4	AF-A0A7W1XR59-F1-model_v4_TED01	afdb	high	204	1	97.1374	1.0000	AF-A0A7W1XR59-F1-model_v4_TED01
AF-A0A7W1XR59-F1-model_v4	AF-A0A7W1XR59-F1-model_v4_TED02	afdb	high	160	1	97.2175	1.0000	AF-A0A7W1XR59-F1-model_v4_TED02
AF-A0A7W1XR59-F1-model_v4	AF-A0A7W1XR59-F1-model_v4_TED03	afdb	high	214	1	96.5124	1.0000	AF-A0A7W1XR59-F1-model_v4_TED03
AF-A0A7W1XR59-F1-model_v4	AF-A0A7W1XR59-F1-model_v4_TED04	afdb	medium	30	1	95.1977	1.0000	AF-A0A7W1XR59-F1-model_v4_TED04
AF-A0A7W1XR59-F1-model_v4	AF-A0A7W1XR59-F1-model_v4_esm_TED01	esm	high	204	1	89.506	1.0000	AF-A0A7W1XR59-F1-model_v4_TED01
AF-A0A7W1XR59-F1-model_v4	AF-A0A7W1XR59-F1-model_v4_esm_TED02	esm	high	161	1	89.4843	0.9938	AF-A0A7W1XR59-F1-model_v4_TED02
AF-A0A7W1XR59-F1-model_v4	AF-A0A7W1XR59-F1-model_v4_esm_TED03	esm	high	178	2	85.5841	0.8318	AF-A0A7W1XR59-F1-model_v4_TED03
AF-A0A4R1YMC4-F1-model_v4	AF-A0A4R1YMC4-F1-model_v4_TED01	afdb	high	95	2	97.4087	1.0000	AF-A0A4R1YMC4-F1-model_v4_TED01
AF-A0A4R1YMC4-F1-model_v4	AF-A0A4R1YMC4-F1-model_v4_esm_TED01	esm	high	124	1	88.0395	0.7661	AF-A0A4R1YMC4-F1-model_v4_TED01
AF-A0A2N9I6E5-F1-model_v4	AF-A0A2N9I6E5-F1-model_v4_TED01	afdb	medium	101	1	89.4933	1.0000	AF-A0A2N9I6E5-F1-model_v4_TED01
AF-A0A2N9I6E5-F1-model_v4	AF-A0A2N9I6E5-F1-model_v4_TED02	afdb	high	96	1	86.0232	1.0000	AF-A0A2N9I6E5-F1-model_v4_TED02
AF-A0A2N9I6E5-F1-model_v4	AF-A0A2N9I6E5-F1-model_v4_esm_TED01	esm	high	126	2	77.0929	0.0000	
AF-A0A2N9I6E5-F1-model_v4	AF-A0A2N9I6E5-F1-model_v4_esm_TED02	esm	high	103	1	95.7316	0.9806	AF-A0A2N9I6E5-F1-model_v4_TED01
AF-A0A2N9I6E5-F1-model_v4	AF-A0A2N9I6E5-F1-model_v4_esm_TED03	esm	high	96	1	96.6414	1.0000	AF-A0A2N9I6E5-F1-model_v4_TED02
AF-D2RET3-F1-model_v4	AF-D2RET3-F1-model_v4_TED01	afdb	medium	514	1	92.6304	1.0000	AF-D2RET3-F1-model_v4_TED01
AF-D2RET3-F1-model_v4	AF-D2RET3-F1-model_v4_TED02	afdb	high	65	1	86.4277	1.0000	AF-D2RET3-F1-model_v4_TED02
AF-D2RET3-F1-model_v4	AF-D2RET3-F1-model_v4_esm_TED01	esm	medium	524	1	92.5017	0.9809	AF-D2RET3-F1-model_v4_TED01
AF-A0A1E4TLK2-F1-model_v4	AF-A0A1E4TLK2-F1-model_v4_TED01	afdb	medium	313	1	95.36	1.0000	AF-A0A1E4TLK2-F1-model_v4_TED01
AF-A0A1E4TLK2-F1-model_v4	AF-A0A1E4TLK2-F1-model_v4_esm_TED01	esm	high	239	3	97.2148	0.7636	AF-A0A1E4TLK2-F1-model_v4_TED01
AF-A0A7W6RQ88-F1-model_v4	AF-A0A7W6RQ88-F1-model_v4_TED01	afdb	medium	47	1	91.4451	1.0000	AF-A0A7W6RQ88-F1-model_v4_TED01
AF-A0A7W6RQ88-F1-model_v4	AF-A0A7W6RQ88-F1-model_v4_esm_TED01	esm	medium	67	1	66.4503	0.6522	AF-A0A7W6RQ88-F1-model_v4_TED01
AF-R1EAD5-F1-model_v4	AF-R1EAD5-F1-model_v4_TED01	afdb	high	206	1	55.0834	1.0000	AF-R1EAD5-F1-model_v4_TED01
AF-R1EAD5-F1-model_v4	AF-R1EAD5-F1-model_v4_TED02	afdb	high	142	2	66.6252	1.0000	AF-R1EAD5-F1-model_v4_TED02
AF-R1EAD5-F1-model_v4	AF-R1EAD5-F1-model_v4_esm_TED01	esm	high	159	2	72.5513	0.8931	AF-R1EAD5-F1-model_v4_TED02
AF-R1EAD5-F1-model_v4	AF-R1EAD5-F1-model_v4_esm_TED02	esm	high	119	1	74.905	0.5777	AF-R1EAD5-F1-model_v4_TED01
AF-A0A6G2TVW5-F1-model_v4	AF-A0A6G2TVW5-F1-model_v4_TED01	afdb	high	200	1	89.8351	1.0000	AF-A0A6G2TVW5-F1-model_v4_TED01
AF-A0A6G2TVW5-F1-model_v4	AF-A0A6G2TVW5-F1-model_v4_TED02	afdb	high	178	1	91.704	1.0000	AF-A0A6G2TVW5-F1-model_v4_TED02
AF-A0A6G2TVW5-F1-model_v4	AF-A0A6G2TVW5-F1-model_v4_esm_TED01	esm	medium	202	1	92.7246	0.9706	AF-A0A6G2TVW5-F1-model_v4_TED01
AF-A0A6G2TVW5-F1-model_v4	AF-A0A6G2TVW5-F1-model_v4_esm_TED02	esm	medium	182	1	94.2235	0.9780	AF-A0A6G2TVW5-F1-model_v4_TED02
AF-A0A1F9AAV7-F1-model_v4	AF-A0A1F9AAV7-F1-model_v4_TED01	afdb	medium	110	1	97.1205	1.0000	AF-A0A1F9AAV7-F1-model_v4_TED01
AF-A0A1F9AAV7-F1-model_v4	AF-A0A1F9AAV7-F1-model_v4_TED02	afdb	high	224	1	96.6032	1.0000	AF-A0A1F9AAV7-F1-model_v4_TED02
AF-A0A1F9AAV7-F1-model_v4	AF-A0A1F9AAV7-F1-model_v4_esm_TED01	esm	medium	112	1	90.6082	0.9821	AF-A0A1F9AAV7-F1-model_v4_TED01
AF-A0A1F9AAV7-F1-model_v4	AF-A0A1F9AAV7-F1-model_v4_esm_TED02	esm	high	223	1	91.8608	0.9955	AF-A0A1F9AAV7-F1-model_v4_TED02
AF-A0A235IIG8-F1-model_v4	AF-A0A235IIG8-F1-model_v4_TED01	afdb	high	127	2	78.0526	1.0000	AF-A0A235IIG8-F1-model_v4_TED01
AF-A0A235IIG8-F1-model_v4	AF-A0A235IIG8-F1-model_v4_TED02	afdb	high	151	1	88.765	1.0000	AF-A0A235IIG8-F1-model_v4_TED02
AF-A0A235IIG8-F1-model_v4	AF-A0A235IIG8-F1-model_v4_esm_TED01	esm	high	117	2	86.3026	0.9213	AF-A0A235IIG8-F1-model_v4_TED01
AF-A0A235IIG8-F1-model_v4	AF-A0A235IIG8-F1-model_v4_esm_TED02	esm	high	143	1	83.5949	0.9470	AF-A0A235IIG8-F1-model_v4_TED02
AF-F7Y4P5-F1-model_v4	AF-F7Y4P5-F1-model_v4_TED01	afdb	high	195	1	92.5669	1.0000	AF-F7Y4P5-F1-model_v4_TED01
AF-F7Y4P5-F1-model_v4	AF-F7Y4P5-F1-model_v4_TED02	afdb	medium	301	1	89.935	1.0000	AF-F7Y4P5-F1-model_v4_TED02
AF-F7Y4P5-F1-model_v4	AF-F7Y4P5-F1-model_v4_esm_TED01	esm	high	255	1	97.1556	0.7647	AF-F7Y4P5-F1-model_v4_TED01
AF-F7Y4P5-F1-model_v4	AF-F7Y4P5-F1-model_v4_esm_TED02	esm	medium	304	1	96.0182	0.9901	AF-F7Y4P5-F1-model_v4_TED02
AF-A0A7Y2NUC4-F1-model_v4	AF-A0A7Y2NUC4-F1-model_v4_TED01	afdb	high	243	1	98.0962	1.0000	AF-A0A7Y2NUC4-F1-model_v4_TED01
AF-A0A7Y2NUC4-F1-model_v4	AF-A0A7Y2NUC4-F1-model_v4_TED02	afdb	medium	93	1	94.1783	1.0000	AF-A0A7Y2NUC4-F1-model_v4_TED02
AF-A0A7Y2NUC4-F1-model_v4	AF-A0A7Y2NUC4-F1-model_v4_esm_TED01	esm	high	239	1	76.0686	0.9835	AF-A0A7Y2NUC4-F1-model_v4_TED01
AF-A0A7Y2NUC4-F1-model_v4	AF-A0A7Y2NUC4-F1-model_v4_esm_TED02	esm	high	93	1	85.917	1.0000	AF-A0A7Y2NUC4-F1-model_v4_TED02
AF-A0A1H5R8C3-F1-model_v4	AF-A0A1H5R8C3-F1-model_v4_TED01	afdb	medium	128	1	96.7684	1.0000	AF-A0A1H5R8C3-F1-model_v4_TED01
AF-A0A1H5R8C3-F1-model_v4	AF-A0A1H5R8C3-F1-model_v4_esm_TED01	esm	medium	128	1	88.568	1.0000	AF-A0A1H5R8C3-F1-model_v4_TED01
AF-A0A523BRA1-F1-model_v4	AF-A0A523BRA1-F1-model_v4_TED01	afdb	high	194	3	64.261	1.0000	AF-A0A523BRA1-F1-model_v4_TED01
AF-A0A523BRA1-F1-model_v4	AF-A0A523BRA1-F1-model_v4_esm_TED01	esm	high	203	3	90.9865	0.8995	AF-A0A523BRA1-F1-model_v4_TED01
AF-V6STH8-F1-model_v4	AF-V6STH8-F1-model_v4_TED01	afdb	high	95	1	89.9177	1.0000	AF-V6STH8-F1-model_v4_TED01
AF-V6STH8-F1-model_v4	AF-V6STH8-F1-model_v4_TED02	afdb	high	117	1	92.2345	1.0000	AF-V6STH8-F1-model_v4_TED02
AF-V6STH8-F1-model_v4	AF-V6STH8-F1-model_v4_TED03	afdb	high	181	1	91.627	1.0000	AF-V6STH8-F1-model_v4_TED03
AF-V6STH8-F1-model_v4	AF-V6STH8-F1-model_v4_esm_TED01	esm	high	96	1	96.3786	0.9896	AF-V6STH8-F1-model_v4_TED01
AF-V6STH8-F1-model_v4	AF-V6STH8-F1-model_v4_esm_TED02	esm	high	107	1	93.8521	0.9145	AF-V6STH8-F1-model_v4_TED02
AF-V6STH8-F1-model_v4	AF-V6STH8-F1-model_v4_esm_TED03	esm	high	196	1	91.6712	0.9235	AF-V6STH8-F1-model_v4_TED03
AF-A0A7C6YC04-F1-model_v4	AF-A0A7C6YC04-F1-model_v4_TED01	afdb	high	136	1	94.5302	1.0000	AF-A0A7C6YC04-F1-model_v4_TED01
AF-A0A7C6YC04-F1-model_v4	AF-A0A7C6YC04-F1-model_v4_TED02	afdb	high	87	1	91.6761	1.0000	AF-A0A7C6YC04-F1-model_v4_TED02
AF-A0A7C6YC04-F1-model_v4	AF-A0A7C6YC04-F1-model_v4_esm_TED01	esm	high	147	1	82.9221	0.9122	AF-A0A7C6YC04-F1-model_v4_TED01
AF-A0A7C6YC04-F1-model_v4	AF-A0A7C6YC04-F1-model_v4_esm_TED02	esm	high	65	1	75.4012	0.7471	AF-A0A7C6YC04-F1-model_v4_TED02
AF-A0A7K5NPB2-F1-model_v4	AF-A0A7K5NPB2-F1-model_v4_TED01	afdb	medium	287	1	87.9656	1.0000	AF-A0A7K5NPB2-F1-model_v4_TED01
AF-A0A7K5NPB2-F1-model_v4	AF-A0A7K5NPB2-F1-model_v4_TED02	afdb	high	179	3	82.7621	1.0000	AF-A0A7K5NPB2-F1-model_v4_TED02
AF-A0A7K5NPB2-F1-model_v4	AF-A0A7K5NPB2-F1-model_v4_esm_TED01	esm	medium	111	1	93.6789	0.3868	
AF-A0A7K5NPB2-F1-model_v4	AF-A0A7K5NPB2-F1-model_v4_esm_TED02	esm	medium	129	1	87.8984	0.4495	AF-A0A7K5NPB2-F1-model_v4_TED01
AF-A0A7K5NPB2-F1-model_v4	AF-A0A7K5NPB2-F1-model_v4_esm_TED03	esm	high	172	1	81.7605	0.8973	AF-A0A7K5NPB2-F1-model_v4_TED02
AF-A0A3R6HGY7-F1-model_v4	AF-A0A3R6HGY7-F1-model_v4_TED01	afdb	high	125	1	83.5909	1.0000	AF-A0A3R6HGY7-F1-model_v4_TED01
AF-A0A3R6HGY7-F1-model_v4	AF-A0A3R6HGY7-F1-model_v4_TED02	afdb	medium	41	1	67.3956	1.0000	AF-A0A3R6HGY7-F1-model_v4_TED02
AF-A0A3R6HGY7-F1-model_v4	AF-A0A3R6HGY7-F1-model_v4_esm_TED01	esm	medium	108	1	85.6181	0.8640	AF-A0A3R6HGY7-F1-model_v4_TED01
AF-A0A3R6HGY7-F1-model_v4	AF-A0A3R6HGY7-F1-model_v4_esm_TED02	esm	medium	41	1	88.0444	1.0000	AF-A0A3R6HGY7-F1-model_v4_TED02
AF-A0A1R0X475-F1-model_v4	AF-A0A1R0X475-F1-model_v4_TED01	afdb	high	284	1	92.2882	1.0000	AF-A0A1R0X475-F1-model_v4_TED01
AF-A0A1R0X475-F1-model_v4	AF-A0A1R0X475-F1-model_v4_TED02	afdb	high	124	1	82.3144	1.0000	AF-A0A1R0X475-F1-model_v4_TED02
AF-A0A1R0X475-F1-model_v4	AF-A0A1R0X475-F1-model_v4_esm_TED01	esm	high	294	1	78.7173	0.9660	AF-A0A1R0X475-F1-model_v4_TED01
AF-A0A1R0X475-F1-model_v4	AF-A0A1R0X475-F1-model_v4_esm_TED02	esm	high	119	1	89.7673	0.9597	AF-A0A1R0X475-F1-model_v4_TED02
AF-A0A2L0TP23-F1-model_v4	AF-A0A2L0TP23-F1-model_v4_TED01	afdb	high	270	1	95.4549	1.0000	AF-A0A2L0TP23-F1-model_v4_TED01
AF-A0A2L0TP23-F1-model_v4	AF-A0A2L0TP23-F1-model_v4_esm_TED01	esm	high	231	2	97.3672	0.8487	AF-A0A2L0TP23-F1-model_v4_TED01
AF-A0A1Q3KRN6-F1-model_v4	AF-A0A1Q3KRN6-F1-model_v4_TED01	afdb	high	132	1	92.813	1.0000	AF-A0A1Q3KRN6-F1-model_v4_TED01
AF-A0A1Q3KRN6-F1-model_v4	AF-A0A1Q3KRN6-F1-model_v4_esm_TED01	esm	high	129	1	86.5156	0.9624	AF-A0A1Q3KRN6-F1-model_v4_TED01
AF-B7G2H9-F1-model_v4	AF-B7G2H9-F1-model_v4_TED01	afdb	medium	71	2	54.6189	1.0000	AF-B7G2H9-F1-model_v4_TED01
AF-B7G2H9-F1-model_v4	AF-B7G2H9-F1-model_v4_esm_TED01	esm	medium	63	2	25.834	0.0000	
AF-A0A3S1JZI3-F1-model_v4	AF-A0A3S1JZI3-F1-model_v4_TED01	afdb	high	100	1	95.4103	1.0000	AF-A0A3S1JZI3-F1-model_v4_TED01
AF-A0A3S1JZI3-F1-model_v4	AF-A0A3S1JZI3-F1-model_v4_TED02	afdb	high	59	1	90.5488	1.0000	AF-A0A3S1JZI3-F1-model_v4_TED02
AF-A0A3S1JZI3-F1-model_v4	AF-A0A3S1JZI3-F1-model_v4_TED03	afdb	high	114	1	91.1954	1.0000	AF-A0A3S1JZI3-F1-model_v4_TED03
AF-A0A3S1JZI3-F1-model_v4	AF-A0A3S1JZI3-F1-model_v4_TED04	afdb	high	126	1	87.6156	1.0000	AF-A0A3S1JZI3-F1-model_v4_TED04
AF-A0A3S1JZI3-F1-model_v4	AF-A0A3S1JZI3-F1-model_v4_esm_TED01	esm	high	100	1	98.1595	1.0000	AF-A0A3S1JZI3-F1-model_v4_TED01
AF-A0A3S1JZI3-F1-model_v4	AF-A0A3S1JZI3-F1-model_v4_esm_TED02	esm	high	59	1	95.302	1.0000	AF-A0A3S1JZI3-F1-model_v4_TED02
AF-A0A3S1JZI3-F1-model_v4	AF-A0A3S1JZI3-F1-model_v4_esm_TED03	esm	high	114	1	94.9178	1.0000	AF-A0A3S1JZI3-F1-model_v4_TED03
AF-A0A3S1JZI3-F1-model_v4	AF-A0A3S1JZI3-F1-model_v4_esm_TED04	esm	high	116	1	88.5343	0.9206	AF-A0A3S1JZI3-F1-model_v4_TED04
AF-A0A652KK38-F1-model_v4	AF-A0A652KK38-F1-model_v4_TED01	afdb	high	87	1	96.091	1.0000	AF-A0A652KK38-F1-model_v4_TED01
AF-A0A652KK38-F1-model_v4	AF-A0A652KK38-F1-model_v4_TED02	afdb	high	139	1	94.156	1.0000	AF-A0A652KK38-F1-model_v4_TED02
AF-A0A652KK38-F1-model_v4	AF-A0A652KK38-F1-model_v4_esm_TED01	esm	medium	84	1	96.7063	0.9655	AF-A0A652KK38-F1-model_v4_TED01
AF-A0A652KK38-F1-model_v4	AF-A0A652KK38-F1-model_v4_esm_TED02	esm	medium	139	1	95.6508	1.0000	AF-A0A652KK38-F1-model_v4_TED02
AF-A0A6I3I508-F1-model_v4	AF-A0A6I3I508-F1-model_v4_TED01	afdb	high	93	1	90.4574	1.0000	AF-A0A6I3I508-F1-model_v4_TED01
AF-A0A6I3I508-F1-model_v4	AF-A0A6I3I508-F1-model_v4_esm_TED01	esm	high	93	1	73.1753	1.0000	AF-A0A6I3I508-F1-model_v4_TED01
AF-G7K8P2-F1-model_v4	AF-G7K8P2-F1-model_v4_TED01	afdb	high	113	1	72.6511	1.0000	AF-G7K8P2-F1-model_v4_TED01
AF-G7K8P2-F1-model_v4	AF-G7K8P2-F1-model_v4_esm_TED01	esm	high	92	1	73.3847	0.8142	AF-G7K8P2-F1-model_v4_TED01
AF-A0A6P5Y0L8-F1-model_v4	AF-A0A6P5Y0L8-F1-model_v4_TED01	afdb	high	146	1	86.9717	1.0000	AF-A0A6P5Y0L8-F1-model_v4_TED01
AF-A0A6P5Y0L8-F1-model_v4	AF-A0A6P5Y0L8-F1-model_v4_TED02	afdb	medium	313	1	95.5607	1.0000	AF-A0A6P5Y0L8-F1-model_v4_TED02
AF-A0A6P5Y0L8-F1-model_v4	AF-A0A6P5Y0L8-F1-model_v4_esm_TED01	esm	high	144	1	83.6741	0.9863	AF-A0A6P5Y0L8-F1-model_v4_TED01
AF-A0A6P5Y0L8-F1-model_v4	AF-A0A6P5Y0L8-F1-model_v4_esm_TED02	esm	medium	312	1	77.9264	0.9778	AF-A0A6P5Y0L8-F1-model_v4_TED02
AF-A0A2N2Y7V7-F1-model_v4	AF-A0A2N2Y7V7-F1-model_v4_TED01	afdb	high	221	2	86.4191	1.0000	AF-A0A2N2Y7V7-F1-model_v4_TED01
AF-A0A2N2Y7V7-F1-model_v4	AF-A0A2N2Y7V7-F1-model_v4_esm_TED01	esm	high	207	1	93.329	0.8059	AF-A0A2N2Y7V7-F1-model_v4_TED01
AF-A0A136L183-F1-model_v4	AF-A0A136L183-F1-model_v4_TED01	afdb	high	47	1	89.4689	1.0000	AF-A0A136L183-F1-model_v4_TED01
AF-A0A136L183-F1-model_v4	AF-A0A136L183-F1-model_v4_TED02	afdb	high	95	1	79.5163	1.0000	AF-A0A136L183-F1-model_v4_TED02
AF-A0A136L183-F1-model_v4	AF-A0A136L183-F1-model_v4_esm_TED01	esm	high	47	1	90.7228	1.0000	AF-A0A136L183-F1-model_v4_TED01
AF-A0A136L183-F1-model_v4	AF-A0A136L183-F1-model_v4_esm_TED02	esm	high	81	1	71.3147	0.8526	AF-A0A136L183-F1-model_v4_TED02
AF-A0A0Q9JWB2-F1-model_v4	AF-A0A0Q9JWB2-F1-model_v4_TED01	afdb	high	85	1	90.2726	1.0000	AF-A0A0Q9JWB2-F1-model_v4_TED01
AF-A0A0Q9JWB2-F1-model_v4	AF-A0A0Q9JWB2-F1-model_v4_TED02	afdb	medium	28	1	88.3839	0.9643	AF-A0A0Q9JWB2-F1-model_v4_TED02
AF-A0A0Q9JWB2-F1-model_v4	AF-A0A0Q9JWB2-F1-model_v4_TED03	afdb	medium	61	1	81.4121	0.7869	AF-A0A0Q9JWB2-F1-model_v4_TED03
AF-A0A0Q9JWB2-F1-model_v4	AF-A0A0Q9JWB2-F1-model_v4_esm_TED01	esm	high	88	1	93.4491	0.9659	AF-A0A0Q9JWB2-F1-model_v4_TED01
AF-A0A0Q9JWB2-F1-model_v4	AF-A0A0Q9JWB2-F1-model_v4_esm_TED02	esm	medium	70	1	83.3851	0.5946	AF-A0A0Q9JWB2-F1-model_v4_TED03
AF-A0A1V2ABZ3-F1-model_v4	AF-A0A1V2ABZ3-F1-model_v4_TED01	afdb	high	271	1	95.4024	1.0000	AF-A0A1V2ABZ3-F1-model_v4_TED01
AF-A0A1V2ABZ3-F1-model_v4	AF-A0A1V2ABZ3-F1-model_v4_TED02	afdb	medium	107	1	94.4063	1.0000	AF-A0A1V2ABZ3-F1-model_v4_TED02
AF-A0A1V2ABZ3-F1-model_v4	AF-A0A1V2ABZ3-F1-model_v4_TED03	afdb	high	74	1	89.4946	1.0000	AF-A0A1V2ABZ3-F1-model_v4_TED03
AF-A0A1V2ABZ3-F1-model_v4	AF-A0A1V2ABZ3-F1-model_v4_esm_TED01	esm	high	211	1	77.2242	0.7786	AF-A0A1V2ABZ3-F1-model_v4_TED01
AF-A0A1V2ABZ3-F1-model_v4	AF-A0A1V2ABZ3-F1-model_v4_esm_TED02	esm	high	107	1	83.7603	0.9633	AF-A0A1V2ABZ3-F1-model_v4_TED02
AF-A0A1V2ABZ3-F1-model_v4	AF-A0A1V2ABZ3-F1-model_v4_esm_TED03	esm	high	74	1	79.4658	1.0000	AF-A0A1V2ABZ3-F1-model_v4_TED03
AF-A0A822CYL8-F1-model_v4	AF-A0A822CYL8-F1-model_v4_TED01	afdb	high	210	1	81.1472	1.0000	AF-A0A822CYL8-F1-model_v4_TED01
AF-A0A822CYL8-F1-model_v4	AF-A0A822CYL8-F1-model_v4_TED02	afdb	medium	176	1	77.0845	1.0000	AF-A0A822CYL8-F1-model_v4_TED02
AF-A0A822CYL8-F1-model_v4	AF-A0A822CYL8-F1-model_v4_esm_TED01	esm	high	208	1	80.9686	0.9905	AF-A0A822CYL8-F1-model_v4_TED01
AF-K1YMR3-F1-model_v4	AF-K1YMR3-F1-model_v4_TED01	afdb	high	129	1	98.0646	1.0000	AF-K1YMR3-F1-model_v4_TED01
AF-K1YMR3-F1-model_v4	AF-K1YMR3-F1-model_v4_TED02	afdb	medium	29	1	91.6717	1.0000	AF-K1YMR3-F1-model_v4_TED02
AF-K1YMR3-F1-model_v4	AF-K1YMR3-F1-model_v4_esm_TED01	esm	high	131	1	94.1337	0.9847	AF-K1YMR3-F1-model_v4_TED01
AF-A0A4Q3HW72-F1-model_v4	AF-A0A4Q3HW72-F1-model_v4_TED01	afdb	medium	34	1	90.9018	1.0000	AF-A0A4Q3HW72-F1-model_v4_TED01
AF-A0A4Q3HW72-F1-model_v4	AF-A0A4Q3HW72-F1-model_v4_esm_TED01	esm	medium	55	1	66.1887	0.6182	AF-A0A4Q3HW72-F1-model_v4_TED01
AF-V4NDW9-F1-model_v4	AF-V4NDW9-F1-model_v4_TED01	afdb	medium	196	2	89.1443	1.0000	AF-V4NDW9-F1-model_v4_TED01
AF-V4NDW9-F1-model_v4	AF-V4NDW9-F1-model_v4_esm_TED01	esm	medium	206	2	86.5874	0.9515	AF-V4NDW9-F1-model_v4_TED01
AF-A0A454D3D0-F1-model_v4	AF-A0A454D3D0-F1-model_v4_TED01	afdb	high	58	1	91.2622	1.0000	AF-A0A454D3D0-F1-model_v4_TED01
AF-A0A454D3D0-F1-model_v4	AF-A0A454D3D0-F1-model_v4_TED02	afdb	medium	80	2	96.47	1.0000	AF-A0A454D3D0-F1-model_v4_TED02
AF-A0A454D3D0-F1-model_v4	AF-A0A454D3D0-F1-model_v4_TED03	afdb	medium	72	1	96.3853	1.0000	AF-A0A454D3D0-F1-model_v4_TED03
AF-A0A454D3D0-F1-model_v4	AF-A0A454D3D0-F1-model_v4_esm_TED01	esm	high	61	1	94.8336	0.9194	AF-A0A454D3D0-F1-model_v4_TED01
AF-A0A454D3D0-F1-model_v4	AF-A0A454D3D0-F1-model_v4_esm_TED02	esm	medium	80	2	97.5925	1.0000	AF-A0A454D3D0-F1-model_v4_TED02
AF-A0A454D3D0-F1-model_v4	AF-A0A454D3D0-F1-model_v4_esm_TED03	esm	medium	72	1	97.3006	1.0000	AF-A0A454D3D0-F1-model_v4_TED03
AF-A0A811SIU4-F1-model_v4	AF-A0A811SIU4-F1-model_v4_TED01	afdb	high	206	1	86.0508	1.0000	AF-A0A811SIU4-F1-model_v4_TED01
AF-A0A811SIU4-F1-model_v4	AF-A0A811SIU4-F1-model_v4_TED02	afdb	medium	83	2	77.9228	1.0000	AF-A0A811SIU4-F1-model_v4_TED02
AF-A0A811SIU4-F1-model_v4	AF-A0A811SIU4-F1-model_v4_TED03	afdb	medium	134	1	82.7224	1.0000	AF-A0A811SIU4-F1-model_v4_TED03
AF-A0A811SIU4-F1-model_v4	AF-A0A811SIU4-F1-model_v4_TED04	afdb	medium	33	1	55.8658	1.0000	AF-A0A811SIU4-F1-model_v4_TED04
AF-A0A811SIU4-F1-model_v4	AF-A0A811SIU4-F1-model_v4_TED05	afdb	high	102	1	58.9478	1.0000	AF-A0A811SIU4-F1-model_v4_TED05
AF-A0A811SIU4-F1-model_v4	AF-A0A811SIU4-F1-model_v4_esm_TED01	esm	high	200	1	89.8507	0.9709	AF-A0A811SIU4-F1-model_v4_TED01
AF-A0A811SIU4-F1-model_v4	AF-A0A811SIU4-F1-model_v4_esm_TED02	esm	high	143	2	91.5859	0.9236	AF-A0A811SIU4-F1-model_v4_TED03
AF-A0A811SIU4-F1-model_v4	AF-A0A811SIU4-F1-model_v4_esm_TED03	esm	high	96	1	88.3428	0.8646	AF-A0A811SIU4-F1-model_v4_TED02
AF-A0A811SIU4-F1-model_v4	AF-A0A811SIU4-F1-model_v4_esm_TED04	esm	medium	43	1	51.2377	0.7674	AF-A0A811SIU4-F1-model_v4_TED04
AF-A0A811SIU4-F1-model_v4	AF-A0A811SIU4-F1-model_v4_esm_TED05	esm	high	104	1	58.0973	0.9808	AF-A0A811SIU4-F1-model_v4_TED05
AF-A0A150PC67-F1-model_v4	AF-A0A150PC67-F1-model_v4_TED01	afdb	high	80	1	85.8004	1.0000	AF-A0A150PC67-F1-model_v4_TED01
AF-A0A150PC67-F1-model_v4	AF-A0A150PC67-F1-model_v4_esm_TED01	esm	high	77	1	66.8183	0.9625	AF-A0A150PC67-F1-model_v4_TED01
AF-A0A0T9PNB3-F1-model_v4	AF-A0A0T9PNB3-F1-model_v4_TED01	afdb	high	156	1	86.3804	1.0000	AF-A0A0T9PNB3-F1-model_v4_TED01
AF-A0A0T9PNB3-F1-model_v4	AF-A0A0T9PNB3-F1-model_v4_TED02	afdb	high	35	1	83.412	1.0000	AF-A0A0T9PNB3-F1-model_v4_TED02
AF-A0A0T9PNB3-F1-model_v4	AF-A0A0T9PNB3-F1-model_v4_esm_TED01	esm	high	177	1	90.9449	0.8814	AF-A0A0T9PNB3-F1-model_v4_TED01
AF-A0A0T9PNB3-F1-model_v4	AF-A0A0T9PNB3-F1-model_v4_esm_TED02	esm	medium	40	1	95.7243	0.8750	AF-A0A0T9PNB3-F1-model_v4_TED02
AF-A0A4Z0BEJ8-F1-model_v4	AF-A0A4Z0BEJ8-F1-model_v4_TED01	afdb	high	202	1	97.2957	1.0000	AF-A0A4Z0BEJ8-F1-model_v4_TED01
AF-A0A4Z0BEJ8-F1-model_v4	AF-A0A4Z0BEJ8-F1-model_v4_esm_TED01	esm	high	203	1	96.2268	0.9951	AF-A0A4Z0BEJ8-F1-model_v4_TED01
AF-Q6N455-F1-model_v4	AF-Q6N455-F1-model_v4_TED01	afdb	high	266	2	96.6376	1.0000	AF-Q6N455-F1-model_v4_TED01
AF-Q6N455-F1-model_v4	AF-Q6N455-F1-model_v4_TED02	afdb	high	78	1	96.4776	1.0000	AF-Q6N455-F1-model_v4_TED02
AF-Q6N455-F1-model_v4	AF-Q6N455-F1-model_v4_esm_TED01	esm	high	269	2	96.3624	0.9888	AF-Q6N455-F1-model_v4_TED01
AF-Q6N455-F1-model_v4	AF-Q6N455-F1-model_v4_esm_TED02	esm	high	78	1	97.219	1.0000	AF-Q6N455-F1-model_v4_TED02
AF-A0A3L6FSZ1-F1-model_v4	AF-A0A3L6FSZ1-F1-model_v4_TED01	afdb	high	109	1	85.756	1.0000	AF-A0A3L6FSZ1-F1-model_v4_TED01
AF-A0A3L6FSZ1-F1-model_v4	AF-A0A3L6FSZ1-F1-model_v4_esm_TED01	esm	medium	68	2	33.5541	0.1203	
AF-A0A3L6FSZ1-F1-model_v4	AF-A0A3L6FSZ1-F1-model_v4_esm_TED02	esm	medium	76	2	69.3072	0.5678	AF-A0A3L6FSZ1-F1-model_v4_TED01
AF-A0A842PGM7-F1-model_v4	AF-A0A842PGM7-F1-model_v4_TED01	afdb	medium	50	1	88.8722	1.0000	AF-A0A842PGM7-F1-model_v4_TED01
AF-A0A842PGM7-F1-model_v4	AF-A0A842PGM7-F1-model_v4_esm_TED01	esm	medium	63	1	73.2381	0.7937	AF-A0A842PGM7-F1-model_v4_TED01
AF-A0A1E1V5R2-F1-model_v4	AF-A0A1E1V5R2-F1-model_v4_TED01	afdb	medium	91	1	97.7421	1.0000	AF-A0A1E1V5R2-F1-model_v4_TED01
AF-A0A1E1V5R2-F1-model_v4	AF-A0A1E1V5R2-F1-model_v4_esm_TED01	esm	medium	91	1	94.8142	1.0000	AF-A0A1E1V5R2-F1-model_v4_TED01
AF-A0A7W1C837-F1-model_v4	AF-A0A7W1C837-F1-model_v4_TED01	afdb	high	195	2	95.0925	1.0000	AF-A0A7W1C837-F1-model_v4_TED01
AF-A0A7W1C837-F1-model_v4	AF-A0A7W1C837-F1-model_v4_esm_TED01	esm	high	190	2	93.4381	0.9744	AF-A0A7W1C837-F1-model_v4_TED01
AF-A0A7W1C837-F1-model_v4	AF-A0A7W1C837-F1-model_v4_esm_TED02	esm	medium	60	1	80.0753	0.0079	
AF-A0A2E9TML7-F1-model_v4	AF-A0A2E9TML7-F1-model_v4_TED01	afdb	medium	33	1	74.8373	1.0000	AF-A0A2E9TML7-F1-model_v4_TED01
AF-A0A2E9TML7-F1-model_v4	AF-A0A2E9TML7-F1-model_v4_TED02	afdb	high	79	1	92.9677	1.0000	AF-A0A2E9TML7-F1-model_v4_TED02
AF-A0A2E9TML7-F1-model_v4	AF-A0A2E9TML7-F1-model_v4_esm_TED01	esm	medium	33	1	62.3573	0.8857	AF-A0A2E9TML7-F1-model_v4_TED01
AF-A0A2E9TML7-F1-model_v4	AF-A0A2E9TML7-F1-model_v4_esm_TED02	esm	high	71	1	80.6706	0.8987	AF-A0A2E9TML7-F1-model_v4_TED02
AF-A0A7Y2YXX0-F1-model_v4	AF-A0A7Y2YXX0-F1-model_v4_TED01	afdb	high	72	1	92.9097	1.0000	AF-A0A7Y2YXX0-F1-model_v4_TED01
AF-A0A7Y2YXX0-F1-model_v4	AF-A0A7Y2YXX0-F1-model_v4_TED02	afdb	high	264	1	90.4893	1.0000	AF-A0A7Y2YXX0-F1-model_v4_TED02
AF-A0A7Y2YXX0-F1-model_v4	AF-A0A7Y2YXX0-F1-model_v4_TED03	afdb	high	113	1	91.3054	1.0000	AF-A0A7Y2YXX0-F1-model_v4_TED03
AF-A0A7Y2YXX0-F1-model_v4	AF-A0A7Y2YXX0-F1-model_v4_esm_TED01	esm	high	70	1	96.329	0.9722	AF-A0A7Y2YXX0-F1-model_v4_TED01
AF-A0A7Y2YXX0-F1-model_v4	AF-A0A7Y2YXX0-F1-model_v4_esm_TED02	esm	high	264	1	93.5742	0.9925	AF-A0A7Y2YXX0-F1-model_v4_TED02
AF-A0A7Y2YXX0-F1-model_v4	AF-A0A7Y2YXX0-F1-model_v4_esm_TED03	esm	high	113	1	90.8096	1.0000	AF-A0A7Y2YXX0-F1-model_v4_TED03
AF-A0A7H0NP76-F1-model_v4	AF-A0A7H0NP76-F1-model_v4_TED01	afdb	medium	46	1	95.0876	1.0000	AF-A0A7H0NP76-F1-model_v4_TED01
AF-A0A7H0NP76-F1-model_v4	AF-A0A7H0NP76-F1-model_v4_TED02	afdb	medium	144	1	89.7699	1.0000	AF-A0A7H0NP76-F1-model_v4_TED02
AF-A0A7H0NP76-F1-model_v4	AF-A0A7H0NP76-F1-model_v4_esm_TED01	esm	medium	47	1	98.3453	0.9787	AF-A0A7H0NP76-F1-model_v4_TED01
AF-A0A7H0NP76-F1-model_v4	AF-A0A7H0NP76-F1-model_v4_esm_TED02	esm	medium	137	1	93.8145	0.9514	AF-A0A7H0NP76-F1-model_v4_TED02
AF-A0A1M6UD93-F1-model_v4	AF-A0A1M6UD93-F1-model_v4_TED01	afdb	high	71	1	73.5631	1.0000	AF-A0A1M6UD93-F1-model_v4_TED01
AF-A0A1M6UD93-F1-model_v4	AF-A0A1M6UD93-F1-model_v4_esm_TED01	esm	medium	39	1	45.4169	0.5493	AF-A0A1M6UD93-F1-model_v4_TED01
AF-A0A1M6UD93-F1-model_v4	AF-A0A1M6UD93-F1-model_v4_esm_TED02	esm	medium	35	1	62.6017	0.4133	
AF-A0A4V1AE51-F1-model_v4	AF-A0A4V1AE51-F1-model_v4_TED01	afdb	high	121	1	76.5648	1.0000	AF-A0A4V1AE51-F1-model_v4_TED01
AF-A0A4V1AE51-F1-model_v4	AF-A0A4V1AE51-F1-model_v4_TED02	afdb	high	160	1	79.6583	1.0000	AF-A0A4V1AE51-F1-model_v4_TED02
AF-A0A4V1AE51-F1-model_v4	AF-A0A4V1AE51-F1-model_v4_esm_TED01	esm	high	120	1	88.872	0.9917	AF-A0A4V1AE51-F1-model_v4_TED01
AF-A0A4V1AE51-F1-model_v4	AF-A0A4V1AE51-F1-model_v4_esm_TED02	esm	high	164	1	94.8566	0.9636	AF-A0A4V1AE51-F1-model_v4_TED02
AF-A0A843I5F2-F1-model_v4	AF-A0A843I5F2-F1-model_v4_TED01	afdb	high	48	1	78.3298	1.0000	AF-A0A843I5F2-F1-model_v4_TED01
AF-A0A843I5F2-F1-model_v4	AF-A0A843I5F2-F1-model_v4_TED02	afdb	medium	45	1	76.1287	1.0000	AF-A0A843I5F2-F1-model_v4_TED02
AF-A0A843I5F2-F1-model_v4	AF-A0A843I5F2-F1-model_v4_esm_TED01	esm	medium	60	1	62.602	0.8000	AF-A0A843I5F2-F1-model_v4_TED01
AF-A0A843I5F2-F1-model_v4	AF-A0A843I5F2-F1-model_v4_esm_TED02	esm	medium	49	1	69.0335	0.9184	AF-A0A843I5F2-F1-model_v4_TED02
AF-Q7RCN9-F1-model_v4	AF-Q7RCN9-F1-model_v4_TED01	afdb	medium	52	1	43.2194	1.0000	AF-Q7RCN9-F1-model_v4_TED01
AF-Q7RCN9-F1-model_v4	AF-Q7RCN9-F1-model_v4_esm_TED01	esm	medium	66	1	27.9262	0.3563	AF-Q7RCN9-F1-model_v4_TED01
AF-A0A0E0EM23-F1-model_v4	AF-A0A0E0EM23-F1-model_v4_TED01	afdb	high	98	1	75.1657	1.0000	AF-A0A0E0EM23-F1-model_v4_TED01
AF-A0A0E0EM23-F1-model_v4	AF-A0A0E0EM23-F1-model_v4_TED02	afdb	medium	218	1	86.6782	1.0000	AF-A0A0E0EM23-F1-model_v4_TED02
AF-A0A0E0EM23-F1-model_v4	AF-A0A0E0EM23-F1-model_v4_esm_TED01	esm	high	98	1	85.665	1.0000	AF-A0A0E0EM23-F1-model_v4_TED01
AF-A0A0E0EM23-F1-model_v4	AF-A0A0E0EM23-F1-model_v4_esm_TED02	esm	medium	224	1	85.2321	0.9301	AF-A0A0E0EM23-F1-model_v4_TED02
AF-A0A139CPU7-F1-model_v4	AF-A0A139CPU7-F1-model_v4_TED01	afdb	high	154	1	88.6244	1.0000	AF-A0A139CPU7-F1-model_v4_TED01
AF-A0A139CPU7-F1-model_v4	AF-A0A139CPU7-F1-model_v4_TED02	afdb	high	180	1	87.7663	1.0000	AF-A0A139CPU7-F1-model_v4_TED02
AF-A0A139CPU7-F1-model_v4	AF-A0A139CPU7-F1-model_v4_TED03	afdb	medium	178	1	90.397	1.0000	AF-A0A139CPU7-F1-model_v4_TED03
AF-A0A139CPU7-F1-model_v4	AF-A0A139CPU7-F1-model_v4_TED04	afdb	high	209	2	85.7859	1.0000	AF-A0A139CPU7-F1-model_v4_TED04
AF-A0A139CPU7-F1-model_v4	AF-A0A139CPU7-F1-model_v4_TED05	afdb	high	92	1	87.8012	1.0000	AF-A0A139CPU7-F1-model_v4_TED05
AF-A0A139CPU7-F1-model_v4	AF-A0A139CPU7-F1-model_v4_esm_TED01	esm	high	148	1	92.7697	0.9610	AF-A0A139CPU7-F1-model_v4_TED01
AF-A0A139CPU7-F1-model_v4	AF-A0A139CPU7-F1-model_v4_esm_TED02	esm	high	179	1	93.8516	0.9834	AF-A0A139CPU7-F1-model_v4_TED02
AF-A0A139CPU7-F1-model_v4	AF-A0A139CPU7-F1-model_v4_esm_TED03	esm	high	120	1	91.0055	0.6108	AF-A0A139CPU7-F1-model_v4_TED03
AF-A0A139CPU7-F1-model_v4	AF-A0A139CPU7-F1-model_v4_esm_TED04	esm	high	213	2	94.3064	0.9720	AF-A0A139CPU7-F1-model_v4_TED04
AF-A0A139CPU7-F1-model_v4	AF-A0A139CPU7-F1-model_v4_esm_TED05	esm	high	92	1	97.3584	1.0000	AF-A0A139CPU7-F1-model_v4_TED05
AF-A0A4S0GS29-F1-model_v4	AF-A0A4S0GS29-F1-model_v4_TED01	afdb	high	74	1	85.8661	1.0000	AF-A0A4S0GS29-F1-model_v4_TED01
AF-A0A4S0GS29-F1-model_v4	AF-A0A4S0GS29-F1-model_v4_esm_TED01	esm	medium	61	1	77.1346	0.8243	AF-A0A4S0GS29-F1-model_v4_TED01
AF-A0A6M7XZM2-F1-model_v4	AF-A0A6M7XZM2-F1-model_v4_TED01	afdb	medium	67	1	77.061	1.0000	AF-A0A6M7XZM2-F1-model_v4_TED01
AF-A0A6M7XZM2-F1-model_v4	AF-A0A6M7XZM2-F1-model_v4_esm_TED01	esm	high	70	1	54.8764	0.9571	AF-A0A6M7XZM2-F1-model_v4_TED01
AF-A0A7C3WWI9-F1-model_v4	AF-A0A7C3WWI9-F1-model_v4_TED01	afdb	medium	101	1	91.1774	1.0000	AF-A0A7C3WWI9-F1-model_v4_TED01
AF-A0A7C3WWI9-F1-model_v4	AF-A0A7C3WWI9-F1-model_v4_TED02	afdb	high	265	1	94.8659	1.0000	AF-A0A7C3WWI9-F1-model_v4_TED02
AF-A0A7C3WWI9-F1-model_v4	AF-A0A7C3WWI9-F1-model_v4_esm_TED01	esm	medium	97	1	89.9671	0.9604	AF-A0A7C3WWI9-F1-model_v4_TED01
AF-A0A7C3WWI9-F1-model_v4	AF-A0A7C3WWI9-F1-model_v4_esm_TED02	esm	high	267	1	91.7577	0.9925	AF-A0A7C3WWI9-F1-model_v4_TED02
AF-A0A7V5N3P5-F1-model_v4	AF-A0A7V5N3P5-F1-model_v4_TED01	afdb	high	236	2	96.3419	1.0000	AF-A0A7V5N3P5-F1-model_v4_TED01
AF-A0A7V5N3P5-F1-model_v4	AF-A0A7V5N3P5-F1-model_v4_TED02	afdb	high	294	2	92.6041	1.0000	AF-A0A7V5N3P5-F1-model_v4_TED02
AF-A0A7V5N3P5-F1-model_v4	AF-A0A7V5N3P5-F1-model_v4_TED03	afdb	medium	85	1	94.396	1.0000	AF-A0A7V5N3P5-F1-model_v4_TED03
AF-A0A7V5N3P5-F1-model_v4	AF-A0A7V5N3P5-F1-model_v4_esm_TED01	esm	high	237	2	85.0967	0.9791	AF-A0A7V5N3P5-F1-model_v4_TED01
AF-A0A7V5N3P5-F1-model_v4	AF-A0A7V5N3P5-F1-model_v4_esm_TED02	esm	high	236	2	79.294	0.7785	AF-A0A7V5N3P5-F1-model_v4_TED02
AF-A0A7V5N3P5-F1-model_v4	AF-A0A7V5N3P5-F1-model_v4_esm_TED03	esm	medium	84	1	85.4877	0.9882	AF-A0A7V5N3P5-F1-model_v4_TED03
AF-A0A2N5TLT1-F1-model_v4	AF-A0A2N5TLT1-F1-model_v4_TED01	afdb	high	117	2	85.8341	1.0000	AF-A0A2N5TLT1-F1-model_v4_TED01
AF-A0A2N5TLT1-F1-model_v4	AF-A0A2N5TLT1-F1-model_v4_TED02	afdb	high	53	1	82.8242	1.0000	AF-A0A2N5TLT1-F1-model_v4_TED02
AF-A0A2N5TLT1-F1-model_v4	AF-A0A2N5TLT1-F1-model_v4_esm_TED01	esm	high	115	2	88.7853	0.9661	AF-A0A2N5TLT1-F1-model_v4_TED01
AF-A0A2N5TLT1-F1-model_v4	AF-A0A2N5TLT1-F1-model_v4_esm_TED02	esm	high	53	1	89.7115	1.0000	AF-A0A2N5TLT1-F1-model_v4_TED02
AF-A0A6G0UAT2-F1-model_v4	AF-A0A6G0UAT2-F1-model_v4_TED01	afdb	high	90	1	79.7479	1.0000	AF-A0A6G0UAT2-F1-model_v4_TED01
AF-A0A6G0UAT2-F1-model_v4	AF-A0A6G0UAT2-F1-model_v4_esm_TED01	esm	medium	49	1	31.738	0.5444	AF-A0A6G0UAT2-F1-model_v4_TED01
AF-A0A1M6WVF0-F1-model_v4	AF-A0A1M6WVF0-F1-model_v4_TED01	afdb	medium	128	1	88.1916	1.0000	AF-A0A1M6WVF0-F1-model_v4_TED01
AF-A0A1M6WVF0-F1-model_v4	AF-A0A1M6WVF0-F1-model_v4_TED02	afdb	medium	147	1	92.8667	1.0000	AF-A0A1M6WVF0-F1-model_v4_TED02
AF-A0A1M6WVF0-F1-model_v4	AF-A0A1M6WVF0-F1-model_v4_esm_TED01	esm	medium	117	1	94.5139	0.9141	AF-A0A1M6WVF0-F1-model_v4_TED01
AF-A0A1M6WVF0-F1-model_v4	AF-A0A1M6WVF0-F1-model_v4_esm_TED02	esm	medium	144	1	89.152	0.0000	
AF-A0A1M6WVF0-F1-model_v4	AF-A0A1M6WVF0-F1-model_v4_esm_TED03	esm	high	147	1	91.0596	1.0000	AF-A0A1M6WVF0-F1-model_v4_TED02
AF-A0A851EIC0-F1-model_v4	AF-A0A851EIC0-F1-model_v4_TED01	afdb	high	210	2	84.8933	1.0000	AF-A0A851EIC0-F1-model_v4_TED01
AF-A0A851EIC0-F1-model_v4	AF-A0A851EIC0-F1-model_v4_esm_TED01	esm	high	194	3	81.568	0.8879	AF-A0A851EIC0-F1-model_v4_TED01
AF-Q0CMP1-F1-model_v4	AF-Q0CMP1-F1-model_v4_TED01	afdb	high	63	2	88.9924	1.0000	AF-Q0CMP1-F1-model_v4_TED01
AF-Q0CMP1-F1-model_v4	AF-Q0CMP1-F1-model_v4_TED02	afdb	high	65	1	90.28	1.0000	AF-Q0CMP1-F1-model_v4_TED02
AF-Q0CMP1-F1-model_v4	AF-Q0CMP1-F1-model_v4_esm_TED01	esm	medium	62	1	38.2573	0.7123	AF-Q0CMP1-F1-model_v4_TED01
AF-Q0CMP1-F1-model_v4	AF-Q0CMP1-F1-model_v4_esm_TED02	esm	high	65	1	87.2	1.0000	AF-Q0CMP1-F1-model_v4_TED02
AF-I4YFF7-F1-model_v4	AF-I4YFF7-F1-model_v4_TED01	afdb	high	120	1	94.3636	1.0000	AF-I4YFF7-F1-model_v4_TED01
AF-I4YFF7-F1-model_v4	AF-I4YFF7-F1-model_v4_TED02	afdb	high	327	1	95.66	1.0000	AF-I4YFF7-F1-model_v4_TED02
AF-I4YFF7-F1-model_v4	AF-I4YFF7-F1-model_v4_esm_TED01	esm	high	122	1	94.1543	0.9836	AF-I4YFF7-F1-model_v4_TED01
AF-I4YFF7-F1-model_v4	AF-I4YFF7-F1-model_v4_esm_TED02	esm	high	328	1	93.3151	0.9970	AF-I4YFF7-F1-model_v4_TED02
AF-M5XE36-F1-model_v4	AF-M5XE36-F1-model_v4_TED01	afdb	medium	503	1	93.6798	1.0000	AF-M5XE36-F1-model_v4_TED01
AF-M5XE36-F1-model_v4	AF-M5XE36-F1-model_v4_esm_TED01	esm	medium	25	1	95.836	0.0476	
AF-M5XE36-F1-model_v4	AF-M5XE36-F1-model_v4_esm_TED02	esm	medium	472	1	95.1132	0.9384	AF-M5XE36-F1-model_v4_TED01
AF-A0A640UK65-F1-model_v4	AF-A0A640UK65-F1-model_v4_TED01	afdb	high	192	1	87.9558	1.0000	AF-A0A640UK65-F1-model_v4_TED01
AF-A0A640UK65-F1-model_v4	AF-A0A640UK65-F1-model_v4_TED02	afdb	medium	104	1	91.6957	1.0000	AF-A0A640UK65-F1-model_v4_TED02
AF-A0A640UK65-F1-model_v4	AF-A0A640UK65-F1-model_v4_esm_TED01	esm	high	194	1	90.1402	0.9897	AF-A0A640UK65-F1-model_v4_TED01
AF-A0A640UK65-F1-model_v4	AF-A0A640UK65-F1-model_v4_esm_TED02	esm	high	104	1	95.8704	1.0000	AF-A0A640UK65-F1-model_v4_TED02
AF-A0A2N5ZUS3-F1-model_v4	AF-A0A2N5ZUS3-F1-model_v4_TED01	afdb	high	56	1	70.7584	1.0000	AF-A0A2N5ZUS3-F1-model_v4_TED01
AF-A0A2N5ZUS3-F1-model_v4	AF-A0A2N5ZUS3-F1-model_v4_esm_TED01	esm	high	58	1	71.9397	0.9655	AF-A0A2N5ZUS3-F1-model_v4_TED01
AF-A0A0Q4EE43-F1-model_v4	AF-A0A0Q4EE43-F1-model_v4_TED01	afdb	medium	226	1	95.2195	1.0000	AF-A0A0Q4EE43-F1-model_v4_TED01
AF-A0A0Q4EE43-F1-model_v4	AF-A0A0Q4EE43-F1-model_v4_TED02	afdb	high	106	1	88.3757	1.0000	AF-A0A0Q4EE43-F1-model_v4_TED02
AF-A0A0Q4EE43-F1-model_v4	AF-A0A0Q4EE43-F1-model_v4_esm_TED01	esm	high	223	1	93.8835	0.9867	AF-A0A0Q4EE43-F1-model_v4_TED01
AF-A0A0Q4EE43-F1-model_v4	AF-A0A0Q4EE43-F1-model_v4_esm_TED02	esm	high	106	1	94.273	0.9813	AF-A0A0Q4EE43-F1-model_v4_TED02
AF-A0A820BIT3-F1-model_v4	AF-A0A820BIT3-F1-model_v4_TED01	afdb	medium	125	1	50.0783	1.0000	AF-A0A820BIT3-F1-model_v4_TED01
AF-A0A820BIT3-F1-model_v4	AF-A0A820BIT3-F1-model_v4_TED02	afdb	medium	46	1	40.2754	1.0000	AF-A0A820BIT3-F1-model_v4_TED02
AF-A0A820BIT3-F1-model_v4	AF-A0A820BIT3-F1-model_v4_esm_TED01	esm	medium	30	1	50.2097	0.2400	
AF-A0A820BIT3-F1-model_v4	AF-A0A820BIT3-F1-model_v4_esm_TED02	esm	medium	48	2	32.2004	0.3840	AF-A0A820BIT3-F1-model_v4_TED01
AF-A0A0M3MAG1-F1-model_v4	AF-A0A0M3MAG1-F1-model_v4_TED01	afdb	high	100	1	96.9997	1.0000	AF-A0A0M3MAG1-F1-model_v4_TED01
AF-A0A0M3MAG1-F1-model_v4	AF-A0A0M3MAG1-F1-model_v4_esm_TED01	esm	high	102	1	89.3589	0.9804	AF-A0A0M3MAG1-F1-model_v4_TED01
AF-A0A6G8AHQ3-F1-model_v4	AF-A0A6G8AHQ3-F1-model_v4_TED01	afdb	high	70	3	95.8424	1.0000	AF-A0A6G8AHQ3-F1-model_v4_TED01
AF-A0A6G8AHQ3-F1-model_v4	AF-A0A6G8AHQ3-F1-model_v4_esm_TED01	esm	high	81	2	86.4558	0.8415	AF-A0A6G8AHQ3-F1-model_v4_TED01
AF-A0A1M4YER6-F1-model_v4	AF-A0A1M4YER6-F1-model_v4_TED01	afdb	medium	397	1	89.5187	1.0000	AF-A0A1M4YER6-F1-model_v4_TED01
AF-A0A1M4YER6-F1-model_v4	AF-A0A1M4YER6-F1-model_v4_esm_TED01	esm	medium	396	1	89.1781	0.9975	AF-A0A1M4YER6-F1-model_v4_TED01
AF-A0A4P7B070-F1-model_v4	AF-A0A4P7B070-F1-model_v4_TED01	afdb	high	115	1	97.3036	1.0000	AF-A0A4P7B070-F1-model_v4_TED01
AF-A0A4P7B070-F1-model_v4	AF-A0A4P7B070-F1-model_v4_TED02	afdb	high	64	1	93.8067	1.0000	AF-A0A4P7B070-F1-model_v4_TED02
AF-A0A4P7B070-F1-model_v4	AF-A0A4P7B070-F1-model_v4_TED03	afdb	high	112	1	92.7782	1.0000	AF-A0A4P7B070-F1-model_v4_TED03
AF-A0A4P7B070-F1-model_v4	AF-A0A4P7B070-F1-model_v4_esm_TED01	esm	high	115	1	94.4302	1.0000	AF-A0A4P7B070-F1-model_v4_TED01
AF-A0A4P7B070-F1-model_v4	AF-A0A4P7B070-F1-model_v4_esm_TED02	esm	high	103	2	90.9227	0.8376	AF-A0A4P7B070-F1-model_v4_TED03
AF-A0A4P7B070-F1-model_v4	AF-A0A4P7B070-F1-model_v4_esm_TED03	esm	high	64	1	93.3711	1.0000	AF-A0A4P7B070-F1-model_v4_TED02
AF-A0A2D6JQS7-F1-model_v4	AF-A0A2D6JQS7-F1-model_v4_TED01	afdb	medium	114	2	85.8498	1.0000	AF-A0A2D6JQS7-F1-model_v4_TED01
AF-A0A2D6JQS7-F1-model_v4	AF-A0A2D6JQS7-F1-model_v4_TED02	afdb	medium	265	1	89.1046	1.0000	AF-A0A2D6JQS7-F1-model_v4_TED02
AF-A0A2D6JQS7-F1-model_v4	AF-A0A2D6JQS7-F1-model_v4_esm_TED01	esm	medium	123	1	73.1737	0.0000	
AF-A0A2D6JQS7-F1-model_v4	AF-A0A2D6JQS7-F1-model_v4_esm_TED02	esm	high	114	2	80.3373	1.0000	AF-A0A2D6JQS7-F1-model_v4_TED01
AF-A0A2D6JQS7-F1-model_v4	AF-A0A2D6JQS7-F1-model_v4_esm_TED03	esm	high	239	3	58.8772	0.9019	AF-A0A2D6JQS7-F1-model_v4_TED02
AF-A0A2D6JQS7-F1-model_v4	AF-A0A2D6JQS7-F1-model_v4_esm_TED04	esm	medium	59	1	70.7144	0.0000	
AF-A0A1F6DZ33-F1-model_v4	AF-A0A1F6DZ33-F1-model_v4_TED01	afdb	medium	35	1	62.448	1.0000	AF-A0A1F6DZ33-F1-model_v4_TED01
AF-A0A1F6DZ33-F1-model_v4	AF-A0A1F6DZ33-F1-model_v4_esm_TED01	esm	medium	29	1	66.9231	0.2549	AF-A0A1F6DZ33-F1-model_v4_TED01
AF-A0A1I5A4V4-F1-model_v4	AF-A0A1I5A4V4-F1-model_v4_TED01	afdb	high	80	1	91.5403	1.0000	AF-A0A1I5A4V4-F1-model_v4_TED01
AF-A0A1I5A4V4-F1-model_v4	AF-A0A1I5A4V4-F1-model_v4_TED02	afdb	high	127	1	89.6496	1.0000	AF-A0A1I5A4V4-F1-model_v4_TED02
AF-A0A1I5A4V4-F1-model_v4	AF-A0A1I5A4V4-F1-model_v4_TED03	afdb	high	66	1	75.2055	1.0000	AF-A0A1I5A4V4-F1-model_v4_TED03
AF-A0A1I5A4V4-F1-model_v4	AF-A0A1I5A4V4-F1-model_v4_esm_TED01	esm	high	80	1	92.4639	1.0000	AF-A0A1I5A4V4-F1-model_v4_TED01
AF-A0A1I5A4V4-F1-model_v4	AF-A0A1I5A4V4-F1-model_v4_esm_TED02	esm	high	127	1	94.8327	1.0000	AF-A0A1I5A4V4-F1-model_v4_TED02
AF-A0A1I5A4V4-F1-model_v4	AF-A0A1I5A4V4-F1-model_v4_esm_TED03	esm	high	62	1	91.3037	0.9394	AF-A0A1I5A4V4-F1-model_v4_TED03
AF-W2F3P7-F1-model_v4	AF-W2F3P7-F1-model_v4_TED01	afdb	high	84	1	92.332	1.0000	AF-W2F3P7-F1-model_v4_TED01
AF-W2F3P7-F1-model_v4	AF-W2F3P7-F1-model_v4_TED02	afdb	high	61	1	92.7389	1.0000	AF-W2F3P7-F1-model_v4_TED02
AF-W2F3P7-F1-model_v4	AF-W2F3P7-F1-model_v4_esm_TED01	esm	high	84	1	89.5444	1.0000	AF-W2F3P7-F1-model_v4_TED01
AF-W2F3P7-F1-model_v4	AF-W2F3P7-F1-model_v4_esm_TED02	esm	high	91	1	74.1856	0.6703	AF-W2F3P7-F1-model_v4_TED02
AF-C1LES2-F1-model_v4	AF-C1LES2-F1-model_v4_TED01	afdb	medium	353	1	80.9398	1.0000	AF-C1LES2-F1-model_v4_TED01
AF-C1LES2-F1-model_v4	AF-C1LES2-F1-model_v4_esm_TED01	esm	medium	150	2	62.9425	0.3522	AF-C1LES2-F1-model_v4_TED01
AF-C1LES2-F1-model_v4	AF-C1LES2-F1-model_v4_esm_TED02	esm	medium	119	2	69.7653	0.3371	
AF-C1LES2-F1-model_v4	AF-C1LES2-F1-model_v4_esm_TED03	esm	medium	87	1	57.6316	0.2325	
AF-A0A7S1FAB7-F1-model_v4	AF-A0A7S1FAB7-F1-model_v4_TED01	afdb	high	135	1	82.0751	1.0000	AF-A0A7S1FAB7-F1-model_v4_TED01
AF-A0A321LFD2-F1-model_v4	AF-A0A321LFD2-F1-model_v4_TED01	afdb	medium	271	1	96.7191	1.0000	AF-A0A321LFD2-F1-model_v4_TED01
AF-A0A321LFD2-F1-model_v4	AF-A0A321LFD2-F1-model_v4_TED02	afdb	high	162	1	96.8157	1.0000	AF-A0A321LFD2-F1-model_v4_TED02
AF-A0A321LFD2-F1-model_v4	AF-A0A321LFD2-F1-model_v4_esm_TED01	esm	medium	271	1	93.6832	1.0000	AF-A0A321LFD2-F1-model_v4_TED01
AF-A0A321LFD2-F1-model_v4	AF-A0A321LFD2-F1-model_v4_esm_TED02	esm	high	178	1	92.4397	0.9101	AF-A0A321LFD2-F1-model_v4_TED02
AF-A0A482WC76-F1-model_v4	AF-A0A482WC76-F1-model_v4_TED01	afdb	high	38	1	81.4629	1.0000	AF-A0A482WC76-F1-model_v4_TED01
AF-A0A482WC76-F1-model_v4	AF-A0A482WC76-F1-model_v4_esm_TED01	esm	medium	33	1	71.3755	0.6905	AF-A0A482WC76-F1-model_v4_TED01
AF-A0A482WC76-F1-model_v4	AF-A0A482WC76-F1-model_v4_esm_TED02	esm	medium	45	1	48.3789	0.0921	
AF-A0A2E2VQX8-F1-model_v4	AF-A0A2E2VQX8-F1-model_v4_TED01	afdb	high	61	1	83.9711	1.0000	AF-A0A2E2VQX8-F1-model_v4_TED01
AF-A0A2E2VQX8-F1-model_v4	AF-A0A2E2VQX8-F1-model_v4_TED02	afdb	medium	67	1	85.6331	0.7614	AF-A0A2E2VQX8-F1-model_v4_TED02
AF-A0A2E2VQX8-F1-model_v4	AF-A0A2E2VQX8-F1-model_v4_TED03	afdb	medium	114	1	84.9482	0.8201	AF-A0A2E2VQX8-F1-model_v4_TED03
AF-A0A2E2VQX8-F1-model_v4	AF-A0A2E2VQX8-F1-model_v4_TED04	afdb	high	186	2	94.6853	1.0000	AF-A0A2E2VQX8-F1-model_v4_TED04
AF-A0A2E2VQX8-F1-model_v4	AF-A0A2E2VQX8-F1-model_v4_esm_TED01	esm	medium	66	1	92.0573	0.9242	AF-A0A2E2VQX8-F1-model_v4_TED01
AF-A0A2E2VQX8-F1-model_v4	AF-A0A2E2VQX8-F1-model_v4_esm_TED02	esm	medium	89	1	85.8827	0.9888	AF-A0A2E2VQX8-F1-model_v4_TED02
AF-A0A2E2VQX8-F1-model_v4	AF-A0A2E2VQX8-F1-model_v4_esm_TED03	esm	high	125	1	91.0257	0.8993	AF-A0A2E2VQX8-F1-model_v4_TED03
AF-A0A2E2VQX8-F1-model_v4	AF-A0A2E2VQX8-F1-model_v4_esm_TED04	esm	high	198	2	97.1702	0.9394	AF-A0A2E2VQX8-F1-model_v4_TED04
AF-A0A0C2IRJ1-F1-model_v4	AF-A0A0C2IRJ1-F1-model_v4_TED01	afdb	medium	77	2	84.8481	1.0000	AF-A0A0C2IRJ1-F1-model_v4_TED01
AF-A0A0C2IRJ1-F1-model_v4	AF-A0A0C2IRJ1-F1-model_v4_esm_TED01	esm	medium	102	1	72.0208	0.7549	AF-A0A0C2IRJ1-F1-model_v4_TED01
AF-S5ZIK7-F1-model_v4	AF-S5ZIK7-F1-model_v4_TED01	afdb	high	88	1	98.0433	1.0000	AF-S5ZIK7-F1-model_v4_TED01
AF-S5ZIK7-F1-model_v4	AF-S5ZIK7-F1-model_v4_TED02	afdb	high	279	1	98.4861	1.0000	AF-S5ZIK7-F1-model_v4_TED02
AF-S5ZIK7-F1-model_v4	AF-S5ZIK7-F1-model_v4_esm_TED01	esm	high	88	1	86.3132	1.0000	AF-S5ZIK7-F1-model_v4_TED01
AF-S5ZIK7-F1-model_v4	AF-S5ZIK7-F1-model_v4_esm_TED02	esm	high	279	1	92.2279	1.0000	AF-S5ZIK7-F1-model_v4_TED02
AF-A0A7L2HFK6-F1-model_v4	AF-A0A7L2HFK6-F1-model_v4_TED01	afdb	high	95	2	83.1196	1.0000	AF-A0A7L2HFK6-F1-model_v4_TED01
AF-A0A7L2HFK6-F1-model_v4	AF-A0A7L2HFK6-F1-model_v4_TED02	afdb	high	48	1	88.706	1.0000	AF-A0A7L2HFK6-F1-model_v4_TED02
AF-A0A7L2HFK6-F1-model_v4	AF-A0A7L2HFK6-F1-model_v4_esm_TED01	esm	medium	95	2	84.3968	0.8812	AF-A0A7L2HFK6-F1-model_v4_TED01
AF-A0A7L2HFK6-F1-model_v4	AF-A0A7L2HFK6-F1-model_v4_esm_TED02	esm	medium	64	1	82.7909	0.7500	AF-A0A7L2HFK6-F1-model_v4_TED02
AF-E4U6L6-F1-model_v4	AF-E4U6L6-F1-model_v4_TED01	afdb	medium	41	1	48.7824	1.0000	AF-E4U6L6-F1-model_v4_TED01
AF-E4U6L6-F1-model_v4	AF-E4U6L6-F1-model_v4_esm_TED01	esm	medium	33	1	85.7806	0.0000	
AF-A0A1W1IDS4-F1-model_v4	AF-A0A1W1IDS4-F1-model_v4_TED01	afdb	high	163	1	92.9996	1.0000	AF-A0A1W1IDS4-F1-model_v4_TED01
AF-A0A1W1IDS4-F1-model_v4	AF-A0A1W1IDS4-F1-model_v4_esm_TED01	esm	high	173	1	81.1524	0.9422	AF-A0A1W1IDS4-F1-model_v4_TED01
AF-A0A1E7KBI5-F1-model_v4	AF-A0A1E7KBI5-F1-model_v4_TED01	afdb	high	112	1	86.5791	1.0000	AF-A0A1E7KBI5-F1-model_v4_TED01
AF-A0A1E7KBI5-F1-model_v4	AF-A0A1E7KBI5-F1-model_v4_TED02	afdb	high	101	2	89.5699	1.0000	AF-A0A1E7KBI5-F1-model_v4_TED02
AF-A0A1E7KBI5-F1-model_v4	AF-A0A1E7KBI5-F1-model_v4_TED03	afdb	high	177	1	90.0176	1.0000	AF-A0A1E7KBI5-F1-model_v4_TED03
AF-A0A1E7KBI5-F1-model_v4	AF-A0A1E7KBI5-F1-model_v4_TED04	afdb	high	222	1	85.6313	1.0000	AF-A0A1E7KBI5-F1-model_v4_TED04
AF-A0A1E7KBI5-F1-model_v4	AF-A0A1E7KBI5-F1-model_v4_esm_TED01	esm	high	113	1	94.5547	0.9737	AF-A0A1E7KBI5-F1-model_v4_TED01
AF-A0A1E7KBI5-F1-model_v4	AF-A0A1E7KBI5-F1-model_v4_esm_TED02	esm	high	109	1	95.9706	0.9266	AF-A0A1E7KBI5-F1-model_v4_TED02
AF-A0A1E7KBI5-F1-model_v4	AF-A0A1E7KBI5-F1-model_v4_esm_TED03	esm	high	175	1	87.7303	0.9887	AF-A0A1E7KBI5-F1-model_v4_TED03
AF-A0A1E7KBI5-F1-model_v4	AF-A0A1E7KBI5-F1-model_v4_esm_TED04	esm	high	222	1	95.5216	1.0000	AF-A0A1E7KBI5-F1-model_v4_TED04
AF-A0A096BFV6-F1-model_v4	AF-A0A096BFV6-F1-model_v4_TED01	afdb	high	41	1	98.3563	1.0000	AF-A0A096BFV6-F1-model_v4_TED01
AF-A0A096BFV6-F1-model_v4	AF-A0A096BFV6-F1-model_v4_TED02	afdb	high	138	1	95.9864	1.0000	AF-A0A096BFV6-F1-model_v4_TED02
AF-A0A096BFV6-F1-model_v4	AF-A0A096BFV6-F1-model_v4_esm_TED01	esm	high	40	1	92.5115	0.9756	AF-A0A096BFV6-F1-model_v4_TED01
AF-A0A096BFV6-F1-model_v4	AF-A0A096BFV6-F1-model_v4_esm_TED02	esm	high	139	1	91.589	0.9928	AF-A0A096BFV6-F1-model_v4_TED02
AF-A0A2T5LMW0-F1-model_v4	AF-A0A2T5LMW0-F1-model_v4_TED01	afdb	medium	67	1	66.9261	1.0000	AF-A0A2T5LMW0-F1-model_v4_TED01
AF-A0A2T5LMW0-F1-model_v4	AF-A0A2T5LMW0-F1-model_v4_esm_TED01	esm	high	66	1	49.6595	0.9851	AF-A0A2T5LMW0-F1-model_v4_TED01
AF-D1A1F9-F1-model_v4	AF-D1A1F9-F1-model_v4_TED01	afdb	high	94	1	95.9153	1.0000	AF-D1A1F9-F1-model_v4_TED01
AF-D1A1F9-F1-model_v4	AF-D1A1F9-F1-model_v4_esm_TED01	esm	high	93	1	84.5673	0.9894	AF-D1A1F9-F1-model_v4_TED01
AF-A0A5B8UKZ6-F1-model_v4	AF-A0A5B8UKZ6-F1-model_v4_TED01	afdb	high	388	2	93.2314	1.0000	AF-A0A5B8UKZ6-F1-model_v4_TED01
AF-A0A5B8UKZ6-F1-model_v4	AF-A0A5B8UKZ6-F1-model_v4_esm_TED01	esm	high	400	1	95.2455	0.9700	AF-A0A5B8UKZ6-F1-model_v4_TED01
AF-A0A4Y3KS94-F1-model_v4	AF-A0A4Y3KS94-F1-model_v4_TED01	afdb	high	101	1	96.9028	1.0000	AF-A0A4Y3KS94-F1-model_v4_TED01
AF-A0A4Y3KS94-F1-model_v4	AF-A0A4Y3KS94-F1-model_v4_esm_TED01	esm	high	101	1	87.2152	1.0000	AF-A0A4Y3KS94-F1-model_v4_TED01
AF-A0A554RTL8-F1-model_v4	AF-A0A554RTL8-F1-model_v4_TED01	afdb	medium	212	1	96.3646	1.0000	AF-A0A554RTL8-F1-model_v4_TED01
AF-A0A554RTL8-F1-model_v4	AF-A0A554RTL8-F1-model_v4_esm_TED01	esm	medium	218	1	93.2039	0.9725	AF-A0A554RTL8-F1-model_v4_TED01
AF-A0A0S8JDF4-F1-model_v4	AF-A0A0S8JDF4-F1-model_v4_TED01	afdb	high	96	1	96.179	0.8136	AF-A0A0S8JDF4-F1-model_v4_TED01
AF-A0A0S8JDF4-F1-model_v4	AF-A0A0S8JDF4-F1-model_v4_TED02	afdb	high	121	1	95.4958	0.9587	AF-A0A0S8JDF4-F1-model_v4_TED02
AF-A0A0S8JDF4-F1-model_v4	AF-A0A0S8JDF4-F1-model_v4_esm_TED01	esm	high	96	1	95.1974	0.8136	AF-A0A0S8JDF4-F1-model_v4_TED01
AF-A0A0S8JDF4-F1-model_v4	AF-A0A0S8JDF4-F1-model_v4_esm_TED02	esm	high	118	1	95.7416	0.9831	AF-A0A0S8JDF4-F1-model_v4_TED02
AF-A0A6L8RLG1-F1-model_v4	AF-A0A6L8RLG1-F1-model_v4_TED01	afdb	high	135	1	97.229	1.0000	AF-A0A6L8RLG1-F1-model_v4_TED01
AF-A0A6L8RLG1-F1-model_v4	AF-A0A6L8RLG1-F1-model_v4_esm_TED01	esm	high	141	1	92.6795	0.9574	AF-A0A6L8RLG1-F1-model_v4_TED01
AF-A0A2U4Y0H0-F1-model_v4	AF-A0A2U4Y0H0-F1-model_v4_TED01	afdb	high	218	1	97.5559	1.0000	AF-A0A2U4Y0H0-F1-model_v4_TED01
AF-A0A2U4Y0H0-F1-model_v4	AF-A0A2U4Y0H0-F1-model_v4_esm_TED01	esm	high	218	1	98.4619	1.0000	AF-A0A2U4Y0H0-F1-model_v4_TED01
AF-A0A2B8BAY0-F1-model_v4	AF-A0A2B8BAY0-F1-model_v4_TED01	afdb	high	192	1	96.0513	1.0000	AF-A0A2B8BAY0-F1-model_v4_TED01
AF-A0A2B8BAY0-F1-model_v4	AF-A0A2B8BAY0-F1-model_v4_esm_TED01	esm	high	184	1	92.3602	0.9482	AF-A0A2B8BAY0-F1-model_v4_TED01
AF-A0A0A7KEU4-F1-model_v4	AF-A0A0A7KEU4-F1-model_v4_TED01	afdb	high	132	1	89.9635	1.0000	AF-A0A0A7KEU4-F1-model_v4_TED01
AF-A0A0A7KEU4-F1-model_v4	AF-A0A0A7KEU4-F1-model_v4_esm_TED01	esm	high	128	1	79.7835	0.9697	AF-A0A0A7KEU4-F1-model_v4_TED01
AF-A0A6B3QFP3-F1-model_v4	AF-A0A6B3QFP3-F1-model_v4_TED01	afdb	high	143	1	92.3285	1.0000	AF-A0A6B3QFP3-F1-model_v4_TED01
AF-A0A6B3QFP3-F1-model_v4	AF-A0A6B3QFP3-F1-model_v4_esm_TED01	esm	high	142	1	78.9196	0.9930	AF-A0A6B3QFP3-F1-model_v4_TED01
AF-T0KWG7-F1-model_v4	AF-T0KWG7-F1-model_v4_TED01	afdb	high	326	2	88.2758	1.0000	AF-T0KWG7-F1-model_v4_TED01
AF-T0KWG7-F1-model_v4	AF-T0KWG7-F1-model_v4_TED02	afdb	medium	259	2	92.7567	1.0000	AF-T0KWG7-F1-model_v4_TED02
AF-T0KWG7-F1-model_v4	AF-T0KWG7-F1-model_v4_TED03	afdb	high	171	2	71.3319	1.0000	AF-T0KWG7-F1-model_v4_TED03
AF-T0KWG7-F1-model_v4	AF-T0KWG7-F1-model_v4_esm_TED01	esm	high	322	2	82.8316	0.9756	AF-T0KWG7-F1-model_v4_TED01
AF-T0KWG7-F1-model_v4	AF-T0KWG7-F1-model_v4_esm_TED02	esm	high	260	2	90.5695	0.9885	AF-T0KWG7-F1-model_v4_TED02
AF-T0KWG7-F1-model_v4	AF-T0KWG7-F1-model_v4_esm_TED03	esm	medium	175	2	71.8017	0.9771	AF-T0KWG7-F1-model_v4_TED03
AF-A0A1D1XQM2-F1-model_v4	AF-A0A1D1XQM2-F1-model_v4_TED01	afdb	medium	42	1	83.8371	1.0000	AF-A0A1D1XQM2-F1-model_v4_TED01
AF-A0A1D1XQM2-F1-model_v4	AF-A0A1D1XQM2-F1-model_v4_TED02	afdb	medium	360	1	93.3421	1.0000	AF-A0A1D1XQM2-F1-model_v4_TED02
AF-A0A1D1XQM2-F1-model_v4	AF-A0A1D1XQM2-F1-model_v4_esm_TED01	esm	medium	44	1	79.3807	0.9545	AF-A0A1D1XQM2-F1-model_v4_TED01
AF-A0A1D1XQM2-F1-model_v4	AF-A0A1D1XQM2-F1-model_v4_esm_TED02	esm	medium	351	2	91.954	0.9750	AF-A0A1D1XQM2-F1-model_v4_TED02
AF-A0A3P8YG40-F1-model_v4	AF-A0A3P8YG40-F1-model_v4_TED01	afdb	high	293	1	92.1405	1.0000	AF-A0A3P8YG40-F1-model_v4_TED01
AF-A0A3P8YG40-F1-model_v4	AF-A0A3P8YG40-F1-model_v4_TED02	afdb	medium	50	1	85.2484	1.0000	AF-A0A3P8YG40-F1-model_v4_TED02
AF-A0A3P8YG40-F1-model_v4	AF-A0A3P8YG40-F1-model_v4_esm_TED01	esm	medium	295	1	95.7418	0.9932	AF-A0A3P8YG40-F1-model_v4_TED01
AF-A0A3P8YG40-F1-model_v4	AF-A0A3P8YG40-F1-model_v4_esm_TED02	esm	medium	42	1	90.4229	0.8400	AF-A0A3P8YG40-F1-model_v4_TED02
AF-A0A1D8CZE8-F1-model_v4	AF-A0A1D8CZE8-F1-model_v4_TED01	afdb	high	218	1	97.5539	1.0000	AF-A0A1D8CZE8-F1-model_v4_TED01
AF-A0A1D8CZE8-F1-model_v4	AF-A0A1D8CZE8-F1-model_v4_esm_TED01	esm	high	218	1	98.1282	1.0000	AF-A0A1D8CZE8-F1-model_v4_TED01
AF-A0A2N6T0F9-F1-model_v4	AF-A0A2N6T0F9-F1-model_v4_TED01	afdb	medium	42	1	56.6769	1.0000	AF-A0A2N6T0F9-F1-model_v4_TED01
AF-A0A2N6T0F9-F1-model_v4	AF-A0A2N6T0F9-F1-model_v4_esm_TED01	esm	medium	79	1	53.3866	0.4756	AF-A0A2N6T0F9-F1-model_v4_TED01
AF-A0A8B6D1G4-F1-model_v4	AF-A0A8B6D1G4-F1-model_v4_TED01	afdb	medium	103	2	92.7566	1.0000	AF-A0A8B6D1G4-F1-model_v4_TED01
AF-A0A8B6D1G4-F1-model_v4	AF-A0A8B6D1G4-F1-model_v4_TED02	afdb	medium	112	1	91.0021	1.0000	AF-A0A8B6D1G4-F1-model_v4_TED02
AF-A0A8B6D1G4-F1-model_v4	AF-A0A8B6D1G4-F1-model_v4_esm_TED01	esm	medium	129	1	97.096	0.7984	AF-A0A8B6D1G4-F1-model_v4_TED01
AF-A0A8B6D1G4-F1-model_v4	AF-A0A8B6D1G4-F1-model_v4_esm_TED02	esm	medium	121	1	96.4323	0.8790	AF-A0A8B6D1G4-F1-model_v4_TED02
AF-A0A6C1S3N0-F1-model_v4	AF-A0A6C1S3N0-F1-model_v4_TED01	afdb	high	69	1	85.1152	1.0000	AF-A0A6C1S3N0-F1-model_v4_TED01
AF-A0A6C1S3N0-F1-model_v4	AF-A0A6C1S3N0-F1-model_v4_esm_TED01	esm	high	70	1	81.8449	0.9577	AF-A0A6C1S3N0-F1-model_v4_TED01
AF-A0A1I5VFZ6-F1-model_v4	AF-A0A1I5VFZ6-F1-model_v4_TED01	afdb	high	72	1	85.2478	1.0000	AF-A0A1I5VFZ6-F1-model_v4_TED01
AF-A0A1I5VFZ6-F1-model_v4	AF-A0A1I5VFZ6-F1-model_v4_esm_TED01	esm	medium	37	1	87.5078	0.4932	AF-A0A1I5VFZ6-F1-model_v4_TED01
AF-A0A117NRQ3-F1-model_v4	AF-A0A117NRQ3-F1-model_v4_TED01	afdb	high	73	1	92.6589	1.0000	AF-A0A117NRQ3-F1-model_v4_TED01
AF-A0A117NRQ3-F1-model_v4	AF-A0A117NRQ3-F1-model_v4_esm_TED01	esm	high	73	1	94.4397	1.0000	AF-A0A117NRQ3-F1-model_v4_TED01
AF-A0A117NRQ3-F1-model_v4	AF-A0A117NRQ3-F1-model_v4_esm_TED02	esm	medium	45	1	59.094	0.0000	
AF-M5FE95-F1-model_v4	AF-M5FE95-F1-model_v4_TED01	afdb	medium	42	1	90.4171	1.0000	AF-M5FE95-F1-model_v4_TED01
AF-M5FE95-F1-model_v4	AF-M5FE95-F1-model_v4_TED02	afdb	high	143	1	93.8986	1.0000	AF-M5FE95-F1-model_v4_TED02
AF-M5FE95-F1-model_v4	AF-M5FE95-F1-model_v4_esm_TED01	esm	medium	47	1	97.0119	0.8936	AF-M5FE95-F1-model_v4_TED01
AF-M5FE95-F1-model_v4	AF-M5FE95-F1-model_v4_esm_TED02	esm	high	148	1	95.0021	0.9662	AF-M5FE95-F1-model_v4_TED02
AF-A0A147HZJ2-F1-model_v4	AF-A0A147HZJ2-F1-model_v4_TED01	afdb	medium	42	1	90.8424	1.0000	AF-A0A147HZJ2-F1-model_v4_TED01
AF-A0A147HZJ2-F1-model_v4	AF-A0A147HZJ2-F1-model_v4_esm_TED01	esm	medium	41	1	83.5317	0.9762	AF-A0A147HZJ2-F1-model_v4_TED01
AF-A0A4R2KDB4-F1-model_v4	AF-A0A4R2KDB4-F1-model_v4_TED01	afdb	high	85	1	98.0147	1.0000	AF-A0A4R2KDB4-F1-model_v4_TED01
AF-A0A4R2KDB4-F1-model_v4	AF-A0A4R2KDB4-F1-model_v4_TED02	afdb	high	61	1	86.2864	1.0000	AF-A0A4R2KDB4-F1-model_v4_TED02
AF-A0A4R2KDB4-F1-model_v4	AF-A0A4R2KDB4-F1-model_v4_TED03	afdb	medium	239	1	96.8969	1.0000	AF-A0A4R2KDB4-F1-model_v4_TED03
AF-A0A4R2KDB4-F1-model_v4	AF-A0A4R2KDB4-F1-model_v4_esm_TED01	esm	high	100	1	94.4006	0.8500	AF-A0A4R2KDB4-F1-model_v4_TED01
AF-A0A4R2KDB4-F1-model_v4	AF-A0A4R2KDB4-F1-model_v4_esm_TED02	esm	high	70	1	94.9006	0.8714	AF-A0A4R2KDB4-F1-model_v4_TED02
AF-A0A4R2KDB4-F1-model_v4	AF-A0A4R2KDB4-F1-model_v4_esm_TED03	esm	medium	239	1	95.7862	1.0000	AF-A0A4R2KDB4-F1-model_v4_TED03
AF-A0A4Q0PAJ8-F1-model_v4	AF-A0A4Q0PAJ8-F1-model_v4_TED01	afdb	high	114	1	92.6241	1.0000	AF-A0A4Q0PAJ8-F1-model_v4_TED01
AF-A0A4Q0PAJ8-F1-model_v4	AF-A0A4Q0PAJ8-F1-model_v4_TED02	afdb	high	241	1	94.8966	1.0000	AF-A0A4Q0PAJ8-F1-model_v4_TED02
AF-A0A4Q0PAJ8-F1-model_v4	AF-A0A4Q0PAJ8-F1-model_v4_esm_TED01	esm	high	114	1	96.1261	1.0000	AF-A0A4Q0PAJ8-F1-model_v4_TED01
AF-A0A4Q0PAJ8-F1-model_v4	AF-A0A4Q0PAJ8-F1-model_v4_esm_TED02	esm	high	238	1	97.7942	0.9876	AF-A0A4Q0PAJ8-F1-model_v4_TED02
AF-A0A6M7UFV7-F1-model_v4	AF-A0A6M7UFV7-F1-model_v4_TED01	afdb	medium	59	3	96.0436	1.0000	AF-A0A6M7UFV7-F1-model_v4_TED01
AF-A0A6M7UFV7-F1-model_v4	AF-A0A6M7UFV7-F1-model_v4_esm_TED01	esm	high	102	2	89.8635	0.4505	AF-A0A6M7UFV7-F1-model_v4_TED01
AF-A0A6A8HVJ3-F1-model_v4	AF-A0A6A8HVJ3-F1-model_v4_TED01	afdb	high	215	1	92.3435	1.0000	AF-A0A6A8HVJ3-F1-model_v4_TED01
AF-A0A6A8HVJ3-F1-model_v4	AF-A0A6A8HVJ3-F1-model_v4_esm_TED01	esm	high	215	1	96.5668	1.0000	AF-A0A6A8HVJ3-F1-model_v4_TED01
AF-A0A537IW03-F1-model_v4	AF-A0A537IW03-F1-model_v4_TED01	afdb	medium	200	1	97.3855	1.0000	AF-A0A537IW03-F1-model_v4_TED01
AF-A0A537IW03-F1-model_v4	AF-A0A537IW03-F1-model_v4_esm_TED01	esm	medium	200	1	97.5138	1.0000	AF-A0A537IW03-F1-model_v4_TED01
AF-A0A0B5HFW1-F1-model_v4	AF-A0A0B5HFW1-F1-model_v4_TED01	afdb	medium	114	1	80.229	1.0000	AF-A0A0B5HFW1-F1-model_v4_TED01
AF-A0A0B5HFW1-F1-model_v4	AF-A0A0B5HFW1-F1-model_v4_TED02	afdb	medium	40	1	83.7098	1.0000	AF-A0A0B5HFW1-F1-model_v4_TED02
AF-A0A0B5HFW1-F1-model_v4	AF-A0A0B5HFW1-F1-model_v4_esm_TED01	esm	medium	113	1	74.0522	0.9912	AF-A0A0B5HFW1-F1-model_v4_TED01
AF-A0A0B5HFW1-F1-model_v4	AF-A0A0B5HFW1-F1-model_v4_esm_TED02	esm	medium	39	1	74.7823	0.8810	AF-A0A0B5HFW1-F1-model_v4_TED02
AF-A0A0D3N9S4-F1-model_v4	AF-A0A0D3N9S4-F1-model_v4_TED01	afdb	high	109	1	93.7592	1.0000	AF-A0A0D3N9S4-F1-model_v4_TED01
AF-A0A0D3N9S4-F1-model_v4	AF-A0A0D3N9S4-F1-model_v4_esm_TED01	esm	high	116	1	85.9753	0.9397	AF-A0A0D3N9S4-F1-model_v4_TED01
AF-A0A7H8M0R4-F1-model_v4	AF-A0A7H8M0R4-F1-model_v4_TED01	afdb	high	194	1	93.533	1.0000	AF-A0A7H8M0R4-F1-model_v4_TED01
AF-A0A7H8M0R4-F1-model_v4	AF-A0A7H8M0R4-F1-model_v4_esm_TED01	esm	high	195	1	92.2066	0.9949	AF-A0A7H8M0R4-F1-model_v4_TED01
AF-F3AZR4-F1-model_v4	AF-F3AZR4-F1-model_v4_TED01	afdb	high	201	2	85.9268	1.0000	AF-F3AZR4-F1-model_v4_TED01
AF-F3AZR4-F1-model_v4	AF-F3AZR4-F1-model_v4_TED02	afdb	medium	152	2	87.852	1.0000	AF-F3AZR4-F1-model_v4_TED02
AF-F3AZR4-F1-model_v4	AF-F3AZR4-F1-model_v4_TED03	afdb	medium	74	1	93.3023	1.0000	AF-F3AZR4-F1-model_v4_TED03
AF-F3AZR4-F1-model_v4	AF-F3AZR4-F1-model_v4_esm_TED01	esm	medium	241	1	96.9557	0.8115	AF-F3AZR4-F1-model_v4_TED01
AF-F3AZR4-F1-model_v4	AF-F3AZR4-F1-model_v4_esm_TED02	esm	medium	164	3	93.8774	0.8266	AF-F3AZR4-F1-model_v4_TED02
AF-F3AZR4-F1-model_v4	AF-F3AZR4-F1-model_v4_esm_TED03	esm	medium	74	1	96.5296	1.0000	AF-F3AZR4-F1-model_v4_TED03
AF-A0A6A5KJH9-F1-model_v4	AF-A0A6A5KJH9-F1-model_v4_TED01	afdb	high	86	1	95.188	1.0000	AF-A0A6A5KJH9-F1-model_v4_TED01
AF-A0A6A5KJH9-F1-model_v4	AF-A0A6A5KJH9-F1-model_v4_TED02	afdb	high	123	1	95.1835	1.0000	AF-A0A6A5KJH9-F1-model_v4_TED02
AF-A0A6A5KJH9-F1-model_v4	AF-A0A6A5KJH9-F1-model_v4_esm_TED01	esm	high	86	1	94.5714	1.0000	AF-A0A6A5KJH9-F1-model_v4_TED01
AF-A0A6A5KJH9-F1-model_v4	AF-A0A6A5KJH9-F1-model_v4_esm_TED02	esm	high	123	1	95.0806	1.0000	AF-A0A6A5KJH9-F1-model_v4_TED02
AF-A0A0F9HYX4-F1-model_v4	AF-A0A0F9HYX4-F1-model_v4_TED01	afdb	medium	43	1	53.6981	1.0000	AF-A0A0F9HYX4-F1-model_v4_TED01
AF-A0A0F9HYX4-F1-model_v4	AF-A0A0F9HYX4-F1-model_v4_TED02	afdb	medium	33	1	51.9473	1.0000	AF-A0A0F9HYX4-F1-model_v4_TED02
AF-A0A0F9HYX4-F1-model_v4	AF-A0A0F9HYX4-F1-model_v4_esm_TED01	esm	medium	75	1	55.1555	0.5325	AF-A0A0F9HYX4-F1-model_v4_TED01
AF-A0A090T0D0-F1-model_v4	AF-A0A090T0D0-F1-model_v4_TED01	afdb	high	168	2	89.7661	1.0000	AF-A0A090T0D0-F1-model_v4_TED01
AF-A0A090T0D0-F1-model_v4	AF-A0A090T0D0-F1-model_v4_esm_TED01	esm	high	171	2	94.9492	0.9371	AF-A0A090T0D0-F1-model_v4_TED01
AF-A0A6B3EST9-F1-model_v4	AF-A0A6B3EST9-F1-model_v4_TED01	afdb	high	46	1	85.1883	1.0000	AF-A0A6B3EST9-F1-model_v4_TED01
AF-A0A6B3EST9-F1-model_v4	AF-A0A6B3EST9-F1-model_v4_esm_TED01	esm	high	64	1	93.3364	0.7188	AF-A0A6B3EST9-F1-model_v4_TED01
AF-A0A315SW88-F1-model_v4	AF-A0A315SW88-F1-model_v4_TED01	afdb	high	138	1	96.0912	1.0000	AF-A0A315SW88-F1-model_v4_TED01
AF-A0A315SW88-F1-model_v4	AF-A0A315SW88-F1-model_v4_TED02	afdb	high	198	1	95.7532	1.0000	AF-A0A315SW88-F1-model_v4_TED02
AF-A0A315SW88-F1-model_v4	AF-A0A315SW88-F1-model_v4_esm_TED01	esm	high	114	2	94.6769	0.8261	AF-A0A315SW88-F1-model_v4_TED01
AF-A0A315SW88-F1-model_v4	AF-A0A315SW88-F1-model_v4_esm_TED02	esm	high	198	1	94.9975	1.0000	AF-A0A315SW88-F1-model_v4_TED02
AF-A0A1Y5GLH8-F1-model_v4	AF-A0A1Y5GLH8-F1-model_v4_TED01	afdb	high	189	2	85.6092	1.0000	AF-A0A1Y5GLH8-F1-model_v4_TED01
AF-A0A1Y5GLH8-F1-model_v4	AF-A0A1Y5GLH8-F1-model_v4_TED02	afdb	high	280	1	89.3691	1.0000	AF-A0A1Y5GLH8-F1-model_v4_TED02
AF-A0A1Y5GLH8-F1-model_v4	AF-A0A1Y5GLH8-F1-model_v4_esm_TED01	esm	high	181	2	90.5075	0.9577	AF-A0A1Y5GLH8-F1-model_v4_TED01
AF-A0A1Y5GLH8-F1-model_v4	AF-A0A1Y5GLH8-F1-model_v4_esm_TED02	esm	medium	280	1	94.7322	1.0000	AF-A0A1Y5GLH8-F1-model_v4_TED02
AF-A0A6J4E9M4-F1-model_v4	AF-A0A6J4E9M4-F1-model_v4_TED01	afdb	high	63	1	90.3219	1.0000	AF-A0A6J4E9M4-F1-model_v4_TED01
AF-A0A6J4E9M4-F1-model_v4	AF-A0A6J4E9M4-F1-model_v4_TED02	afdb	high	85	2	89.7374	1.0000	AF-A0A6J4E9M4-F1-model_v4_TED02
AF-A0A6J4E9M4-F1-model_v4	AF-A0A6J4E9M4-F1-model_v4_TED03	afdb	high	89	1	94.1143	1.0000	AF-A0A6J4E9M4-F1-model_v4_TED03
AF-A0A6J4E9M4-F1-model_v4	AF-A0A6J4E9M4-F1-model_v4_esm_TED01	esm	high	83	1	93.8322	0.7590	AF-A0A6J4E9M4-F1-model_v4_TED01
AF-A0A6J4E9M4-F1-model_v4	AF-A0A6J4E9M4-F1-model_v4_esm_TED02	esm	medium	98	2	87.9478	0.7941	AF-A0A6J4E9M4-F1-model_v4_TED02
AF-A0A6J4E9M4-F1-model_v4	AF-A0A6J4E9M4-F1-model_v4_esm_TED03	esm	medium	90	1	88.5999	0.9889	AF-A0A6J4E9M4-F1-model_v4_TED03
AF-A0A2G4IWQ0-F1-model_v4	AF-A0A2G4IWQ0-F1-model_v4_TED01	afdb	medium	69	1	95.5841	1.0000	AF-A0A2G4IWQ0-F1-model_v4_TED01
AF-A0A2G4IWQ0-F1-model_v4	AF-A0A2G4IWQ0-F1-model_v4_TED02	afdb	medium	51	1	87.901	1.0000	AF-A0A2G4IWQ0-F1-model_v4_TED02
AF-A0A2G4IWQ0-F1-model_v4	AF-A0A2G4IWQ0-F1-model_v4_esm_TED01	esm	medium	61	1	95.532	0.0078	AF-A0A2G4IWQ0-F1-model_v4_TED01
AF-A0A5C3P064-F1-model_v4	AF-A0A5C3P064-F1-model_v4_TED01	afdb	medium	115	2	32.0331	1.0000	AF-A0A5C3P064-F1-model_v4_TED01
AF-A0A5C3P064-F1-model_v4	AF-A0A5C3P064-F1-model_v4_esm_TED01	esm	medium	83	3	28.8454	0.6639	AF-A0A5C3P064-F1-model_v4_TED01
AF-A0A7W7Z0U7-F1-model_v4	AF-A0A7W7Z0U7-F1-model_v4_TED01	afdb	high	223	1	91.5301	1.0000	AF-A0A7W7Z0U7-F1-model_v4_TED01
AF-A0A7W7Z0U7-F1-model_v4	AF-A0A7W7Z0U7-F1-model_v4_TED02	afdb	high	77	1	90.3371	1.0000	AF-A0A7W7Z0U7-F1-model_v4_TED02
AF-A0A7W7Z0U7-F1-model_v4	AF-A0A7W7Z0U7-F1-model_v4_TED03	afdb	high	80	1	87.2689	1.0000	AF-A0A7W7Z0U7-F1-model_v4_TED03
AF-A0A7W7Z0U7-F1-model_v4	AF-A0A7W7Z0U7-F1-model_v4_esm_TED01	esm	high	220	1	94.0824	0.9865	AF-A0A7W7Z0U7-F1-model_v4_TED01
AF-A0A7W7Z0U7-F1-model_v4	AF-A0A7W7Z0U7-F1-model_v4_esm_TED02	esm	high	77	1	94.7548	1.0000	AF-A0A7W7Z0U7-F1-model_v4_TED02
AF-A0A7W7Z0U7-F1-model_v4	AF-A0A7W7Z0U7-F1-model_v4_esm_TED03	esm	high	80	1	94.362	1.0000	AF-A0A7W7Z0U7-F1-model_v4_TED03
AF-A0A1I0V129-F1-model_v4	AF-A0A1I0V129-F1-model_v4_TED01	afdb	high	133	1	95.5167	1.0000	AF-A0A1I0V129-F1-model_v4_TED01
AF-A0A1I0V129-F1-model_v4	AF-A0A1I0V129-F1-model_v4_TED02	afdb	high	37	1	84.3103	1.0000	AF-A0A1I0V129-F1-model_v4_TED02
AF-A0A1I0V129-F1-model_v4	AF-A0A1I0V129-F1-model_v4_esm_TED01	esm	high	136	1	87.2712	0.9779	AF-A0A1I0V129-F1-model_v4_TED01
AF-A0A1I0V129-F1-model_v4	AF-A0A1I0V129-F1-model_v4_esm_TED02	esm	high	43	1	77.0372	0.8605	AF-A0A1I0V129-F1-model_v4_TED02
AF-A0A5B0ANM8-F1-model_v4	AF-A0A5B0ANM8-F1-model_v4_TED01	afdb	medium	328	2	96.5226	1.0000	AF-A0A5B0ANM8-F1-model_v4_TED01
AF-A0A5B0ANM8-F1-model_v4	AF-A0A5B0ANM8-F1-model_v4_TED02	afdb	high	123	1	97.4448	1.0000	AF-A0A5B0ANM8-F1-model_v4_TED02
AF-A0A5B0ANM8-F1-model_v4	AF-A0A5B0ANM8-F1-model_v4_TED03	afdb	high	165	1	95.3781	1.0000	AF-A0A5B0ANM8-F1-model_v4_TED03
AF-A0A5B0ANM8-F1-model_v4	AF-A0A5B0ANM8-F1-model_v4_TED04	afdb	medium	91	1	96.3253	1.0000	AF-A0A5B0ANM8-F1-model_v4_TED04
AF-A0A5B0ANM8-F1-model_v4	AF-A0A5B0ANM8-F1-model_v4_esm_TED01	esm	high	109	2	94.2736	0.8349	AF-A0A5B0ANM8-F1-model_v4_TED04
AF-A0A5B0ANM8-F1-model_v4	AF-A0A5B0ANM8-F1-model_v4_esm_TED02	esm	high	123	1	89.8345	1.0000	AF-A0A5B0ANM8-F1-model_v4_TED02
AF-A0A5B0ANM8-F1-model_v4	AF-A0A5B0ANM8-F1-model_v4_esm_TED03	esm	high	276	2	88.0363	0.8415	AF-A0A5B0ANM8-F1-model_v4_TED01
AF-A0A5B0ANM8-F1-model_v4	AF-A0A5B0ANM8-F1-model_v4_esm_TED04	esm	high	165	1	93.5578	1.0000	AF-A0A5B0ANM8-F1-model_v4_TED03
AF-A0A1V4BUG4-F1-model_v4	AF-A0A1V4BUG4-F1-model_v4_TED01	afdb	medium	31	1	72.67	1.0000	AF-A0A1V4BUG4-F1-model_v4_TED01
AF-A0A1V4BUG4-F1-model_v4	AF-A0A1V4BUG4-F1-model_v4_esm_TED01	esm	medium	61	1	60.9957	0.5082	AF-A0A1V4BUG4-F1-model_v4_TED01
AF-G4Z6Y1-F1-model_v4	AF-G4Z6Y1-F1-model_v4_TED01	afdb	high	178	1	92.937	1.0000	AF-G4Z6Y1-F1-model_v4_TED01
AF-G4Z6Y1-F1-model_v4	AF-G4Z6Y1-F1-model_v4_esm_TED01	esm	high	176	1	90.3428	0.9888	AF-G4Z6Y1-F1-model_v4_TED01
AF-A0A840BN61-F1-model_v4	AF-A0A840BN61-F1-model_v4_TED01	afdb	high	229	2	91.5076	1.0000	AF-A0A840BN61-F1-model_v4_TED01
AF-A0A840BN61-F1-model_v4	AF-A0A840BN61-F1-model_v4_esm_TED01	esm	high	208	1	97.7638	0.8596	AF-A0A840BN61-F1-model_v4_TED01
AF-A0A836KRQ1-F1-model_v4	AF-A0A836KRQ1-F1-model_v4_TED01	afdb	high	201	1	77.8507	1.0000	AF-A0A836KRQ1-F1-model_v4_TED01
AF-A0A836KRQ1-F1-model_v4	AF-A0A836KRQ1-F1-model_v4_esm_TED01	esm	medium	261	3	69.7184	0.0000	
AF-A0A836KRQ1-F1-model_v4	AF-A0A836KRQ1-F1-model_v4_esm_TED02	esm	high	136	4	74.7962	0.0000	
AF-A0A836KRQ1-F1-model_v4	AF-A0A836KRQ1-F1-model_v4_esm_TED03	esm	high	201	1	81.8637	1.0000	AF-A0A836KRQ1-F1-model_v4_TED01
AF-A0A0N4UGS7-F1-model_v4	AF-A0A0N4UGS7-F1-model_v4_TED01	afdb	high	153	1	94.0612	1.0000	AF-A0A0N4UGS7-F1-model_v4_TED01
AF-A0A0N4UGS7-F1-model_v4	AF-A0A0N4UGS7-F1-model_v4_TED02	afdb	high	73	1	88.0437	0.9865	AF-A0A0N4UGS7-F1-model_v4_TED02
AF-A0A0N4UGS7-F1-model_v4	AF-A0A0N4UGS7-F1-model_v4_esm_TED01	esm	high	152	1	91.6997	0.9935	AF-A0A0N4UGS7-F1-model_v4_TED01
AF-A0A0N4UGS7-F1-model_v4	AF-A0A0N4UGS7-F1-model_v4_esm_TED02	esm	high	74	1	86.1538	1.0000	AF-A0A0N4UGS7-F1-model_v4_TED02
AF-A0A6J3YSD3-F1-model_v4	AF-A0A6J3YSD3-F1-model_v4_TED01	afdb	high	191	1	97.8092	1.0000	AF-A0A6J3YSD3-F1-model_v4_TED01
AF-A0A6J3YSD3-F1-model_v4	AF-A0A6J3YSD3-F1-model_v4_esm_TED01	esm	medium	76	2	80.635	0.0000	
AF-A0A6J3YSD3-F1-model_v4	AF-A0A6J3YSD3-F1-model_v4_esm_TED02	esm	high	191	1	95.6773	1.0000	AF-A0A6J3YSD3-F1-model_v4_TED01
AF-A0A2U1B6I2-F1-model_v4	AF-A0A2U1B6I2-F1-model_v4_TED01	afdb	medium	176	2	92.4542	1.0000	AF-A0A2U1B6I2-F1-model_v4_TED01
AF-A0A2U1B6I2-F1-model_v4	AF-A0A2U1B6I2-F1-model_v4_esm_TED01	esm	high	179	3	95.8626	0.9086	AF-A0A2U1B6I2-F1-model_v4_TED01
AF-A0A0A8EQ00-F1-model_v4	AF-A0A0A8EQ00-F1-model_v4_TED01	afdb	high	225	3	96.023	1.0000	AF-A0A0A8EQ00-F1-model_v4_TED01
AF-A0A0A8EQ00-F1-model_v4	AF-A0A0A8EQ00-F1-model_v4_esm_TED01	esm	high	260	2	90.6388	0.8441	AF-A0A0A8EQ00-F1-model_v4_TED01
AF-E6WZL3-F1-model_v4	AF-E6WZL3-F1-model_v4_TED01	afdb	high	148	1	95.4199	1.0000	AF-E6WZL3-F1-model_v4_TED01
AF-E6WZL3-F1-model_v4	AF-E6WZL3-F1-model_v4_TED02	afdb	medium	216	1	96.2859	1.0000	AF-E6WZL3-F1-model_v4_TED02
AF-E6WZL3-F1-model_v4	AF-E6WZL3-F1-model_v4_TED03	afdb	high	94	1	92.2539	1.0000	AF-E6WZL3-F1-model_v4_TED03
AF-E6WZL3-F1-model_v4	AF-E6WZL3-F1-model_v4_esm_TED01	esm	high	145	1	95.6444	0.9797	AF-E6WZL3-F1-model_v4_TED01
AF-E6WZL3-F1-model_v4	AF-E6WZL3-F1-model_v4_esm_TED02	esm	high	217	1	97.6641	0.9954	AF-E6WZL3-F1-model_v4_TED02
AF-E6WZL3-F1-model_v4	AF-E6WZL3-F1-model_v4_esm_TED03	esm	high	94	1	97.0154	1.0000	AF-E6WZL3-F1-model_v4_TED03
AF-A0A5B1BUM6-F1-model_v4	AF-A0A5B1BUM6-F1-model_v4_TED01	afdb	medium	211	1	91.3369	1.0000	AF-A0A5B1BUM6-F1-model_v4_TED01
AF-A0A5B1BUM6-F1-model_v4	AF-A0A5B1BUM6-F1-model_v4_esm_TED01	esm	medium	208	1	95.0795	0.9671	AF-A0A5B1BUM6-F1-model_v4_TED01
AF-A0A396GH09-F1-model_v4	AF-A0A396GH09-F1-model_v4_TED01	afdb	medium	106	2	90.1329	1.0000	AF-A0A396GH09-F1-model_v4_TED01
AF-A0A396GH09-F1-model_v4	AF-A0A396GH09-F1-model_v4_TED02	afdb	medium	134	2	89.3016	1.0000	AF-A0A396GH09-F1-model_v4_TED02
AF-A0A396GH09-F1-model_v4	AF-A0A396GH09-F1-model_v4_esm_TED01	esm	medium	267	1	83.3906	0.5019	AF-A0A396GH09-F1-model_v4_TED02
AF-A0A1D3JQW4-F1-model_v4	AF-A0A1D3JQW4-F1-model_v4_TED01	afdb	medium	51	1	57.3225	1.0000	AF-A0A1D3JQW4-F1-model_v4_TED01
AF-A0A2V7WHB6-F1-model_v4	AF-A0A2V7WHB6-F1-model_v4_TED01	afdb	medium	151	1	86.6627	1.0000	AF-A0A2V7WHB6-F1-model_v4_TED01
AF-A0A2V7WHB6-F1-model_v4	AF-A0A2V7WHB6-F1-model_v4_TED02	afdb	medium	184	1	81.8046	1.0000	AF-A0A2V7WHB6-F1-model_v4_TED02
AF-A0A2V7WHB6-F1-model_v4	AF-A0A2V7WHB6-F1-model_v4_esm_TED01	esm	medium	147	1	92.8493	0.9735	AF-A0A2V7WHB6-F1-model_v4_TED01
AF-A0A2V7WHB6-F1-model_v4	AF-A0A2V7WHB6-F1-model_v4_esm_TED02	esm	medium	185	1	85.4893	0.9946	AF-A0A2V7WHB6-F1-model_v4_TED02
AF-A0A2G3K5M2-F1-model_v4	AF-A0A2G3K5M2-F1-model_v4_TED01	afdb	high	60	1	87.0505	1.0000	AF-A0A2G3K5M2-F1-model_v4_TED01
AF-A0A2G3K5M2-F1-model_v4	AF-A0A2G3K5M2-F1-model_v4_TED02	afdb	high	56	1	88.0752	1.0000	AF-A0A2G3K5M2-F1-model_v4_TED02
AF-A0A2G3K5M2-F1-model_v4	AF-A0A2G3K5M2-F1-model_v4_TED03	afdb	high	71	1	93.3887	1.0000	AF-A0A2G3K5M2-F1-model_v4_TED03
AF-A0A2G3K5M2-F1-model_v4	AF-A0A2G3K5M2-F1-model_v4_esm_TED01	esm	high	62	1	93.0961	0.9677	AF-A0A2G3K5M2-F1-model_v4_TED01
AF-A0A2G3K5M2-F1-model_v4	AF-A0A2G3K5M2-F1-model_v4_esm_TED02	esm	high	56	1	89.4721	1.0000	AF-A0A2G3K5M2-F1-model_v4_TED02
AF-A0A2G3K5M2-F1-model_v4	AF-A0A2G3K5M2-F1-model_v4_esm_TED03	esm	high	69	1	94.5199	0.9718	AF-A0A2G3K5M2-F1-model_v4_TED03
AF-A0A5N5HTQ6-F1-model_v4	AF-A0A5N5HTQ6-F1-model_v4_TED01	afdb	high	202	1	93.9744	1.0000	AF-A0A5N5HTQ6-F1-model_v4_TED01
AF-A0A5N5HTQ6-F1-model_v4	AF-A0A5N5HTQ6-F1-model_v4_esm_TED01	esm	medium	147	2	91.5522	0.6619	AF-A0A5N5HTQ6-F1-model_v4_TED01
AF-A0A0B2QNL9-F1-model_v4	AF-A0A0B2QNL9-F1-model_v4_TED01	afdb	medium	338	1	96.2311	1.0000	AF-A0A0B2QNL9-F1-model_v4_TED01
AF-A0A0B2QNL9-F1-model_v4	AF-A0A0B2QNL9-F1-model_v4_esm_TED01	esm	medium	337	1	89.3263	0.9970	AF-A0A0B2QNL9-F1-model_v4_TED01
AF-A0A7X8MFW6-F1-model_v4	AF-A0A7X8MFW6-F1-model_v4_TED01	afdb	high	213	1	97.3623	1.0000	AF-A0A7X8MFW6-F1-model_v4_TED01
AF-A0A7X8MFW6-F1-model_v4	AF-A0A7X8MFW6-F1-model_v4_esm_TED01	esm	medium	214	1	97.9384	0.9860	AF-A0A7X8MFW6-F1-model_v4_TED01
AF-A0A5M6C9I5-F1-model_v4	AF-A0A5M6C9I5-F1-model_v4_TED01	afdb	high	224	1	76.2339	1.0000	AF-A0A5M6C9I5-F1-model_v4_TED01
AF-A0A5M6C9I5-F1-model_v4	AF-A0A5M6C9I5-F1-model_v4_esm_TED01	esm	high	221	1	87.9096	0.9778	AF-A0A5M6C9I5-F1-model_v4_TED01
AF-A0A1X9IRX0-F1-model_v4	AF-A0A1X9IRX0-F1-model_v4_TED01	afdb	high	158	2	86.8508	1.0000	AF-A0A1X9IRX0-F1-model_v4_TED01
AF-A0A1X9IRX0-F1-model_v4	AF-A0A1X9IRX0-F1-model_v4_esm_TED01	esm	high	215	1	91.6101	0.7269	AF-A0A1X9IRX0-F1-model_v4_TED01
AF-K2FR07-F1-model_v4	AF-K2FR07-F1-model_v4_TED01	afdb	high	95	1	95.7015	1.0000	AF-K2FR07-F1-model_v4_TED01
AF-K2FR07-F1-model_v4	AF-K2FR07-F1-model_v4_esm_TED01	esm	high	75	1	71.2848	0.7895	AF-K2FR07-F1-model_v4_TED01
AF-A0A3D5JYP9-F1-model_v4	AF-A0A3D5JYP9-F1-model_v4_TED01	afdb	medium	101	2	87.566	1.0000	AF-A0A3D5JYP9-F1-model_v4_TED01
AF-A0A3D5JYP9-F1-model_v4	AF-A0A3D5JYP9-F1-model_v4_esm_TED01	esm	medium	72	1	87.7817	0.0117	
AF-A0A3D5JYP9-F1-model_v4	AF-A0A3D5JYP9-F1-model_v4_esm_TED02	esm	medium	75	1	80.4464	0.7426	AF-A0A3D5JYP9-F1-model_v4_TED01
AF-A0A1I7IBT8-F1-model_v4	AF-A0A1I7IBT8-F1-model_v4_TED01	afdb	medium	194	1	77.7372	1.0000	AF-A0A1I7IBT8-F1-model_v4_TED01
AF-A0A1I7IBT8-F1-model_v4	AF-A0A1I7IBT8-F1-model_v4_TED02	afdb	high	182	1	85.3056	1.0000	AF-A0A1I7IBT8-F1-model_v4_TED02
AF-A0A1I7IBT8-F1-model_v4	AF-A0A1I7IBT8-F1-model_v4_esm_TED01	esm	medium	194	1	92.6341	1.0000	AF-A0A1I7IBT8-F1-model_v4_TED01
AF-A0A1I7IBT8-F1-model_v4	AF-A0A1I7IBT8-F1-model_v4_esm_TED02	esm	high	144	1	91.2786	0.7912	AF-A0A1I7IBT8-F1-model_v4_TED02
AF-A0A413WG58-F1-model_v4	AF-A0A413WG58-F1-model_v4_TED01	afdb	high	217	1	95.4515	1.0000	AF-A0A413WG58-F1-model_v4_TED01
AF-A0A413WG58-F1-model_v4	AF-A0A413WG58-F1-model_v4_esm_TED01	esm	high	228	1	95.2662	0.9518	AF-A0A413WG58-F1-model_v4_TED01
AF-A0A7L4I1Z7-F1-model_v4	AF-A0A7L4I1Z7-F1-model_v4_TED01	afdb	medium	208	1	91.5526	1.0000	AF-A0A7L4I1Z7-F1-model_v4_TED01
AF-A0A7L4I1Z7-F1-model_v4	AF-A0A7L4I1Z7-F1-model_v4_esm_TED01	esm	medium	208	1	87.6468	1.0000	AF-A0A7L4I1Z7-F1-model_v4_TED01
AF-A0A7X0EUC6-F1-model_v4	AF-A0A7X0EUC6-F1-model_v4_TED01	afdb	medium	53	1	92.9906	1.0000	AF-A0A7X0EUC6-F1-model_v4_TED01
AF-A0A7X0EUC6-F1-model_v4	AF-A0A7X0EUC6-F1-model_v4_TED02	afdb	medium	147	1	93.0247	1.0000	AF-A0A7X0EUC6-F1-model_v4_TED02
AF-A0A7X0EUC6-F1-model_v4	AF-A0A7X0EUC6-F1-model_v4_esm_TED01	esm	medium	52	1	92.7871	0.9811	AF-A0A7X0EUC6-F1-model_v4_TED01
AF-A0A7X0EUC6-F1-model_v4	AF-A0A7X0EUC6-F1-model_v4_esm_TED02	esm	medium	150	1	92.9798	0.9800	AF-A0A7X0EUC6-F1-model_v4_TED02
AF-A0A258RUT1-F1-model_v4	AF-A0A258RUT1-F1-model_v4_TED01	afdb	high	259	1	87.0198	1.0000	AF-A0A258RUT1-F1-model_v4_TED01
AF-A0A258RUT1-F1-model_v4	AF-A0A258RUT1-F1-model_v4_esm_TED01	esm	high	265	1	96.2401	0.9774	AF-A0A258RUT1-F1-model_v4_TED01
AF-A0A2K5IEN6-F1-model_v4	AF-A0A2K5IEN6-F1-model_v4_TED01	afdb	medium	74	1	60.5914	1.0000	AF-A0A2K5IEN6-F1-model_v4_TED01
AF-A0A2K5IEN6-F1-model_v4	AF-A0A2K5IEN6-F1-model_v4_esm_TED01	esm	high	48	1	81.5815	0.0252	
AF-A0A2K5IEN6-F1-model_v4	AF-A0A2K5IEN6-F1-model_v4_esm_TED02	esm	high	64	1	76.4344	0.8649	AF-A0A2K5IEN6-F1-model_v4_TED01
AF-D7A1D8-F1-model_v4	AF-D7A1D8-F1-model_v4_TED01	afdb	high	118	1	93.9047	1.0000	AF-D7A1D8-F1-model_v4_TED01
AF-D7A1D8-F1-model_v4	AF-D7A1D8-F1-model_v4_esm_TED01	esm	high	108	2	56.6381	0.8226	AF-D7A1D8-F1-model_v4_TED01
AF-X0AXE3-F1-model_v4	AF-X0AXE3-F1-model_v4_TED01	afdb	medium	96	2	91.7585	1.0000	AF-X0AXE3-F1-model_v4_TED01
AF-X0AXE3-F1-model_v4	AF-X0AXE3-F1-model_v4_TED02	afdb	high	56	1	77.8809	1.0000	AF-X0AXE3-F1-model_v4_TED02
AF-X0AXE3-F1-model_v4	AF-X0AXE3-F1-model_v4_esm_TED01	esm	medium	40	1	74.4898	0.1057	
AF-X0AXE3-F1-model_v4	AF-X0AXE3-F1-model_v4_esm_TED02	esm	medium	94	2	92.466	0.7593	AF-X0AXE3-F1-model_v4_TED01
AF-X0AXE3-F1-model_v4	AF-X0AXE3-F1-model_v4_esm_TED03	esm	medium	61	1	87.293	0.9180	AF-X0AXE3-F1-model_v4_TED02
AF-A0A091XC84-F1-model_v4	AF-A0A091XC84-F1-model_v4_TED01	afdb	high	51	1	74.7896	1.0000	AF-A0A091XC84-F1-model_v4_TED01
AF-A0A091XC84-F1-model_v4	AF-A0A091XC84-F1-model_v4_esm_TED01	esm	high	41	1	83.4288	0.8039	AF-A0A091XC84-F1-model_v4_TED01
AF-A0A2T3XPA9-F1-model_v4	AF-A0A2T3XPA9-F1-model_v4_TED01	afdb	high	186	2	94.5041	1.0000	AF-A0A2T3XPA9-F1-model_v4_TED01
AF-A0A2T3XPA9-F1-model_v4	AF-A0A2T3XPA9-F1-model_v4_esm_TED01	esm	high	147	1	89.6663	0.6404	AF-A0A2T3XPA9-F1-model_v4_TED01
AF-R8WKI3-F1-model_v4	AF-R8WKI3-F1-model_v4_TED01	afdb	high	67	1	86.1384	1.0000	AF-R8WKI3-F1-model_v4_TED01
AF-R8WKI3-F1-model_v4	AF-R8WKI3-F1-model_v4_TED02	afdb	high	82	1	87.512	1.0000	AF-R8WKI3-F1-model_v4_TED02
AF-R8WKI3-F1-model_v4	AF-R8WKI3-F1-model_v4_esm_TED01	esm	high	69	1	78.9062	0.9710	AF-R8WKI3-F1-model_v4_TED01
AF-R8WKI3-F1-model_v4	AF-R8WKI3-F1-model_v4_esm_TED02	esm	high	81	1	81.2095	0.9878	AF-R8WKI3-F1-model_v4_TED02
AF-A0A1H7ADK2-F1-model_v4	AF-A0A1H7ADK2-F1-model_v4_TED01	afdb	high	115	1	97.3113	1.0000	AF-A0A1H7ADK2-F1-model_v4_TED01
AF-A0A1H7ADK2-F1-model_v4	AF-A0A1H7ADK2-F1-model_v4_esm_TED01	esm	high	124	1	94.8061	0.9274	AF-A0A1H7ADK2-F1-model_v4_TED01
AF-A0A0H2Y2M4-F1-model_v4	AF-A0A0H2Y2M4-F1-model_v4_TED01	afdb	high	136	2	97.4493	0.9927	AF-A0A0H2Y2M4-F1-model_v4_TED01
AF-A0A0H2Y2M4-F1-model_v4	AF-A0A0H2Y2M4-F1-model_v4_TED02	afdb	high	274	1	97.2327	1.0000	AF-A0A0H2Y2M4-F1-model_v4_TED02
AF-A0A0H2Y2M4-F1-model_v4	AF-A0A0H2Y2M4-F1-model_v4_esm_TED01	esm	high	144	2	92.1913	0.9514	AF-A0A0H2Y2M4-F1-model_v4_TED01
AF-A0A0H2Y2M4-F1-model_v4	AF-A0A0H2Y2M4-F1-model_v4_esm_TED02	esm	high	274	1	91.8886	1.0000	AF-A0A0H2Y2M4-F1-model_v4_TED02
AF-A0A2X2URU3-F1-model_v4	AF-A0A2X2URU3-F1-model_v4_TED01	afdb	medium	264	1	92.2579	1.0000	AF-A0A2X2URU3-F1-model_v4_TED01
AF-A0A2X2URU3-F1-model_v4	AF-A0A2X2URU3-F1-model_v4_TED02	afdb	high	122	1	86.4325	1.0000	AF-A0A2X2URU3-F1-model_v4_TED02
AF-A0A2X2URU3-F1-model_v4	AF-A0A2X2URU3-F1-model_v4_esm_TED01	esm	medium	264	1	95.5437	1.0000	AF-A0A2X2URU3-F1-model_v4_TED01
AF-A0A2X2URU3-F1-model_v4	AF-A0A2X2URU3-F1-model_v4_esm_TED02	esm	high	120	1	86.3362	0.9675	AF-A0A2X2URU3-F1-model_v4_TED02
AF-A0A388KLQ2-F1-model_v4	AF-A0A388KLQ2-F1-model_v4_TED01	afdb	medium	68	1	85.8288	1.0000	AF-A0A388KLQ2-F1-model_v4_TED01
AF-A0A388KLQ2-F1-model_v4	AF-A0A388KLQ2-F1-model_v4_esm_TED01	esm	medium	81	1	90.0428	0.8171	AF-A0A388KLQ2-F1-model_v4_TED01
AF-A0A388KLQ2-F1-model_v4	AF-A0A388KLQ2-F1-model_v4_esm_TED02	esm	high	78	1	63.0929	0.0000	
AF-A0A7U3UQR1-F1-model_v4	AF-A0A7U3UQR1-F1-model_v4_TED01	afdb	high	188	2	96.3842	1.0000	AF-A0A7U3UQR1-F1-model_v4_TED01
AF-A0A7U3UQR1-F1-model_v4	AF-A0A7U3UQR1-F1-model_v4_TED02	afdb	medium	196	2	95.7051	1.0000	AF-A0A7U3UQR1-F1-model_v4_TED02
AF-A0A7U3UQR1-F1-model_v4	AF-A0A7U3UQR1-F1-model_v4_esm_TED01	esm	high	185	2	88.3112	0.9735	AF-A0A7U3UQR1-F1-model_v4_TED01
AF-A0A7U3UQR1-F1-model_v4	AF-A0A7U3UQR1-F1-model_v4_esm_TED02	esm	medium	197	2	79.5715	0.9949	AF-A0A7U3UQR1-F1-model_v4_TED02
AF-B8DQ52-F1-model_v4	AF-B8DQ52-F1-model_v4_TED01	afdb	high	151	1	88.8725	1.0000	AF-B8DQ52-F1-model_v4_TED01
AF-B8DQ52-F1-model_v4	AF-B8DQ52-F1-model_v4_TED02	afdb	medium	224	2	83.9492	1.0000	AF-B8DQ52-F1-model_v4_TED02
AF-B8DQ52-F1-model_v4	AF-B8DQ52-F1-model_v4_esm_TED01	esm	medium	83	2	85.5572	0.0000	
AF-B8DQ52-F1-model_v4	AF-B8DQ52-F1-model_v4_esm_TED02	esm	high	150	1	94.8266	0.9934	AF-B8DQ52-F1-model_v4_TED01
AF-B8DQ52-F1-model_v4	AF-B8DQ52-F1-model_v4_esm_TED03	esm	medium	125	1	94.7584	0.5108	AF-B8DQ52-F1-model_v4_TED02
AF-A0A2V9PFL2-F1-model_v4	AF-A0A2V9PFL2-F1-model_v4_TED01	afdb	medium	117	1	92.7737	1.0000	AF-A0A2V9PFL2-F1-model_v4_TED01
AF-A0A2V9PFL2-F1-model_v4	AF-A0A2V9PFL2-F1-model_v4_TED02	afdb	medium	148	1	72.9776	1.0000	AF-A0A2V9PFL2-F1-model_v4_TED02
AF-A0A2V9PFL2-F1-model_v4	AF-A0A2V9PFL2-F1-model_v4_TED03	afdb	high	82	1	85.0974	1.0000	AF-A0A2V9PFL2-F1-model_v4_TED03
AF-A0A2V9PFL2-F1-model_v4	AF-A0A2V9PFL2-F1-model_v4_esm_TED01	esm	medium	143	1	71.0785	0.9530	AF-A0A2V9PFL2-F1-model_v4_TED02
AF-A0A2V9PFL2-F1-model_v4	AF-A0A2V9PFL2-F1-model_v4_esm_TED02	esm	high	82	1	66.262	0.9524	AF-A0A2V9PFL2-F1-model_v4_TED03
AF-A0A515D395-F1-model_v4	AF-A0A515D395-F1-model_v4_TED01	afdb	high	146	2	85.4578	1.0000	AF-A0A515D395-F1-model_v4_TED01
AF-A0A515D395-F1-model_v4	AF-A0A515D395-F1-model_v4_TED02	afdb	high	84	1	97.1969	1.0000	AF-A0A515D395-F1-model_v4_TED02
AF-A0A515D395-F1-model_v4	AF-A0A515D395-F1-model_v4_esm_TED01	esm	high	146	2	93.7982	1.0000	AF-A0A515D395-F1-model_v4_TED01
AF-A0A515D395-F1-model_v4	AF-A0A515D395-F1-model_v4_esm_TED02	esm	high	84	1	96.8795	1.0000	AF-A0A515D395-F1-model_v4_TED02
AF-A0A1I4EP76-F1-model_v4	AF-A0A1I4EP76-F1-model_v4_TED01	afdb	high	100	1	85.6523	1.0000	AF-A0A1I4EP76-F1-model_v4_TED01
AF-A0A1I4EP76-F1-model_v4	AF-A0A1I4EP76-F1-model_v4_esm_TED01	esm	high	134	1	50.9236	0.7463	AF-A0A1I4EP76-F1-model_v4_TED01
AF-A0A1A6C637-F1-model_v4	AF-A0A1A6C637-F1-model_v4_TED01	afdb	high	84	1	93.3629	1.0000	AF-A0A1A6C637-F1-model_v4_TED01
AF-A0A1A6C637-F1-model_v4	AF-A0A1A6C637-F1-model_v4_esm_TED01	esm	high	84	1	78.0424	1.0000	AF-A0A1A6C637-F1-model_v4_TED01
AF-A0A2T0MGY2-F1-model_v4	AF-A0A2T0MGY2-F1-model_v4_TED01	afdb	high	107	1	81.813	1.0000	AF-A0A2T0MGY2-F1-model_v4_TED01
AF-A0A2T0MGY2-F1-model_v4	AF-A0A2T0MGY2-F1-model_v4_TED02	afdb	medium	93	1	82.7381	1.0000	AF-A0A2T0MGY2-F1-model_v4_TED02
AF-A0A2T0MGY2-F1-model_v4	AF-A0A2T0MGY2-F1-model_v4_TED03	afdb	medium	84	1	79.5883	1.0000	AF-A0A2T0MGY2-F1-model_v4_TED03
AF-A0A2T0MGY2-F1-model_v4	AF-A0A2T0MGY2-F1-model_v4_TED04	afdb	high	144	1	89.3628	1.0000	AF-A0A2T0MGY2-F1-model_v4_TED04
AF-A0A2T0MGY2-F1-model_v4	AF-A0A2T0MGY2-F1-model_v4_esm_TED01	esm	high	107	1	89.203	0.9633	AF-A0A2T0MGY2-F1-model_v4_TED01
AF-A0A2T0MGY2-F1-model_v4	AF-A0A2T0MGY2-F1-model_v4_esm_TED02	esm	medium	94	1	85.6941	0.9894	AF-A0A2T0MGY2-F1-model_v4_TED02
AF-A0A2T0MGY2-F1-model_v4	AF-A0A2T0MGY2-F1-model_v4_esm_TED03	esm	medium	74	2	75.2543	0.8810	AF-A0A2T0MGY2-F1-model_v4_TED03
AF-A0A2T0MGY2-F1-model_v4	AF-A0A2T0MGY2-F1-model_v4_esm_TED04	esm	high	149	1	91.066	0.9664	AF-A0A2T0MGY2-F1-model_v4_TED04
AF-A0A1M4YQ65-F1-model_v4	AF-A0A1M4YQ65-F1-model_v4_TED01	afdb	high	92	1	95.4215	1.0000	AF-A0A1M4YQ65-F1-model_v4_TED01
AF-A0A1M4YQ65-F1-model_v4	AF-A0A1M4YQ65-F1-model_v4_TED02	afdb	medium	182	1	97.8536	1.0000	AF-A0A1M4YQ65-F1-model_v4_TED02
AF-A0A1M4YQ65-F1-model_v4	AF-A0A1M4YQ65-F1-model_v4_esm_TED01	esm	high	92	1	95.0552	1.0000	AF-A0A1M4YQ65-F1-model_v4_TED01
AF-A0A1M4YQ65-F1-model_v4	AF-A0A1M4YQ65-F1-model_v4_esm_TED02	esm	high	181	1	96.3371	0.9945	AF-A0A1M4YQ65-F1-model_v4_TED02
AF-A1CN69-F1-model_v4	AF-A1CN69-F1-model_v4_TED01	afdb	medium	95	2	93.5569	1.0000	AF-A1CN69-F1-model_v4_TED01
AF-A1CN69-F1-model_v4	AF-A1CN69-F1-model_v4_TED02	afdb	medium	102	1	84.8723	1.0000	AF-A1CN69-F1-model_v4_TED02
AF-A1CN69-F1-model_v4	AF-A1CN69-F1-model_v4_esm_TED01	esm	medium	96	2	96.3248	0.9896	AF-A1CN69-F1-model_v4_TED01
AF-A1CN69-F1-model_v4	AF-A1CN69-F1-model_v4_esm_TED02	esm	medium	112	1	93.3931	0.9107	AF-A1CN69-F1-model_v4_TED02
AF-A0A7S2QGL1-F1-model_v4	AF-A0A7S2QGL1-F1-model_v4_TED01	afdb	high	98	1	91.9799	1.0000	AF-A0A7S2QGL1-F1-model_v4_TED01
AF-A0A7S2QGL1-F1-model_v4	AF-A0A7S2QGL1-F1-model_v4_esm_TED01	esm	high	79	1	73.3943	0.8061	AF-A0A7S2QGL1-F1-model_v4_TED01
AF-F9T9R6-F1-model_v4	AF-F9T9R6-F1-model_v4_TED01	afdb	high	182	2	96.3374	1.0000	AF-F9T9R6-F1-model_v4_TED01
AF-F9T9R6-F1-model_v4	AF-F9T9R6-F1-model_v4_TED02	afdb	medium	63	1	96.01	1.0000	AF-F9T9R6-F1-model_v4_TED02
AF-F9T9R6-F1-model_v4	AF-F9T9R6-F1-model_v4_esm_TED01	esm	high	181	2	92.6767	0.9945	AF-F9T9R6-F1-model_v4_TED01
AF-F9T9R6-F1-model_v4	AF-F9T9R6-F1-model_v4_esm_TED02	esm	medium	60	1	87.5448	0.9524	AF-F9T9R6-F1-model_v4_TED02
AF-A0A524N2J7-F1-model_v4	AF-A0A524N2J7-F1-model_v4_TED01	afdb	high	175	1	96.1711	1.0000	AF-A0A524N2J7-F1-model_v4_TED01
AF-A0A524N2J7-F1-model_v4	AF-A0A524N2J7-F1-model_v4_esm_TED01	esm	high	177	1	91.0874	0.9887	AF-A0A524N2J7-F1-model_v4_TED01
AF-A0A7K4UT26-F1-model_v4	AF-A0A7K4UT26-F1-model_v4_TED01	afdb	medium	113	1	92.5119	1.0000	AF-A0A7K4UT26-F1-model_v4_TED01
AF-A0A7K4UT26-F1-model_v4	AF-A0A7K4UT26-F1-model_v4_TED02	afdb	medium	68	1	94.5166	1.0000	AF-A0A7K4UT26-F1-model_v4_TED02
AF-A0A7K4UT26-F1-model_v4	AF-A0A7K4UT26-F1-model_v4_esm_TED01	esm	medium	121	1	92.4035	0.9339	AF-A0A7K4UT26-F1-model_v4_TED01
AF-A0A7K4UT26-F1-model_v4	AF-A0A7K4UT26-F1-model_v4_esm_TED02	esm	medium	70	1	91.822	0.9714	AF-A0A7K4UT26-F1-model_v4_TED02
AF-A0A833VQ77-F1-model_v4	AF-A0A833VQ77-F1-model_v4_TED01	afdb	medium	154	1	79.788	1.0000	AF-A0A833VQ77-F1-model_v4_TED01
AF-A0A833VQ77-F1-model_v4	AF-A0A833VQ77-F1-model_v4_esm_TED01	esm	medium	158	1	83.5818	0.9747	AF-A0A833VQ77-F1-model_v4_TED01
AF-A0A0M8SXT8-F1-model_v4	AF-A0A0M8SXT8-F1-model_v4_TED01	afdb	medium	268	1	93.0945	1.0000	AF-A0A0M8SXT8-F1-model_v4_TED01
AF-A0A0M8SXT8-F1-model_v4	AF-A0A0M8SXT8-F1-model_v4_esm_TED01	esm	medium	71	1	53.7117	0.2649	
AF-A0A0M8SXT8-F1-model_v4	AF-A0A0M8SXT8-F1-model_v4_esm_TED02	esm	high	42	1	52.1324	0.1567	
AF-A0A0M8SXT8-F1-model_v4	AF-A0A0M8SXT8-F1-model_v4_esm_TED03	esm	medium	134	1	81.1698	0.5000	AF-A0A0M8SXT8-F1-model_v4_TED01
AF-A0A353KSU5-F1-model_v4	AF-A0A353KSU5-F1-model_v4_TED01	afdb	medium	190	1	82.9931	1.0000	AF-A0A353KSU5-F1-model_v4_TED01
AF-A0A353KSU5-F1-model_v4	AF-A0A353KSU5-F1-model_v4_esm_TED01	esm	medium	190	1	91.8836	1.0000	AF-A0A353KSU5-F1-model_v4_TED01
AF-A0A1Y1XL65-F1-model_v4	AF-A0A1Y1XL65-F1-model_v4_TED01	afdb	medium	115	1	80.2737	1.0000	AF-A0A1Y1XL65-F1-model_v4_TED01
AF-A0A1Y1XL65-F1-model_v4	AF-A0A1Y1XL65-F1-model_v4_esm_TED01	esm	medium	40	1	81.974	0.3478	
AF-A0A1Y1XL65-F1-model_v4	AF-A0A1Y1XL65-F1-model_v4_esm_TED02	esm	medium	97	1	86.5053	0.4521	AF-A0A1Y1XL65-F1-model_v4_TED01
AF-A0A7K7JQH7-F1-model_v4	AF-A0A7K7JQH7-F1-model_v4_TED01	afdb	high	100	1	91.6419	1.0000	AF-A0A7K7JQH7-F1-model_v4_TED01
AF-A0A7K7JQH7-F1-model_v4	AF-A0A7K7JQH7-F1-model_v4_TED02	afdb	medium	32	1	83.8191	1.0000	AF-A0A7K7JQH7-F1-model_v4_TED02
AF-A0A7K7JQH7-F1-model_v4	AF-A0A7K7JQH7-F1-model_v4_esm_TED01	esm	high	100	1	72.9307	1.0000	AF-A0A7K7JQH7-F1-model_v4_TED01
AF-A0A7K7JQH7-F1-model_v4	AF-A0A7K7JQH7-F1-model_v4_esm_TED02	esm	high	32	1	77.7625	0.9394	AF-A0A7K7JQH7-F1-model_v4_TED02
AF-A0A3D0TGS0-F1-model_v4	AF-A0A3D0TGS0-F1-model_v4_esm_TED01	esm	medium	55	2	75.2984	0.6774	AF-A0A3D0TGS0-F1-model_v4_TED01
AF-A0A6N9YRQ9-F1-model_v4	AF-A0A6N9YRQ9-F1-model_v4_TED01	afdb	high	180	1	94.0965	1.0000	AF-A0A6N9YRQ9-F1-model_v4_TED01
AF-A0A6N9YRQ9-F1-model_v4	AF-A0A6N9YRQ9-F1-model_v4_TED02	afdb	high	202	2	94.6731	1.0000	AF-A0A6N9YRQ9-F1-model_v4_TED02
AF-A0A6N9YRQ9-F1-model_v4	AF-A0A6N9YRQ9-F1-model_v4_TED03	afdb	high	77	1	91.0345	1.0000	AF-A0A6N9YRQ9-F1-model_v4_TED03
AF-A0A6N9YRQ9-F1-model_v4	AF-A0A6N9YRQ9-F1-model_v4_TED04	afdb	high	61	1	90.4248	1.0000	AF-A0A6N9YRQ9-F1-model_v4_TED04
AF-A0A6N9YRQ9-F1-model_v4	AF-A0A6N9YRQ9-F1-model_v4_esm_TED01	esm	high	180	1	85.3747	1.0000	AF-A0A6N9YRQ9-F1-model_v4_TED01
AF-A0A6N9YRQ9-F1-model_v4	AF-A0A6N9YRQ9-F1-model_v4_esm_TED02	esm	high	238	1	92.299	0.8333	AF-A0A6N9YRQ9-F1-model_v4_TED02
AF-A0A6N9YRQ9-F1-model_v4	AF-A0A6N9YRQ9-F1-model_v4_esm_TED03	esm	high	76	1	88.1774	0.9870	AF-A0A6N9YRQ9-F1-model_v4_TED03
AF-A0A6N9YRQ9-F1-model_v4	AF-A0A6N9YRQ9-F1-model_v4_esm_TED04	esm	high	61	1	93.3202	1.0000	AF-A0A6N9YRQ9-F1-model_v4_TED04
AF-A0A1S2LPS3-F1-model_v4	AF-A0A1S2LPS3-F1-model_v4_TED01	afdb	medium	49	1	75.9322	1.0000	AF-A0A1S2LPS3-F1-model_v4_TED01
AF-A0A1S2LPS3-F1-model_v4	AF-A0A1S2LPS3-F1-model_v4_TED02	afdb	medium	31	1	57.7884	1.0000	AF-A0A1S2LPS3-F1-model_v4_TED02
AF-A0A1S2LPS3-F1-model_v4	AF-A0A1S2LPS3-F1-model_v4_esm_TED01	esm	medium	52	1	89.4815	0.9423	AF-A0A1S2LPS3-F1-model_v4_TED01
AF-A0A1S2LPS3-F1-model_v4	AF-A0A1S2LPS3-F1-model_v4_esm_TED02	esm	medium	31	1	81.2881	1.0000	AF-A0A1S2LPS3-F1-model_v4_TED02
AF-A0A1V3MTQ1-F1-model_v4	AF-A0A1V3MTQ1-F1-model_v4_TED01	afdb	medium	266	1	97.2877	1.0000	AF-A0A1V3MTQ1-F1-model_v4_TED01
AF-A0A1V3MTQ1-F1-model_v4	AF-A0A1V3MTQ1-F1-model_v4_esm_TED01	esm	medium	266	1	91.7323	1.0000	AF-A0A1V3MTQ1-F1-model_v4_TED01
AF-A0A848KY74-F1-model_v4	AF-A0A848KY74-F1-model_v4_TED01	afdb	medium	113	1	97.3127	1.0000	AF-A0A848KY74-F1-model_v4_TED01
AF-A0A848KY74-F1-model_v4	AF-A0A848KY74-F1-model_v4_TED02	afdb	medium	108	1	95.6661	1.0000	AF-A0A848KY74-F1-model_v4_TED02
AF-A0A848KY74-F1-model_v4	AF-A0A848KY74-F1-model_v4_TED03	afdb	medium	145	1	96.7319	1.0000	AF-A0A848KY74-F1-model_v4_TED03
AF-A0A848KY74-F1-model_v4	AF-A0A848KY74-F1-model_v4_esm_TED01	esm	medium	113	1	91.6505	1.0000	AF-A0A848KY74-F1-model_v4_TED01
AF-A0A848KY74-F1-model_v4	AF-A0A848KY74-F1-model_v4_esm_TED02	esm	medium	107	1	94.4921	0.9907	AF-A0A848KY74-F1-model_v4_TED02
AF-A0A848KY74-F1-model_v4	AF-A0A848KY74-F1-model_v4_esm_TED03	esm	medium	146	1	93.8703	0.9932	AF-A0A848KY74-F1-model_v4_TED03
AF-A0A519HBC0-F1-model_v4	AF-A0A519HBC0-F1-model_v4_TED01	afdb	medium	52	1	67.1658	1.0000	AF-A0A519HBC0-F1-model_v4_TED01
AF-A0A519HBC0-F1-model_v4	AF-A0A519HBC0-F1-model_v4_esm_TED01	esm	high	41	1	80.7927	0.7885	AF-A0A519HBC0-F1-model_v4_TED01
AF-A0A1C3U4Q9-F1-model_v4	AF-A0A1C3U4Q9-F1-model_v4_TED01	afdb	high	190	3	95.9083	1.0000	AF-A0A1C3U4Q9-F1-model_v4_TED01
AF-A0A1C3U4Q9-F1-model_v4	AF-A0A1C3U4Q9-F1-model_v4_esm_TED01	esm	medium	251	3	92.893	0.7500	AF-A0A1C3U4Q9-F1-model_v4_TED01
AF-A0A1C3U4Q9-F1-model_v4	AF-A0A1C3U4Q9-F1-model_v4_esm_TED02	esm	medium	155	3	90.229	0.0000	
AF-A0A355UI37-F1-model_v4	AF-A0A355UI37-F1-model_v4_TED01	afdb	medium	48	1	93.3452	1.0000	AF-A0A355UI37-F1-model_v4_TED01
AF-A0A355UI37-F1-model_v4	AF-A0A355UI37-F1-model_v4_TED02	afdb	medium	61	1	75.4034	1.0000	AF-A0A355UI37-F1-model_v4_TED02
AF-A0A355UI37-F1-model_v4	AF-A0A355UI37-F1-model_v4_esm_TED01	esm	medium	50	1	79.3088	0.9600	AF-A0A355UI37-F1-model_v4_TED01
AF-A0A355UI37-F1-model_v4	AF-A0A355UI37-F1-model_v4_esm_TED02	esm	medium	56	1	73.8589	0.9180	AF-A0A355UI37-F1-model_v4_TED02
AF-A0A654DRR0-F1-model_v4	AF-A0A654DRR0-F1-model_v4_TED01	afdb	medium	84	2	90.5563	1.0000	AF-A0A654DRR0-F1-model_v4_TED01
AF-A0A654DRR0-F1-model_v4	AF-A0A654DRR0-F1-model_v4_esm_TED01	esm	high	87	2	75.494	0.9432	AF-A0A654DRR0-F1-model_v4_TED01
AF-A0A3M4U2B3-F1-model_v4	AF-A0A3M4U2B3-F1-model_v4_TED01	afdb	medium	780	1	89.9735	1.0000	AF-A0A3M4U2B3-F1-model_v4_TED01
AF-A0A3M4U2B3-F1-model_v4	AF-A0A3M4U2B3-F1-model_v4_esm_TED01	esm	medium	779	1	84.558	0.9987	AF-A0A3M4U2B3-F1-model_v4_TED01
AF-A0A4R8PM68-F1-model_v4	AF-A0A4R8PM68-F1-model_v4_TED01	afdb	medium	29	1	69.0228	1.0000	AF-A0A4R8PM68-F1-model_v4_TED01
AF-A0A4R8PM68-F1-model_v4	AF-A0A4R8PM68-F1-model_v4_TED02	afdb	high	178	1	89.863	1.0000	AF-A0A4R8PM68-F1-model_v4_TED02
AF-A0A4R8PM68-F1-model_v4	AF-A0A4R8PM68-F1-model_v4_TED03	afdb	high	171	1	84.122	1.0000	AF-A0A4R8PM68-F1-model_v4_TED03
AF-A0A4R8PM68-F1-model_v4	AF-A0A4R8PM68-F1-model_v4_esm_TED01	esm	high	173	1	93.6861	0.9392	AF-A0A4R8PM68-F1-model_v4_TED02
AF-A0A4R8PM68-F1-model_v4	AF-A0A4R8PM68-F1-model_v4_esm_TED02	esm	medium	166	2	85.8014	0.8516	AF-A0A4R8PM68-F1-model_v4_TED03
AF-A0A7Y9S425-F1-model_v4	AF-A0A7Y9S425-F1-model_v4_TED01	afdb	medium	61	1	94.2859	1.0000	AF-A0A7Y9S425-F1-model_v4_TED01
AF-A0A7Y9S425-F1-model_v4	AF-A0A7Y9S425-F1-model_v4_TED02	afdb	medium	73	1	93.5658	1.0000	AF-A0A7Y9S425-F1-model_v4_TED02
AF-A0A7Y9S425-F1-model_v4	AF-A0A7Y9S425-F1-model_v4_esm_TED01	esm	medium	62	1	93.0253	0.9839	AF-A0A7Y9S425-F1-model_v4_TED01
AF-A0A2D6HUZ7-F1-model_v4	AF-A0A2D6HUZ7-F1-model_v4_TED01	afdb	high	47	1	92.2802	1.0000	AF-A0A2D6HUZ7-F1-model_v4_TED01
AF-A0A2D6HUZ7-F1-model_v4	AF-A0A2D6HUZ7-F1-model_v4_esm_TED01	esm	medium	51	1	82.6073	0.9216	AF-A0A2D6HUZ7-F1-model_v4_TED01
AF-A0A7S1HNL3-F1-model_v4	AF-A0A7S1HNL3-F1-model_v4_TED01	afdb	high	235	2	86.2859	1.0000	AF-A0A7S1HNL3-F1-model_v4_TED01
AF-A0A7S1HNL3-F1-model_v4	AF-A0A7S1HNL3-F1-model_v4_esm_TED01	esm	high	321	1	81.2711	0.7321	AF-A0A7S1HNL3-F1-model_v4_TED01
AF-A0A432K568-F1-model_v4	AF-A0A432K568-F1-model_v4_TED01	afdb	medium	172	1	97.8286	1.0000	AF-A0A432K568-F1-model_v4_TED01
AF-A0A432K568-F1-model_v4	AF-A0A432K568-F1-model_v4_TED02	afdb	medium	148	1	97.4514	1.0000	AF-A0A432K568-F1-model_v4_TED02
AF-A0A432K568-F1-model_v4	AF-A0A432K568-F1-model_v4_esm_TED01	esm	medium	171	1	94.2885	0.9942	AF-A0A432K568-F1-model_v4_TED01
AF-A0A432K568-F1-model_v4	AF-A0A432K568-F1-model_v4_esm_TED02	esm	medium	148	1	93.3356	1.0000	AF-A0A432K568-F1-model_v4_TED02
AF-A0A7S6Z263-F1-model_v4	AF-A0A7S6Z263-F1-model_v4_TED01	afdb	high	98	2	44.8396	1.0000	AF-A0A7S6Z263-F1-model_v4_TED01
AF-A0A7S6Z263-F1-model_v4	AF-A0A7S6Z263-F1-model_v4_esm_TED01	esm	high	108	2	38.0925	0.9074	AF-A0A7S6Z263-F1-model_v4_TED01
AF-A0A4X2L072-F1-model_v4	AF-A0A4X2L072-F1-model_v4_TED01	afdb	high	95	2	84.4185	1.0000	AF-A0A4X2L072-F1-model_v4_TED01
AF-A0A4X2L072-F1-model_v4	AF-A0A4X2L072-F1-model_v4_TED02	afdb	high	206	2	88.145	1.0000	AF-A0A4X2L072-F1-model_v4_TED02
AF-A0A4X2L072-F1-model_v4	AF-A0A4X2L072-F1-model_v4_TED03	afdb	high	138	1	87.3417	1.0000	AF-A0A4X2L072-F1-model_v4_TED03
AF-A0A4X2L072-F1-model_v4	AF-A0A4X2L072-F1-model_v4_esm_TED01	esm	high	95	2	88.8977	1.0000	AF-A0A4X2L072-F1-model_v4_TED01
AF-A0A4X2L072-F1-model_v4	AF-A0A4X2L072-F1-model_v4_esm_TED02	esm	high	202	1	87.2708	0.9245	AF-A0A4X2L072-F1-model_v4_TED02
AF-A0A4X2L072-F1-model_v4	AF-A0A4X2L072-F1-model_v4_esm_TED03	esm	medium	38	1	78.9782	0.0000	
AF-A0A4X2L072-F1-model_v4	AF-A0A4X2L072-F1-model_v4_esm_TED04	esm	high	142	1	87.0927	0.9718	AF-A0A4X2L072-F1-model_v4_TED03
AF-A0A165CBS4-F1-model_v4	AF-A0A165CBS4-F1-model_v4_TED01	afdb	high	139	1	89.8548	1.0000	AF-A0A165CBS4-F1-model_v4_TED01
AF-A0A165CBS4-F1-model_v4	AF-A0A165CBS4-F1-model_v4_TED02	afdb	high	82	1	93.5696	1.0000	AF-A0A165CBS4-F1-model_v4_TED02
AF-A0A165CBS4-F1-model_v4	AF-A0A165CBS4-F1-model_v4_esm_TED01	esm	high	139	1	95.7086	1.0000	AF-A0A165CBS4-F1-model_v4_TED01
AF-A0A165CBS4-F1-model_v4	AF-A0A165CBS4-F1-model_v4_esm_TED02	esm	high	82	1	96.4421	1.0000	AF-A0A165CBS4-F1-model_v4_TED02
AF-A0A371MLF4-F1-model_v4	AF-A0A371MLF4-F1-model_v4_TED01	afdb	high	81	1	90.6944	1.0000	AF-A0A371MLF4-F1-model_v4_TED01
AF-A0A371MLF4-F1-model_v4	AF-A0A371MLF4-F1-model_v4_esm_TED01	esm	high	72	1	84.2967	0.8889	AF-A0A371MLF4-F1-model_v4_TED01
AF-A0A815QIH6-F1-model_v4	AF-A0A815QIH6-F1-model_v4_TED01	afdb	high	110	1	49.3754	1.0000	AF-A0A815QIH6-F1-model_v4_TED01
AF-A0A815QIH6-F1-model_v4	AF-A0A815QIH6-F1-model_v4_TED02	afdb	high	91	1	90.9063	1.0000	AF-A0A815QIH6-F1-model_v4_TED02
AF-A0A815QIH6-F1-model_v4	AF-A0A815QIH6-F1-model_v4_TED03	afdb	high	109	1	80.7472	1.0000	AF-A0A815QIH6-F1-model_v4_TED03
AF-A0A815QIH6-F1-model_v4	AF-A0A815QIH6-F1-model_v4_esm_TED01	esm	high	98	1	64.6148	0.8909	AF-A0A815QIH6-F1-model_v4_TED01
AF-A0A815QIH6-F1-model_v4	AF-A0A815QIH6-F1-model_v4_esm_TED02	esm	high	90	1	87.8358	0.9890	AF-A0A815QIH6-F1-model_v4_TED02
AF-A0A815QIH6-F1-model_v4	AF-A0A815QIH6-F1-model_v4_esm_TED03	esm	high	103	1	79.6324	0.9450	AF-A0A815QIH6-F1-model_v4_TED03
AF-A0A6H3FAS2-F1-model_v4	AF-A0A6H3FAS2-F1-model_v4_TED01	afdb	high	249	1	86.2894	1.0000	AF-A0A6H3FAS2-F1-model_v4_TED01
AF-A0A6H3FAS2-F1-model_v4	AF-A0A6H3FAS2-F1-model_v4_esm_TED01	esm	high	271	1	95.2753	0.9188	AF-A0A6H3FAS2-F1-model_v4_TED01
AF-A0A838B0E9-F1-model_v4	AF-A0A838B0E9-F1-model_v4_TED01	afdb	medium	250	1	92.3995	1.0000	AF-A0A838B0E9-F1-model_v4_TED01
AF-A0A838B0E9-F1-model_v4	AF-A0A838B0E9-F1-model_v4_TED02	afdb	medium	60	1	89.0053	1.0000	AF-A0A838B0E9-F1-model_v4_TED02
AF-A0A838B0E9-F1-model_v4	AF-A0A838B0E9-F1-model_v4_esm_TED01	esm	medium	251	1	95.0849	0.9960	AF-A0A838B0E9-F1-model_v4_TED01
AF-A0A838B0E9-F1-model_v4	AF-A0A838B0E9-F1-model_v4_esm_TED02	esm	medium	61	1	95.9539	0.9836	AF-A0A838B0E9-F1-model_v4_TED02
AF-A0A7T5CKH9-F1-model_v4	AF-A0A7T5CKH9-F1-model_v4_TED01	afdb	high	309	1	71.6739	1.0000	AF-A0A7T5CKH9-F1-model_v4_TED01
AF-A0A7T5CKH9-F1-model_v4	AF-A0A7T5CKH9-F1-model_v4_esm_TED01	esm	high	236	3	58.1534	0.7638	AF-A0A7T5CKH9-F1-model_v4_TED01
AF-A0A377R264-F1-model_v4	AF-A0A377R264-F1-model_v4_TED01	afdb	high	173	2	90.2998	1.0000	AF-A0A377R264-F1-model_v4_TED01
AF-A0A377R264-F1-model_v4	AF-A0A377R264-F1-model_v4_TED02	afdb	high	189	1	92.894	1.0000	AF-A0A377R264-F1-model_v4_TED02
AF-A0A377R264-F1-model_v4	AF-A0A377R264-F1-model_v4_esm_TED01	esm	high	173	2	93.1113	1.0000	AF-A0A377R264-F1-model_v4_TED01
AF-A0A377R264-F1-model_v4	AF-A0A377R264-F1-model_v4_esm_TED02	esm	high	189	1	94.6468	1.0000	AF-A0A377R264-F1-model_v4_TED02
AF-A0A3P8ZCT7-F1-model_v4	AF-A0A3P8ZCT7-F1-model_v4_TED01	afdb	high	122	1	86.3387	1.0000	AF-A0A3P8ZCT7-F1-model_v4_TED01
AF-A0A3P8ZCT7-F1-model_v4	AF-A0A3P8ZCT7-F1-model_v4_TED02	afdb	high	56	2	86.788	0.7385	AF-A0A3P8ZCT7-F1-model_v4_TED02
AF-A0A3P8ZCT7-F1-model_v4	AF-A0A3P8ZCT7-F1-model_v4_esm_TED01	esm	high	123	1	86.9145	0.9919	AF-A0A3P8ZCT7-F1-model_v4_TED01
AF-A0A3P8ZCT7-F1-model_v4	AF-A0A3P8ZCT7-F1-model_v4_esm_TED02	esm	high	72	1	83.4475	0.7917	AF-A0A3P8ZCT7-F1-model_v4_TED02
AF-A0A1F0XXS9-F1-model_v4	AF-A0A1F0XXS9-F1-model_v4_TED01	afdb	high	135	1	94.8258	1.0000	AF-A0A1F0XXS9-F1-model_v4_TED01
AF-A0A1F0XXS9-F1-model_v4	AF-A0A1F0XXS9-F1-model_v4_esm_TED01	esm	high	127	1	86.5061	0.9407	AF-A0A1F0XXS9-F1-model_v4_TED01
AF-G1V957-F1-model_v4	AF-G1V957-F1-model_v4_TED01	afdb	high	368	1	94.8656	1.0000	AF-G1V957-F1-model_v4_TED01
AF-G1V957-F1-model_v4	AF-G1V957-F1-model_v4_esm_TED01	esm	high	368	1	94.5875	1.0000	AF-G1V957-F1-model_v4_TED01
AF-J4K8B1-F1-model_v4	AF-J4K8B1-F1-model_v4_TED01	afdb	medium	180	1	92.5268	1.0000	AF-J4K8B1-F1-model_v4_TED01
AF-J4K8B1-F1-model_v4	AF-J4K8B1-F1-model_v4_TED02	afdb	medium	178	1	91.3399	1.0000	AF-J4K8B1-F1-model_v4_TED02
AF-J4K8B1-F1-model_v4	AF-J4K8B1-F1-model_v4_esm_TED01	esm	high	179	1	97.9579	0.9834	AF-J4K8B1-F1-model_v4_TED01
AF-J4K8B1-F1-model_v4	AF-J4K8B1-F1-model_v4_esm_TED02	esm	high	185	1	95.4078	0.9309	AF-J4K8B1-F1-model_v4_TED02
AF-A0A752ZYP4-F1-model_v4	AF-A0A752ZYP4-F1-model_v4_TED01	afdb	medium	117	1	95.8023	1.0000	AF-A0A752ZYP4-F1-model_v4_TED01
AF-A0A752ZYP4-F1-model_v4	AF-A0A752ZYP4-F1-model_v4_esm_TED01	esm	medium	108	1	53.9704	0.9231	AF-A0A752ZYP4-F1-model_v4_TED01
AF-A0A072P2J9-F1-model_v4	AF-A0A072P2J9-F1-model_v4_TED01	afdb	high	47	1	72.3534	1.0000	AF-A0A072P2J9-F1-model_v4_TED01
AF-A0A072P2J9-F1-model_v4	AF-A0A072P2J9-F1-model_v4_TED02	afdb	medium	227	1	91.5472	1.0000	AF-A0A072P2J9-F1-model_v4_TED02
AF-A0A072P2J9-F1-model_v4	AF-A0A072P2J9-F1-model_v4_esm_TED01	esm	medium	41	2	85.9405	0.8723	AF-A0A072P2J9-F1-model_v4_TED01
AF-A0A072P2J9-F1-model_v4	AF-A0A072P2J9-F1-model_v4_esm_TED02	esm	medium	283	1	84.1997	0.8021	AF-A0A072P2J9-F1-model_v4_TED02
AF-A0A6J1LGK2-F1-model_v4	AF-A0A6J1LGK2-F1-model_v4_TED01	afdb	high	129	2	97.0219	1.0000	AF-A0A6J1LGK2-F1-model_v4_TED01
AF-A0A6J1LGK2-F1-model_v4	AF-A0A6J1LGK2-F1-model_v4_TED02	afdb	high	192	1	96.7785	1.0000	AF-A0A6J1LGK2-F1-model_v4_TED02
AF-A0A6J1LGK2-F1-model_v4	AF-A0A6J1LGK2-F1-model_v4_esm_TED01	esm	high	132	2	87.6233	0.9773	AF-A0A6J1LGK2-F1-model_v4_TED01
AF-A0A6J1LGK2-F1-model_v4	AF-A0A6J1LGK2-F1-model_v4_esm_TED02	esm	high	184	1	96.0801	0.9583	AF-A0A6J1LGK2-F1-model_v4_TED02
AF-A0A3E3IC47-F1-model_v4	AF-A0A3E3IC47-F1-model_v4_TED01	afdb	medium	81	2	79.6278	1.0000	AF-A0A3E3IC47-F1-model_v4_TED01
AF-A0A3E3IC47-F1-model_v4	AF-A0A3E3IC47-F1-model_v4_TED02	afdb	medium	135	1	94.3427	1.0000	AF-A0A3E3IC47-F1-model_v4_TED02
AF-A0A3E3IC47-F1-model_v4	AF-A0A3E3IC47-F1-model_v4_esm_TED01	esm	medium	92	2	75.6343	0.8804	AF-A0A3E3IC47-F1-model_v4_TED01
AF-A0A3E3IC47-F1-model_v4	AF-A0A3E3IC47-F1-model_v4_esm_TED02	esm	medium	136	1	76.3847	0.9926	AF-A0A3E3IC47-F1-model_v4_TED02
AF-Q8VV18-F1-model_v4	AF-Q8VV18-F1-model_v4_TED01	afdb	high	184	1	61.3105	1.0000	AF-Q8VV18-F1-model_v4_TED01
AF-Q8VV18-F1-model_v4	AF-Q8VV18-F1-model_v4_TED02	afdb	high	133	1	89.7608	1.0000	AF-Q8VV18-F1-model_v4_TED02
AF-Q8VV18-F1-model_v4	AF-Q8VV18-F1-model_v4_esm_TED01	esm	medium	106	2	37.7423	0.5761	AF-Q8VV18-F1-model_v4_TED01
AF-Q8VV18-F1-model_v4	AF-Q8VV18-F1-model_v4_esm_TED02	esm	high	137	1	86.6926	0.9708	AF-Q8VV18-F1-model_v4_TED02
AF-L2GWL3-F1-model_v4	AF-L2GWL3-F1-model_v4_TED01	afdb	high	164	2	94.6618	1.0000	AF-L2GWL3-F1-model_v4_TED01
AF-L2GWL3-F1-model_v4	AF-L2GWL3-F1-model_v4_esm_TED01	esm	high	166	2	95.3989	0.9880	AF-L2GWL3-F1-model_v4_TED01
AF-A0A2X0N282-F1-model_v4	AF-A0A2X0N282-F1-model_v4_TED01	afdb	medium	49	1	90.5141	1.0000	AF-A0A2X0N282-F1-model_v4_TED01
AF-A0A2X0N282-F1-model_v4	AF-A0A2X0N282-F1-model_v4_TED02	afdb	high	87	1	89.7069	1.0000	AF-A0A2X0N282-F1-model_v4_TED02
AF-A0A2X0N282-F1-model_v4	AF-A0A2X0N282-F1-model_v4_esm_TED01	esm	medium	55	1	91.4031	0.8909	AF-A0A2X0N282-F1-model_v4_TED01
AF-A0A2X0N282-F1-model_v4	AF-A0A2X0N282-F1-model_v4_esm_TED02	esm	high	88	1	88.9058	0.9886	AF-A0A2X0N282-F1-model_v4_TED02
AF-Q4WUU4-F1-model_v4	AF-Q4WUU4-F1-model_v4_TED01	afdb	high	77	1	51.0252	1.0000	AF-Q4WUU4-F1-model_v4_TED01
AF-Q4WUU4-F1-model_v4	AF-Q4WUU4-F1-model_v4_esm_TED01	esm	high	78	1	42.2408	0.9872	AF-Q4WUU4-F1-model_v4_TED01
AF-A0A851IMG0-F1-model_v4	AF-A0A851IMG0-F1-model_v4_TED01	afdb	medium	64	1	94.5005	1.0000	AF-A0A851IMG0-F1-model_v4_TED01
AF-A0A851IMG0-F1-model_v4	AF-A0A851IMG0-F1-model_v4_TED02	afdb	high	133	1	96.3115	1.0000	AF-A0A851IMG0-F1-model_v4_TED02
AF-A0A851IMG0-F1-model_v4	AF-A0A851IMG0-F1-model_v4_esm_TED01	esm	high	75	1	95.1952	0.7595	AF-A0A851IMG0-F1-model_v4_TED01
AF-A0A851IMG0-F1-model_v4	AF-A0A851IMG0-F1-model_v4_esm_TED02	esm	high	134	1	96.3786	0.9925	AF-A0A851IMG0-F1-model_v4_TED02
AF-A0A4R7ZIS5-F1-model_v4	AF-A0A4R7ZIS5-F1-model_v4_TED01	afdb	medium	278	1	93.1132	1.0000	AF-A0A4R7ZIS5-F1-model_v4_TED01
AF-A0A4R7ZIS5-F1-model_v4	AF-A0A4R7ZIS5-F1-model_v4_esm_TED01	esm	high	279	1	94.2086	0.9964	AF-A0A4R7ZIS5-F1-model_v4_TED01
AF-A0A3B3YJD7-F1-model_v4	AF-A0A3B3YJD7-F1-model_v4_TED01	afdb	high	59	1	90.9159	1.0000	AF-A0A3B3YJD7-F1-model_v4_TED01
AF-A0A3B3YJD7-F1-model_v4	AF-A0A3B3YJD7-F1-model_v4_TED02	afdb	medium	68	1	82.6315	1.0000	AF-A0A3B3YJD7-F1-model_v4_TED02
AF-A0A3B3YJD7-F1-model_v4	AF-A0A3B3YJD7-F1-model_v4_TED03	afdb	medium	61	1	82.5023	1.0000	AF-A0A3B3YJD7-F1-model_v4_TED03
AF-A0A3B3YJD7-F1-model_v4	AF-A0A3B3YJD7-F1-model_v4_esm_TED01	esm	medium	25	1	35.97	0.0000	
AF-A0A3B3YJD7-F1-model_v4	AF-A0A3B3YJD7-F1-model_v4_esm_TED02	esm	high	55	1	89.9871	0.9322	AF-A0A3B3YJD7-F1-model_v4_TED01
AF-A0A3B3YJD7-F1-model_v4	AF-A0A3B3YJD7-F1-model_v4_esm_TED03	esm	high	56	1	91.2016	0.8235	AF-A0A3B3YJD7-F1-model_v4_TED02
AF-A0A3B3YJD7-F1-model_v4	AF-A0A3B3YJD7-F1-model_v4_esm_TED04	esm	high	69	1	83.2062	0.8841	AF-A0A3B3YJD7-F1-model_v4_TED03
AF-A0A0F3LET3-F1-model_v4	AF-A0A0F3LET3-F1-model_v4_TED01	afdb	medium	119	1	97.4446	1.0000	AF-A0A0F3LET3-F1-model_v4_TED01
AF-A0A0F3LET3-F1-model_v4	AF-A0A0F3LET3-F1-model_v4_TED02	afdb	high	117	1	96.8856	1.0000	AF-A0A0F3LET3-F1-model_v4_TED02
AF-A0A0F3LET3-F1-model_v4	AF-A0A0F3LET3-F1-model_v4_TED03	afdb	high	79	1	95.7866	1.0000	AF-A0A0F3LET3-F1-model_v4_TED03
AF-A0A0F3LET3-F1-model_v4	AF-A0A0F3LET3-F1-model_v4_esm_TED01	esm	medium	89	1	97.5325	0.0000	
AF-A0A0F3LET3-F1-model_v4	AF-A0A0F3LET3-F1-model_v4_esm_TED02	esm	medium	119	1	97.5521	1.0000	AF-A0A0F3LET3-F1-model_v4_TED01
AF-A0A0F3LET3-F1-model_v4	AF-A0A0F3LET3-F1-model_v4_esm_TED03	esm	high	115	1	98.311	0.9829	AF-A0A0F3LET3-F1-model_v4_TED02
AF-A0A0F3LET3-F1-model_v4	AF-A0A0F3LET3-F1-model_v4_esm_TED04	esm	high	87	1	96.9645	0.9080	AF-A0A0F3LET3-F1-model_v4_TED03
AF-A0A6G0ABT2-F1-model_v4	AF-A0A6G0ABT2-F1-model_v4_TED01	afdb	high	42	1	95.0798	1.0000	AF-A0A6G0ABT2-F1-model_v4_TED01
AF-A0A6G0ABT2-F1-model_v4	AF-A0A6G0ABT2-F1-model_v4_esm_TED01	esm	high	50	1	84.8586	0.8400	AF-A0A6G0ABT2-F1-model_v4_TED01
AF-A0A194PWP3-F1-model_v4	AF-A0A194PWP3-F1-model_v4_TED01	afdb	medium	69	1	94.6675	1.0000	AF-A0A194PWP3-F1-model_v4_TED01
AF-A0A194PWP3-F1-model_v4	AF-A0A194PWP3-F1-model_v4_esm_TED01	esm	medium	86	1	79.815	0.8023	AF-A0A194PWP3-F1-model_v4_TED01
AF-A0A1H1MMY1-F1-model_v4	AF-A0A1H1MMY1-F1-model_v4_TED01	afdb	medium	212	2	95.7457	1.0000	AF-A0A1H1MMY1-F1-model_v4_TED01
AF-A0A1H1MMY1-F1-model_v4	AF-A0A1H1MMY1-F1-model_v4_TED02	afdb	medium	152	1	95.9109	1.0000	AF-A0A1H1MMY1-F1-model_v4_TED02
AF-A0A1H1MMY1-F1-model_v4	AF-A0A1H1MMY1-F1-model_v4_TED03	afdb	medium	81	1	86.9353	1.0000	AF-A0A1H1MMY1-F1-model_v4_TED03
AF-A0A1H1MMY1-F1-model_v4	AF-A0A1H1MMY1-F1-model_v4_esm_TED01	esm	medium	213	2	95.3077	0.9953	AF-A0A1H1MMY1-F1-model_v4_TED01
AF-A0A1H1MMY1-F1-model_v4	AF-A0A1H1MMY1-F1-model_v4_esm_TED02	esm	medium	152	1	91.6757	1.0000	AF-A0A1H1MMY1-F1-model_v4_TED02
AF-A0A1H1MMY1-F1-model_v4	AF-A0A1H1MMY1-F1-model_v4_esm_TED03	esm	high	66	1	92.8586	0.7711	AF-A0A1H1MMY1-F1-model_v4_TED03
AF-A0A1J5XC50-F1-model_v4	AF-A0A1J5XC50-F1-model_v4_TED01	afdb	medium	237	2	96.4923	1.0000	AF-A0A1J5XC50-F1-model_v4_TED01
AF-A0A1J5XC50-F1-model_v4	AF-A0A1J5XC50-F1-model_v4_TED02	afdb	high	89	1	95.9222	1.0000	AF-A0A1J5XC50-F1-model_v4_TED02
AF-A0A1J5XC50-F1-model_v4	AF-A0A1J5XC50-F1-model_v4_TED03	afdb	high	142	1	89.5677	1.0000	AF-A0A1J5XC50-F1-model_v4_TED03
AF-A0A1J5XC50-F1-model_v4	AF-A0A1J5XC50-F1-model_v4_esm_TED01	esm	medium	238	2	97.5149	0.9958	AF-A0A1J5XC50-F1-model_v4_TED01
AF-A0A1J5XC50-F1-model_v4	AF-A0A1J5XC50-F1-model_v4_esm_TED02	esm	high	80	1	98.3708	0.8989	AF-A0A1J5XC50-F1-model_v4_TED02
AF-A0A1J5XC50-F1-model_v4	AF-A0A1J5XC50-F1-model_v4_esm_TED03	esm	high	142	1	89.9756	1.0000	AF-A0A1J5XC50-F1-model_v4_TED03
AF-A0A2A7WY25-F1-model_v4	AF-A0A2A7WY25-F1-model_v4_TED01	afdb	high	225	1	83.0727	1.0000	AF-A0A2A7WY25-F1-model_v4_TED01
AF-A0A2A7WY25-F1-model_v4	AF-A0A2A7WY25-F1-model_v4_esm_TED01	esm	high	224	1	93.9094	0.9956	AF-A0A2A7WY25-F1-model_v4_TED01
AF-D7U205-F1-model_v4	AF-D7U205-F1-model_v4_TED01	afdb	high	247	1	83.9565	1.0000	AF-D7U205-F1-model_v4_TED01
AF-D7U205-F1-model_v4	AF-D7U205-F1-model_v4_esm_TED01	esm	high	223	1	87.35	0.9028	AF-D7U205-F1-model_v4_TED01
AF-A0A7Y4TTR3-F1-model_v4	AF-A0A7Y4TTR3-F1-model_v4_TED01	afdb	high	201	2	92.8204	1.0000	AF-A0A7Y4TTR3-F1-model_v4_TED01
AF-A0A7Y4TTR3-F1-model_v4	AF-A0A7Y4TTR3-F1-model_v4_esm_TED01	esm	medium	118	2	65.4463	0.5871	AF-A0A7Y4TTR3-F1-model_v4_TED01
AF-A0A7Y4TTR3-F1-model_v4	AF-A0A7Y4TTR3-F1-model_v4_esm_TED02	esm	medium	57	1	63.8786	0.0118	
AF-A0A2G0YAJ6-F1-model_v4	AF-A0A2G0YAJ6-F1-model_v4_TED01	afdb	high	128	1	91.2119	1.0000	AF-A0A2G0YAJ6-F1-model_v4_TED01
AF-A0A2G0YAJ6-F1-model_v4	AF-A0A2G0YAJ6-F1-model_v4_TED02	afdb	high	66	1	89.0288	1.0000	AF-A0A2G0YAJ6-F1-model_v4_TED02
AF-A0A2G0YAJ6-F1-model_v4	AF-A0A2G0YAJ6-F1-model_v4_esm_TED01	esm	high	129	1	94.5914	0.9922	AF-A0A2G0YAJ6-F1-model_v4_TED01
AF-A0A2G0YAJ6-F1-model_v4	AF-A0A2G0YAJ6-F1-model_v4_esm_TED02	esm	high	68	1	93.6351	0.9706	AF-A0A2G0YAJ6-F1-model_v4_TED02
AF-A0A7L4RE36-F1-model_v4	AF-A0A7L4RE36-F1-model_v4_TED01	afdb	medium	41	1	90.7573	1.0000	AF-A0A7L4RE36-F1-model_v4_TED01
AF-A0A7L4RE36-F1-model_v4	AF-A0A7L4RE36-F1-model_v4_TED02	afdb	medium	35	1	89.5949	1.0000	AF-A0A7L4RE36-F1-model_v4_TED02
AF-A0A4Y3WNG4-F1-model_v4	AF-A0A4Y3WNG4-F1-model_v4_TED01	afdb	high	219	3	96.7123	1.0000	AF-A0A4Y3WNG4-F1-model_v4_TED01
AF-A0A4Y3WNG4-F1-model_v4	AF-A0A4Y3WNG4-F1-model_v4_TED02	afdb	high	143	2	94.2866	1.0000	AF-A0A4Y3WNG4-F1-model_v4_TED02
AF-A0A4Y3WNG4-F1-model_v4	AF-A0A4Y3WNG4-F1-model_v4_esm_TED01	esm	medium	242	3	97.0115	0.9050	AF-A0A4Y3WNG4-F1-model_v4_TED01
AF-A0A4Y3WNG4-F1-model_v4	AF-A0A4Y3WNG4-F1-model_v4_esm_TED02	esm	medium	141	2	92.3767	0.9860	AF-A0A4Y3WNG4-F1-model_v4_TED02
AF-A0A0P1FVT3-F1-model_v4	AF-A0A0P1FVT3-F1-model_v4_TED01	afdb	high	59	1	79.8214	1.0000	AF-A0A0P1FVT3-F1-model_v4_TED01
AF-A0A0P1FVT3-F1-model_v4	AF-A0A0P1FVT3-F1-model_v4_TED02	afdb	high	87	1	79.1993	1.0000	AF-A0A0P1FVT3-F1-model_v4_TED02
AF-A0A0P1FVT3-F1-model_v4	AF-A0A0P1FVT3-F1-model_v4_TED03	afdb	high	72	1	82.5183	1.0000	AF-A0A0P1FVT3-F1-model_v4_TED03
AF-A0A0P1FVT3-F1-model_v4	AF-A0A0P1FVT3-F1-model_v4_TED04	afdb	medium	101	1	78.5586	1.0000	AF-A0A0P1FVT3-F1-model_v4_TED04
AF-A0A0P1FVT3-F1-model_v4	AF-A0A0P1FVT3-F1-model_v4_TED05	afdb	medium	73	1	68.1607	1.0000	AF-A0A0P1FVT3-F1-model_v4_TED05
AF-A0A0P1FVT3-F1-model_v4	AF-A0A0P1FVT3-F1-model_v4_TED06	afdb	high	161	1	82.2792	1.0000	AF-A0A0P1FVT3-F1-model_v4_TED06
AF-A0A0P1FVT3-F1-model_v4	AF-A0A0P1FVT3-F1-model_v4_TED07	afdb	high	117	1	80.2194	1.0000	AF-A0A0P1FVT3-F1-model_v4_TED07
AF-A0A0P1FVT3-F1-model_v4	AF-A0A0P1FVT3-F1-model_v4_esm_TED01	esm	high	55	1	74.0804	0.8689	AF-A0A0P1FVT3-F1-model_v4_TED01
AF-A0A0P1FVT3-F1-model_v4	AF-A0A0P1FVT3-F1-model_v4_esm_TED02	esm	high	90	1	85.7244	0.9451	AF-A0A0P1FVT3-F1-model_v4_TED02
AF-A0A0P1FVT3-F1-model_v4	AF-A0A0P1FVT3-F1-model_v4_esm_TED03	esm	high	72	1	79.1843	1.0000	AF-A0A0P1FVT3-F1-model_v4_TED03
AF-A0A0P1FVT3-F1-model_v4	AF-A0A0P1FVT3-F1-model_v4_esm_TED04	esm	medium	97	1	90.0601	0.9604	AF-A0A0P1FVT3-F1-model_v4_TED04
AF-A0A0P1FVT3-F1-model_v4	AF-A0A0P1FVT3-F1-model_v4_esm_TED05	esm	medium	75	1	87.0016	0.9733	AF-A0A0P1FVT3-F1-model_v4_TED05
AF-A0A0P1FVT3-F1-model_v4	AF-A0A0P1FVT3-F1-model_v4_esm_TED06	esm	high	161	1	87.8449	1.0000	AF-A0A0P1FVT3-F1-model_v4_TED06
AF-A0A0P1FVT3-F1-model_v4	AF-A0A0P1FVT3-F1-model_v4_esm_TED07	esm	high	117	1	91.7281	1.0000	AF-A0A0P1FVT3-F1-model_v4_TED07
AF-A0A529NF24-F1-model_v4	AF-A0A529NF24-F1-model_v4_TED01	afdb	high	54	1	95.0174	1.0000	AF-A0A529NF24-F1-model_v4_TED01
AF-A0A529NF24-F1-model_v4	AF-A0A529NF24-F1-model_v4_TED02	afdb	high	50	1	93.452	1.0000	AF-A0A529NF24-F1-model_v4_TED02
AF-A0A529NF24-F1-model_v4	AF-A0A529NF24-F1-model_v4_esm_TED01	esm	high	59	1	87.9929	0.9153	AF-A0A529NF24-F1-model_v4_TED01
AF-A0A529NF24-F1-model_v4	AF-A0A529NF24-F1-model_v4_esm_TED02	esm	medium	58	1	88.1574	0.8621	AF-A0A529NF24-F1-model_v4_TED02
AF-A0A1E3BE78-F1-model_v4	AF-A0A1E3BE78-F1-model_v4_TED01	afdb	high	128	2	78.6068	1.0000	AF-A0A1E3BE78-F1-model_v4_TED01
AF-A0A1E3BE78-F1-model_v4	AF-A0A1E3BE78-F1-model_v4_TED02	afdb	high	127	2	79.1813	1.0000	AF-A0A1E3BE78-F1-model_v4_TED02
AF-A0A1E3BE78-F1-model_v4	AF-A0A1E3BE78-F1-model_v4_esm_TED01	esm	medium	99	3	71.9431	0.0000	
AF-A0A1E3BE78-F1-model_v4	AF-A0A1E3BE78-F1-model_v4_esm_TED02	esm	medium	127	2	92.8953	0.9922	AF-A0A1E3BE78-F1-model_v4_TED01
AF-A0A1E3BE78-F1-model_v4	AF-A0A1E3BE78-F1-model_v4_esm_TED03	esm	medium	134	2	91.9584	0.9051	AF-A0A1E3BE78-F1-model_v4_TED02
AF-A0A1E3BE78-F1-model_v4	AF-A0A1E3BE78-F1-model_v4_esm_TED04	esm	medium	214	3	89.6718	0.0000	
AF-A0A3A5VS80-F1-model_v4	AF-A0A3A5VS80-F1-model_v4_TED01	afdb	medium	214	3	94.0328	1.0000	AF-A0A3A5VS80-F1-model_v4_TED01
AF-A0A3A5VS80-F1-model_v4	AF-A0A3A5VS80-F1-model_v4_TED02	afdb	medium	45	1	76.6271	1.0000	AF-A0A3A5VS80-F1-model_v4_TED02
AF-A0A3A5VS80-F1-model_v4	AF-A0A3A5VS80-F1-model_v4_TED03	afdb	high	196	1	90.6027	1.0000	AF-A0A3A5VS80-F1-model_v4_TED03
AF-A0A3A5VS80-F1-model_v4	AF-A0A3A5VS80-F1-model_v4_TED04	afdb	medium	78	1	90.3787	1.0000	AF-A0A3A5VS80-F1-model_v4_TED04
AF-A0A3A5VS80-F1-model_v4	AF-A0A3A5VS80-F1-model_v4_TED05	afdb	high	113	1	96.1872	1.0000	AF-A0A3A5VS80-F1-model_v4_TED05
AF-A0A3A5VS80-F1-model_v4	AF-A0A3A5VS80-F1-model_v4_TED06	afdb	high	140	1	86.6772	1.0000	AF-A0A3A5VS80-F1-model_v4_TED06
AF-A0A3A5VS80-F1-model_v4	AF-A0A3A5VS80-F1-model_v4_esm_TED01	esm	high	170	2	95.759	0.8673	AF-A0A3A5VS80-F1-model_v4_TED03
AF-A0A3A5VS80-F1-model_v4	AF-A0A3A5VS80-F1-model_v4_esm_TED02	esm	medium	80	1	96.8569	0.9750	AF-A0A3A5VS80-F1-model_v4_TED04
AF-A0A3A5VS80-F1-model_v4	AF-A0A3A5VS80-F1-model_v4_esm_TED03	esm	high	113	1	96.8902	1.0000	AF-A0A3A5VS80-F1-model_v4_TED05
AF-A0A3A5VS80-F1-model_v4	AF-A0A3A5VS80-F1-model_v4_esm_TED04	esm	high	148	1	93.8645	0.9459	AF-A0A3A5VS80-F1-model_v4_TED06
AF-A0A7J0FWB5-F1-model_v4	AF-A0A7J0FWB5-F1-model_v4_TED01	afdb	medium	214	1	65.4565	1.0000	AF-A0A7J0FWB5-F1-model_v4_TED01
AF-A0A7J0FWB5-F1-model_v4	AF-A0A7J0FWB5-F1-model_v4_TED02	afdb	medium	137	2	69.8971	1.0000	AF-A0A7J0FWB5-F1-model_v4_TED02
AF-A0A7J0FWB5-F1-model_v4	AF-A0A7J0FWB5-F1-model_v4_esm_TED01	esm	medium	214	1	77.7463	1.0000	AF-A0A7J0FWB5-F1-model_v4_TED01
AF-A0A7J0FWB5-F1-model_v4	AF-A0A7J0FWB5-F1-model_v4_esm_TED02	esm	medium	154	1	81.2345	0.8896	AF-A0A7J0FWB5-F1-model_v4_TED02
AF-A0A535PET1-F1-model_v4	AF-A0A535PET1-F1-model_v4_TED01	afdb	high	236	1	96.2636	1.0000	AF-A0A535PET1-F1-model_v4_TED01
AF-A0A535PET1-F1-model_v4	AF-A0A535PET1-F1-model_v4_TED02	afdb	medium	363	1	95.962	1.0000	AF-A0A535PET1-F1-model_v4_TED02
AF-A0A535PET1-F1-model_v4	AF-A0A535PET1-F1-model_v4_TED03	afdb	high	85	1	95.0422	1.0000	AF-A0A535PET1-F1-model_v4_TED03
AF-A0A535PET1-F1-model_v4	AF-A0A535PET1-F1-model_v4_esm_TED01	esm	high	236	1	92.9275	0.9916	AF-A0A535PET1-F1-model_v4_TED01
AF-A0A535PET1-F1-model_v4	AF-A0A535PET1-F1-model_v4_esm_TED02	esm	medium	364	1	87.1833	0.9973	AF-A0A535PET1-F1-model_v4_TED02
AF-A0A535PET1-F1-model_v4	AF-A0A535PET1-F1-model_v4_esm_TED03	esm	high	85	1	92.4694	1.0000	AF-A0A535PET1-F1-model_v4_TED03
AF-A0A6M4A5T6-F1-model_v4	AF-A0A6M4A5T6-F1-model_v4_TED01	afdb	medium	201	1	94.8913	1.0000	AF-A0A6M4A5T6-F1-model_v4_TED01
AF-A0A6M4A5T6-F1-model_v4	AF-A0A6M4A5T6-F1-model_v4_TED02	afdb	medium	174	1	97.2046	1.0000	AF-A0A6M4A5T6-F1-model_v4_TED02
AF-A0A6M4A5T6-F1-model_v4	AF-A0A6M4A5T6-F1-model_v4_esm_TED01	esm	medium	189	1	97.4303	0.9403	AF-A0A6M4A5T6-F1-model_v4_TED01
AF-A0A6M4A5T6-F1-model_v4	AF-A0A6M4A5T6-F1-model_v4_esm_TED02	esm	medium	174	1	98.142	1.0000	AF-A0A6M4A5T6-F1-model_v4_TED02
AF-Q3B1Q3-F1-model_v4	AF-Q3B1Q3-F1-model_v4_TED01	afdb	high	60	1	86.2123	1.0000	AF-Q3B1Q3-F1-model_v4_TED01
AF-Q3B1Q3-F1-model_v4	AF-Q3B1Q3-F1-model_v4_TED02	afdb	medium	187	1	94.5743	1.0000	AF-Q3B1Q3-F1-model_v4_TED02
AF-Q3B1Q3-F1-model_v4	AF-Q3B1Q3-F1-model_v4_esm_TED01	esm	high	64	1	91.1228	0.9375	AF-Q3B1Q3-F1-model_v4_TED01
AF-Q3B1Q3-F1-model_v4	AF-Q3B1Q3-F1-model_v4_esm_TED02	esm	high	157	1	97.2786	0.8396	AF-Q3B1Q3-F1-model_v4_TED02
AF-A0A2E1V4A6-F1-model_v4	AF-A0A2E1V4A6-F1-model_v4_TED01	afdb	medium	112	2	96.9367	1.0000	AF-A0A2E1V4A6-F1-model_v4_TED01
AF-A0A2E1V4A6-F1-model_v4	AF-A0A2E1V4A6-F1-model_v4_TED02	afdb	medium	108	1	95.5979	1.0000	AF-A0A2E1V4A6-F1-model_v4_TED02
AF-A0A2E1V4A6-F1-model_v4	AF-A0A2E1V4A6-F1-model_v4_esm_TED01	esm	medium	111	2	96.2074	0.9911	AF-A0A2E1V4A6-F1-model_v4_TED01
AF-A0A2E1V4A6-F1-model_v4	AF-A0A2E1V4A6-F1-model_v4_esm_TED02	esm	medium	112	1	96.6782	0.9643	AF-A0A2E1V4A6-F1-model_v4_TED02
AF-A0A523YNB4-F1-model_v4	AF-A0A523YNB4-F1-model_v4_TED01	afdb	medium	38	1	79.2211	1.0000	AF-A0A523YNB4-F1-model_v4_TED01
AF-A0A523YNB4-F1-model_v4	AF-A0A523YNB4-F1-model_v4_TED02	afdb	high	185	1	79.9666	1.0000	AF-A0A523YNB4-F1-model_v4_TED02
AF-A0A523YNB4-F1-model_v4	AF-A0A523YNB4-F1-model_v4_esm_TED01	esm	medium	38	1	97.62	1.0000	AF-A0A523YNB4-F1-model_v4_TED01
AF-A0A523YNB4-F1-model_v4	AF-A0A523YNB4-F1-model_v4_esm_TED02	esm	high	184	1	96.5197	0.9524	AF-A0A523YNB4-F1-model_v4_TED02
AF-A0A523YNB4-F1-model_v4	AF-A0A523YNB4-F1-model_v4_esm_TED03	esm	medium	176	2	97.7812	0.0000	
AF-A0A4R4P4P0-F1-model_v4	AF-A0A4R4P4P0-F1-model_v4_TED01	afdb	high	137	1	87.7469	1.0000	AF-A0A4R4P4P0-F1-model_v4_TED01
AF-A0A4R4P4P0-F1-model_v4	AF-A0A4R4P4P0-F1-model_v4_TED02	afdb	high	56	1	89.3709	1.0000	AF-A0A4R4P4P0-F1-model_v4_TED02
AF-A0A4R4P4P0-F1-model_v4	AF-A0A4R4P4P0-F1-model_v4_esm_TED01	esm	high	137	1	95.891	1.0000	AF-A0A4R4P4P0-F1-model_v4_TED01
AF-A0A4R4P4P0-F1-model_v4	AF-A0A4R4P4P0-F1-model_v4_esm_TED02	esm	high	56	1	97.8936	1.0000	AF-A0A4R4P4P0-F1-model_v4_TED02
AF-A0A6J1BI78-F1-model_v4	AF-A0A6J1BI78-F1-model_v4_TED01	afdb	high	49	1	96.8678	1.0000	AF-A0A6J1BI78-F1-model_v4_TED01
AF-A0A6J1BI78-F1-model_v4	AF-A0A6J1BI78-F1-model_v4_esm_TED01	esm	medium	54	1	91.9354	0.9074	AF-A0A6J1BI78-F1-model_v4_TED01
AF-A0A6I3KH73-F1-model_v4	AF-A0A6I3KH73-F1-model_v4_TED01	afdb	high	57	1	92.2433	1.0000	AF-A0A6I3KH73-F1-model_v4_TED01
AF-A0A6I3KH73-F1-model_v4	AF-A0A6I3KH73-F1-model_v4_esm_TED01	esm	high	63	1	74.1003	0.9048	AF-A0A6I3KH73-F1-model_v4_TED01
AF-A0A285RG70-F1-model_v4	AF-A0A285RG70-F1-model_v4_TED01	afdb	high	101	2	96.1287	1.0000	AF-A0A285RG70-F1-model_v4_TED01
AF-A0A022KYR2-F1-model_v4	AF-A0A022KYR2-F1-model_v4_TED01	afdb	medium	165	1	95.4902	1.0000	AF-A0A022KYR2-F1-model_v4_TED01
AF-A0A022KYR2-F1-model_v4	AF-A0A022KYR2-F1-model_v4_TED02	afdb	medium	112	1	97.0208	1.0000	AF-A0A022KYR2-F1-model_v4_TED02
AF-A0A022KYR2-F1-model_v4	AF-A0A022KYR2-F1-model_v4_esm_TED01	esm	medium	325	1	94.6576	0.5031	AF-A0A022KYR2-F1-model_v4_TED01
AF-A0A418KTT9-F1-model_v4	AF-A0A418KTT9-F1-model_v4_TED01	afdb	high	141	1	95.8962	1.0000	AF-A0A418KTT9-F1-model_v4_TED01
AF-A0A418KTT9-F1-model_v4	AF-A0A418KTT9-F1-model_v4_esm_TED01	esm	high	141	1	95.6253	1.0000	AF-A0A418KTT9-F1-model_v4_TED01
AF-A0A2V7ZMX9-F1-model_v4	AF-A0A2V7ZMX9-F1-model_v4_TED01	afdb	high	205	3	95.0012	1.0000	AF-A0A2V7ZMX9-F1-model_v4_TED01
AF-A0A2V7ZMX9-F1-model_v4	AF-A0A2V7ZMX9-F1-model_v4_TED02	afdb	medium	270	3	92.4013	1.0000	AF-A0A2V7ZMX9-F1-model_v4_TED02
AF-A0A2V7ZMX9-F1-model_v4	AF-A0A2V7ZMX9-F1-model_v4_esm_TED01	esm	high	206	3	92.2419	0.9855	AF-A0A2V7ZMX9-F1-model_v4_TED01
AF-A0A2V7ZMX9-F1-model_v4	AF-A0A2V7ZMX9-F1-model_v4_esm_TED02	esm	high	121	1	89.6601	0.4481	AF-A0A2V7ZMX9-F1-model_v4_TED02
AF-A0A2V7ZMX9-F1-model_v4	AF-A0A2V7ZMX9-F1-model_v4_esm_TED03	esm	high	132	1	91.6198	0.4056	
AF-A0A265UVA7-F1-model_v4	AF-A0A265UVA7-F1-model_v4_TED01	afdb	high	209	2	94.8942	1.0000	AF-A0A265UVA7-F1-model_v4_TED01
AF-A0A265UVA7-F1-model_v4	AF-A0A265UVA7-F1-model_v4_TED02	afdb	high	147	1	96.8427	1.0000	AF-A0A265UVA7-F1-model_v4_TED02
AF-A0A265UVA7-F1-model_v4	AF-A0A265UVA7-F1-model_v4_esm_TED01	esm	medium	223	2	96.6194	0.9372	AF-A0A265UVA7-F1-model_v4_TED01
AF-A0A265UVA7-F1-model_v4	AF-A0A265UVA7-F1-model_v4_esm_TED02	esm	high	153	1	97.0477	0.9608	AF-A0A265UVA7-F1-model_v4_TED02
AF-A0A452J0X2-F1-model_v4	AF-A0A452J0X2-F1-model_v4_TED01	afdb	high	112	1	92.8566	1.0000	AF-A0A452J0X2-F1-model_v4_TED01
AF-A0A452J0X2-F1-model_v4	AF-A0A452J0X2-F1-model_v4_esm_TED01	esm	high	110	1	87.8655	0.9821	AF-A0A452J0X2-F1-model_v4_TED01
AF-A0A4S4FLV4-F1-model_v4	AF-A0A4S4FLV4-F1-model_v4_TED01	afdb	high	108	1	91.644	1.0000	AF-A0A4S4FLV4-F1-model_v4_TED01
AF-A0A4S4FLV4-F1-model_v4	AF-A0A4S4FLV4-F1-model_v4_esm_TED01	esm	high	117	1	83.0728	0.9231	AF-A0A4S4FLV4-F1-model_v4_TED01
AF-X1P4A3-F1-model_v4	AF-X1P4A3-F1-model_v4_TED01	afdb	high	192	1	97.0432	1.0000	AF-X1P4A3-F1-model_v4_TED01
AF-X1P4A3-F1-model_v4	AF-X1P4A3-F1-model_v4_esm_TED01	esm	medium	192	1	95.3417	1.0000	AF-X1P4A3-F1-model_v4_TED01
AF-A0A542UVN6-F1-model_v4	AF-A0A542UVN6-F1-model_v4_TED01	afdb	high	194	2	97.2383	1.0000	AF-A0A542UVN6-F1-model_v4_TED01
AF-A0A542UVN6-F1-model_v4	AF-A0A542UVN6-F1-model_v4_TED02	afdb	high	111	1	96.2749	1.0000	AF-A0A542UVN6-F1-model_v4_TED02
AF-A0A542UVN6-F1-model_v4	AF-A0A542UVN6-F1-model_v4_esm_TED01	esm	high	192	2	97.0672	0.9897	AF-A0A542UVN6-F1-model_v4_TED01
AF-A0A542UVN6-F1-model_v4	AF-A0A542UVN6-F1-model_v4_esm_TED02	esm	high	112	1	95.6692	0.9911	AF-A0A542UVN6-F1-model_v4_TED02
AF-A0A7X2IYG6-F1-model_v4	AF-A0A7X2IYG6-F1-model_v4_TED01	afdb	high	196	2	87.5679	1.0000	AF-A0A7X2IYG6-F1-model_v4_TED01
AF-A0A7X2IYG6-F1-model_v4	AF-A0A7X2IYG6-F1-model_v4_esm_TED01	esm	high	179	3	88.9745	0.9036	AF-A0A7X2IYG6-F1-model_v4_TED01
AF-A0A5J4UKQ6-F1-model_v4	AF-A0A5J4UKQ6-F1-model_v4_TED01	afdb	medium	74	1	69.2668	1.0000	AF-A0A5J4UKQ6-F1-model_v4_TED01
AF-A0A5J4UKQ6-F1-model_v4	AF-A0A5J4UKQ6-F1-model_v4_esm_TED01	esm	medium	46	1	39.8687	0.3043	
AF-A0A5J4UKQ6-F1-model_v4	AF-A0A5J4UKQ6-F1-model_v4_esm_TED02	esm	medium	44	1	63.5168	0.5946	AF-A0A5J4UKQ6-F1-model_v4_TED01
AF-A0A2Z6NUR2-F1-model_v4	AF-A0A2Z6NUR2-F1-model_v4_TED01	afdb	medium	336	2	94.1358	1.0000	AF-A0A2Z6NUR2-F1-model_v4_TED01
AF-A0A2Z6NUR2-F1-model_v4	AF-A0A2Z6NUR2-F1-model_v4_TED02	afdb	medium	47	1	83.9613	1.0000	AF-A0A2Z6NUR2-F1-model_v4_TED02
AF-A0A2Z6NUR2-F1-model_v4	AF-A0A2Z6NUR2-F1-model_v4_esm_TED01	esm	medium	358	1	86.5427	0.8808	AF-A0A2Z6NUR2-F1-model_v4_TED01
AF-A0A2Z6NUR2-F1-model_v4	AF-A0A2Z6NUR2-F1-model_v4_esm_TED02	esm	high	57	1	80.7519	0.6774	AF-A0A2Z6NUR2-F1-model_v4_TED02
AF-A0A813FQL8-F1-model_v4	AF-A0A813FQL8-F1-model_v4_TED01	afdb	high	76	1	74.1941	1.0000	AF-A0A813FQL8-F1-model_v4_TED01
AF-A0A813FQL8-F1-model_v4	AF-A0A813FQL8-F1-model_v4_TED02	afdb	high	117	1	71.599	1.0000	AF-A0A813FQL8-F1-model_v4_TED02
AF-A0A813FQL8-F1-model_v4	AF-A0A813FQL8-F1-model_v4_TED03	afdb	high	84	1	74.0975	1.0000	AF-A0A813FQL8-F1-model_v4_TED03
AF-A0A813FQL8-F1-model_v4	AF-A0A813FQL8-F1-model_v4_esm_TED01	esm	high	101	1	62.7295	0.7525	AF-A0A813FQL8-F1-model_v4_TED01
AF-A0A813FQL8-F1-model_v4	AF-A0A813FQL8-F1-model_v4_esm_TED02	esm	high	98	2	56.1282	0.8376	AF-A0A813FQL8-F1-model_v4_TED02
AF-A0A813FQL8-F1-model_v4	AF-A0A813FQL8-F1-model_v4_esm_TED03	esm	high	96	1	73.9859	0.8182	AF-A0A813FQL8-F1-model_v4_TED03
AF-A0A6J0X9F5-F1-model_v4	AF-A0A6J0X9F5-F1-model_v4_TED01	afdb	medium	142	2	91.5138	1.0000	AF-A0A6J0X9F5-F1-model_v4_TED01
AF-A0A6J0X9F5-F1-model_v4	AF-A0A6J0X9F5-F1-model_v4_TED02	afdb	medium	251	1	97.5957	1.0000	AF-A0A6J0X9F5-F1-model_v4_TED02
AF-A0A6J0X9F5-F1-model_v4	AF-A0A6J0X9F5-F1-model_v4_esm_TED01	esm	high	140	2	75.3892	0.9583	AF-A0A6J0X9F5-F1-model_v4_TED01
AF-A0A6J0X9F5-F1-model_v4	AF-A0A6J0X9F5-F1-model_v4_esm_TED02	esm	high	253	1	76.1614	0.9921	AF-A0A6J0X9F5-F1-model_v4_TED02
AF-A0A257Q4E5-F1-model_v4	AF-A0A257Q4E5-F1-model_v4_TED01	afdb	high	78	1	44.5131	1.0000	AF-A0A257Q4E5-F1-model_v4_TED01
AF-A0A257Q4E5-F1-model_v4	AF-A0A257Q4E5-F1-model_v4_esm_TED01	esm	high	82	1	70.3978	0.9512	AF-A0A257Q4E5-F1-model_v4_TED01
AF-A0A2V7BPB6-F1-model_v4	AF-A0A2V7BPB6-F1-model_v4_TED01	afdb	high	67	1	72.5531	1.0000	AF-A0A2V7BPB6-F1-model_v4_TED01
AF-A0A2V7BPB6-F1-model_v4	AF-A0A2V7BPB6-F1-model_v4_esm_TED01	esm	high	81	1	51.4363	0.8272	AF-A0A2V7BPB6-F1-model_v4_TED01
AF-M0HI58-F1-model_v4	AF-M0HI58-F1-model_v4_TED01	afdb	high	137	1	95.7001	1.0000	AF-M0HI58-F1-model_v4_TED01
AF-M0HI58-F1-model_v4	AF-M0HI58-F1-model_v4_esm_TED01	esm	high	137	1	90.9377	1.0000	AF-M0HI58-F1-model_v4_TED01
AF-A0A2W2ME94-F1-model_v4	AF-A0A2W2ME94-F1-model_v4_TED01	afdb	high	136	1	92.3036	1.0000	AF-A0A2W2ME94-F1-model_v4_TED01
AF-A0A2W2ME94-F1-model_v4	AF-A0A2W2ME94-F1-model_v4_esm_TED01	esm	high	139	1	89.3877	0.9784	AF-A0A2W2ME94-F1-model_v4_TED01
AF-A0A7W8AEE1-F1-model_v4	AF-A0A7W8AEE1-F1-model_v4_TED01	afdb	high	136	1	96.1113	1.0000	AF-A0A7W8AEE1-F1-model_v4_TED01
AF-A0A7W8AEE1-F1-model_v4	AF-A0A7W8AEE1-F1-model_v4_esm_TED01	esm	medium	133	1	89.7208	0.9779	AF-A0A7W8AEE1-F1-model_v4_TED01
AF-A0A2A4R5M1-F1-model_v4	AF-A0A2A4R5M1-F1-model_v4_TED01	afdb	high	188	1	83.4029	1.0000	AF-A0A2A4R5M1-F1-model_v4_TED01
AF-A0A2A4R5M1-F1-model_v4	AF-A0A2A4R5M1-F1-model_v4_TED02	afdb	medium	87	1	83.5325	1.0000	AF-A0A2A4R5M1-F1-model_v4_TED02
AF-A0A2A4R5M1-F1-model_v4	AF-A0A2A4R5M1-F1-model_v4_esm_TED01	esm	medium	170	1	91.1825	0.9043	AF-A0A2A4R5M1-F1-model_v4_TED01
AF-A0A3M7MN02-F1-model_v4	AF-A0A3M7MN02-F1-model_v4_TED01	afdb	medium	39	1	96.28	1.0000	AF-A0A3M7MN02-F1-model_v4_TED01
AF-A0A3M7MN02-F1-model_v4	AF-A0A3M7MN02-F1-model_v4_esm_TED01	esm	high	57	1	73.8428	0.6842	AF-A0A3M7MN02-F1-model_v4_TED01
AF-A0A7K3FXE2-F1-model_v4	AF-A0A7K3FXE2-F1-model_v4_TED01	afdb	high	172	1	93.3012	1.0000	AF-A0A7K3FXE2-F1-model_v4_TED01
AF-A0A7K3FXE2-F1-model_v4	AF-A0A7K3FXE2-F1-model_v4_esm_TED01	esm	high	56	1	95.0752	0.0000	
AF-A0A7K3FXE2-F1-model_v4	AF-A0A7K3FXE2-F1-model_v4_esm_TED02	esm	high	225	1	97.9167	0.7644	AF-A0A7K3FXE2-F1-model_v4_TED01
AF-U2EBZ4-F1-model_v4	AF-U2EBZ4-F1-model_v4_TED01	afdb	medium	191	1	93.6936	1.0000	AF-U2EBZ4-F1-model_v4_TED01
AF-U2EBZ4-F1-model_v4	AF-U2EBZ4-F1-model_v4_TED02	afdb	medium	180	1	93.8513	1.0000	AF-U2EBZ4-F1-model_v4_TED02
AF-U2EBZ4-F1-model_v4	AF-U2EBZ4-F1-model_v4_esm_TED01	esm	medium	189	1	92.8399	0.9895	AF-U2EBZ4-F1-model_v4_TED01
AF-U2EBZ4-F1-model_v4	AF-U2EBZ4-F1-model_v4_esm_TED02	esm	medium	182	1	96.1409	0.9890	AF-U2EBZ4-F1-model_v4_TED02
AF-A0A5P9IPF5-F1-model_v4	AF-A0A5P9IPF5-F1-model_v4_TED01	afdb	high	84	1	89.5617	1.0000	AF-A0A5P9IPF5-F1-model_v4_TED01
AF-A0A5P9IPF5-F1-model_v4	AF-A0A5P9IPF5-F1-model_v4_TED02	afdb	medium	94	2	91.741	1.0000	AF-A0A5P9IPF5-F1-model_v4_TED02
AF-A0A5P9IPF5-F1-model_v4	AF-A0A5P9IPF5-F1-model_v4_TED03	afdb	medium	102	1	93.8937	1.0000	AF-A0A5P9IPF5-F1-model_v4_TED03
AF-A0A5P9IPF5-F1-model_v4	AF-A0A5P9IPF5-F1-model_v4_esm_TED01	esm	high	85	1	92.5311	0.9882	AF-A0A5P9IPF5-F1-model_v4_TED01
AF-A0A5P9IPF5-F1-model_v4	AF-A0A5P9IPF5-F1-model_v4_esm_TED02	esm	medium	93	2	91.1066	0.9684	AF-A0A5P9IPF5-F1-model_v4_TED02
AF-A0A5P9IPF5-F1-model_v4	AF-A0A5P9IPF5-F1-model_v4_esm_TED03	esm	medium	103	1	91.134	0.9903	AF-A0A5P9IPF5-F1-model_v4_TED03
AF-A0A534LNZ3-F1-model_v4	AF-A0A534LNZ3-F1-model_v4_TED01	afdb	medium	183	1	95.5977	1.0000	AF-A0A534LNZ3-F1-model_v4_TED01
AF-A0A534LNZ3-F1-model_v4	AF-A0A534LNZ3-F1-model_v4_esm_TED01	esm	medium	183	1	91.6396	1.0000	AF-A0A534LNZ3-F1-model_v4_TED01
AF-A0A661S521-F1-model_v4	AF-A0A661S521-F1-model_v4_TED01	afdb	high	137	1	83.0088	1.0000	AF-A0A661S521-F1-model_v4_TED01
AF-A0A661S521-F1-model_v4	AF-A0A661S521-F1-model_v4_TED02	afdb	medium	36	1	80.0853	1.0000	AF-A0A661S521-F1-model_v4_TED02
AF-A0A661S521-F1-model_v4	AF-A0A661S521-F1-model_v4_esm_TED01	esm	high	138	1	88.0706	0.9928	AF-A0A661S521-F1-model_v4_TED01
AF-A0A661S521-F1-model_v4	AF-A0A661S521-F1-model_v4_esm_TED02	esm	medium	36	1	90.8981	1.0000	AF-A0A661S521-F1-model_v4_TED02
AF-A0A345NQU6-F1-model_v4	AF-A0A345NQU6-F1-model_v4_TED01	afdb	medium	52	1	83.1567	1.0000	AF-A0A345NQU6-F1-model_v4_TED01
AF-A0A345NQU6-F1-model_v4	AF-A0A345NQU6-F1-model_v4_esm_TED01	esm	medium	61	1	79.7285	0.7656	AF-A0A345NQU6-F1-model_v4_TED01
AF-A0A2N3XQS4-F1-model_v4	AF-A0A2N3XQS4-F1-model_v4_TED01	afdb	medium	213	1	92.5373	1.0000	AF-A0A2N3XQS4-F1-model_v4_TED01
AF-A0A2N3XQS4-F1-model_v4	AF-A0A2N3XQS4-F1-model_v4_TED02	afdb	high	100	1	88.2058	1.0000	AF-A0A2N3XQS4-F1-model_v4_TED02
AF-A0A2N3XQS4-F1-model_v4	AF-A0A2N3XQS4-F1-model_v4_esm_TED01	esm	high	281	1	92.2314	0.7580	AF-A0A2N3XQS4-F1-model_v4_TED01
AF-A0A2N3XQS4-F1-model_v4	AF-A0A2N3XQS4-F1-model_v4_esm_TED02	esm	high	100	1	97.152	1.0000	AF-A0A2N3XQS4-F1-model_v4_TED02
AF-A0A536BJM8-F1-model_v4	AF-A0A536BJM8-F1-model_v4_TED01	afdb	high	126	2	91.5018	1.0000	AF-A0A536BJM8-F1-model_v4_TED01
AF-A0A536BJM8-F1-model_v4	AF-A0A536BJM8-F1-model_v4_TED02	afdb	high	52	1	94.2958	1.0000	AF-A0A536BJM8-F1-model_v4_TED02
AF-A0A536BJM8-F1-model_v4	AF-A0A536BJM8-F1-model_v4_TED03	afdb	high	68	1	93.6791	1.0000	AF-A0A536BJM8-F1-model_v4_TED03
AF-A0A536BJM8-F1-model_v4	AF-A0A536BJM8-F1-model_v4_esm_TED01	esm	high	126	2	95.6363	1.0000	AF-A0A536BJM8-F1-model_v4_TED01
AF-A0A536BJM8-F1-model_v4	AF-A0A536BJM8-F1-model_v4_esm_TED02	esm	high	52	1	95.9002	1.0000	AF-A0A536BJM8-F1-model_v4_TED02
AF-A0A536BJM8-F1-model_v4	AF-A0A536BJM8-F1-model_v4_esm_TED03	esm	high	68	1	97.286	1.0000	AF-A0A536BJM8-F1-model_v4_TED03
AF-A0A6P5XYE0-F1-model_v4	AF-A0A6P5XYE0-F1-model_v4_TED01	afdb	high	152	1	78.8806	1.0000	AF-A0A6P5XYE0-F1-model_v4_TED01
AF-A0A6P5XYE0-F1-model_v4	AF-A0A6P5XYE0-F1-model_v4_esm_TED01	esm	medium	152	1	67.1177	1.0000	AF-A0A6P5XYE0-F1-model_v4_TED01
AF-A0A401Y8Z3-F1-model_v4	AF-A0A401Y8Z3-F1-model_v4_TED01	afdb	high	232	1	95.7413	1.0000	AF-A0A401Y8Z3-F1-model_v4_TED01
AF-A0A401Y8Z3-F1-model_v4	AF-A0A401Y8Z3-F1-model_v4_esm_TED01	esm	high	231	1	95.3109	0.9957	AF-A0A401Y8Z3-F1-model_v4_TED01
AF-A0A3Q1GTT4-F1-model_v4	AF-A0A3Q1GTT4-F1-model_v4_TED01	afdb	high	115	1	80.6786	1.0000	AF-A0A3Q1GTT4-F1-model_v4_TED01
AF-A0A3Q1GTT4-F1-model_v4	AF-A0A3Q1GTT4-F1-model_v4_esm_TED01	esm	high	114	1	84.2716	0.9913	AF-A0A3Q1GTT4-F1-model_v4_TED01
AF-C1JJA5-F1-model_v4	AF-C1JJA5-F1-model_v4_TED01	afdb	medium	54	1	96.4359	1.0000	AF-C1JJA5-F1-model_v4_TED01
AF-C1JJA5-F1-model_v4	AF-C1JJA5-F1-model_v4_TED02	afdb	high	162	1	94.8085	1.0000	AF-C1JJA5-F1-model_v4_TED02
AF-C1JJA5-F1-model_v4	AF-C1JJA5-F1-model_v4_esm_TED01	esm	medium	52	1	97.2496	0.9630	AF-C1JJA5-F1-model_v4_TED01
AF-C1JJA5-F1-model_v4	AF-C1JJA5-F1-model_v4_esm_TED02	esm	high	161	1	92.5688	0.9938	AF-C1JJA5-F1-model_v4_TED02
